bid_id,requisition_id,vendor_id,bid_amount,submitted_date,responsive_flag
BID-2024-000001,PR-2024-00767,PRC-VND-0058,36611000.0,2024-08-16,True
BID-2024-000002,PR-2024-00767,PRC-VND-0028,33949000.0,2024-08-21,True
BID-2024-000003,PR-2024-00767,PRC-VND-0013,35904000.0,2024-08-16,False
BID-2024-000004,PR-2024-00670,PRC-VND-0043,26620000.0,2024-08-21,True
BID-2024-000005,PR-2024-00670,PRC-VND-0108,21046000.0,2024-08-14,True
BID-2024-000006,PR-2024-00670,PRC-VND-0073,26196000.0,2024-08-21,False
BID-2024-000007,PR-2024-00670,PRC-VND-0008,26356000.0,2024-08-20,True
BID-2024-000008,PR-2024-00670,PRC-VND-0013,26822000.0,2024-08-15,True
BID-2024-000009,PR-2024-00670,PRC-VND-0118,23902000.0,2024-08-14,True
BID-2024-000010,PR-2024-00796,PRC-VND-0067,17551000.0,2024-08-23,True
BID-2024-000011,PR-2024-00796,PRC-VND-0047,16929000.0,2024-08-19,True
BID-2024-000012,PR-2024-00796,PRC-VND-0097,17962000.0,2024-08-23,False
BID-2024-000013,PR-2024-00574,PRC-VND-0081,23450000.0,2024-08-24,True
BID-2024-000014,PR-2024-00574,PRC-VND-0051,24584000.0,2024-08-24,False
BID-2024-000015,PR-2024-00574,PRC-VND-0046,28694000.0,2024-09-01,True
BID-2024-000016,PR-2024-00574,PRC-VND-0071,29128000.0,2024-08-25,True
BID-2024-000017,PR-2024-00574,PRC-VND-0061,28347000.0,2024-08-28,True
BID-2024-000018,PR-2024-00148,PRC-VND-0060,1798000.0,2024-08-24,False
BID-2024-000019,PR-2024-00148,PRC-VND-0115,2063000.0,2024-08-26,False
BID-2024-000020,PR-2024-00148,PRC-VND-0050,1844000.0,2024-08-24,True
BID-2024-000021,PR-2024-00148,PRC-VND-0085,2369000.0,2024-08-30,True
BID-2024-000022,PR-2024-00784,PRC-VND-0011,4555000.0,2024-08-29,True
BID-2024-000023,PR-2024-00784,PRC-VND-0101,4970000.0,2024-08-22,True
BID-2024-000024,PR-2024-00784,PRC-VND-0051,4052000.0,2024-08-24,True
BID-2024-000025,PR-2024-00784,PRC-VND-0081,4070000.0,2024-08-25,True
BID-2024-000026,PR-2024-00784,PRC-VND-0111,4467000.0,2024-08-23,True
BID-2024-000027,PR-2024-00784,PRC-VND-0066,4705000.0,2024-08-26,True
BID-2024-000028,PR-2024-00307,PRC-VND-0116,22239000.0,2024-09-03,True
BID-2024-000029,PR-2024-00307,PRC-VND-0071,25477000.0,2024-08-30,True
BID-2024-000030,PR-2024-00307,PRC-VND-0006,25269000.0,2024-08-31,True
BID-2024-000031,PR-2024-00307,PRC-VND-0061,21202000.0,2024-09-05,True
BID-2024-000032,PR-2024-00675,PRC-VND-0111,2281000.0,2024-09-04,True
BID-2024-000033,PR-2024-00675,PRC-VND-0011,2683000.0,2024-08-31,True
BID-2024-000034,PR-2024-00675,PRC-VND-0031,2716000.0,2024-08-30,True
BID-2024-000035,PR-2024-00675,PRC-VND-0006,2696000.0,2024-09-02,True
BID-2024-000036,PR-2024-00133,PRC-VND-0111,35949000.0,2024-08-30,True
BID-2024-000037,PR-2024-00133,PRC-VND-0081,38568000.0,2024-08-31,True
BID-2024-000038,PR-2024-00133,PRC-VND-0106,33309000.0,2024-09-02,True
BID-2024-000039,PR-2024-00347,PRC-VND-0032,24332000.0,2024-08-25,False
BID-2024-000040,PR-2024-00347,PRC-VND-0012,20079000.0,2024-08-25,False
BID-2024-000041,PR-2024-00347,PRC-VND-0102,24745000.0,2024-08-26,False
BID-2024-000042,PR-2024-00347,PRC-VND-0057,23554000.0,2024-08-29,False
BID-2024-000043,PR-2024-00634,PRC-VND-0052,30600000.0,2024-08-30,True
BID-2024-000044,PR-2024-00634,PRC-VND-0007,33162000.0,2024-09-04,False
BID-2024-000045,PR-2024-00634,PRC-VND-0062,27794000.0,2024-09-04,True
BID-2024-000046,PR-2024-00029,PRC-VND-0049,21007000.0,2024-08-27,True
BID-2024-000047,PR-2024-00029,PRC-VND-0024,25293000.0,2024-08-26,True
BID-2024-000048,PR-2024-00029,PRC-VND-0059,24531000.0,2024-08-27,False
BID-2024-000049,PR-2024-00387,PRC-VND-0062,37232000.0,2024-09-03,True
BID-2024-000050,PR-2024-00387,PRC-VND-0077,39736000.0,2024-08-28,True
BID-2024-000051,PR-2024-00387,PRC-VND-0087,37922000.0,2024-09-01,False
BID-2024-000052,PR-2024-00387,PRC-VND-0012,40520000.0,2024-08-31,False
BID-2024-000053,PR-2024-00378,PRC-VND-0026,16088000.0,2024-08-30,True
BID-2024-000054,PR-2024-00378,PRC-VND-0041,17522000.0,2024-08-23,True
BID-2024-000055,PR-2024-00378,PRC-VND-0051,15326000.0,2024-08-25,True
BID-2024-000056,PR-2024-00507,PRC-VND-0101,35035000.0,2024-09-12,True
BID-2024-000057,PR-2024-00507,PRC-VND-0061,36026000.0,2024-09-11,True
BID-2024-000058,PR-2024-00507,PRC-VND-0021,33870000.0,2024-09-11,True
BID-2024-000059,PR-2024-00507,PRC-VND-0056,30035000.0,2024-09-13,False
BID-2024-000060,PR-2024-00507,PRC-VND-0086,38511000.0,2024-09-14,True
BID-2024-000061,PR-2024-00507,PRC-VND-0046,35737000.0,2024-09-14,True
BID-2024-000062,PR-2024-00684,PRC-VND-0016,13105000.0,2024-09-06,False
BID-2024-000063,PR-2024-00684,PRC-VND-0091,15272000.0,2024-09-02,True
BID-2024-000064,PR-2024-00684,PRC-VND-0076,14312000.0,2024-09-02,True
BID-2024-000065,PR-2024-00684,PRC-VND-0106,12740000.0,2024-09-04,False
BID-2024-000066,PR-2024-00684,PRC-VND-0086,13671000.0,2024-08-30,True
BID-2024-000067,PR-2024-00684,PRC-VND-0066,13090000.0,2024-09-03,True
BID-2024-000068,PR-2024-00747,PRC-VND-0071,26774000.0,2024-09-08,True
BID-2024-000069,PR-2024-00747,PRC-VND-0056,22815000.0,2024-08-31,True
BID-2024-000070,PR-2024-00747,PRC-VND-0091,23187000.0,2024-09-05,True
BID-2024-000071,PR-2024-00747,PRC-VND-0066,23376000.0,2024-09-04,True
BID-2024-000072,PR-2024-00185,PRC-VND-0069,27409000.0,2024-09-02,True
BID-2024-000073,PR-2024-00185,PRC-VND-0034,24487000.0,2024-08-30,True
BID-2024-000074,PR-2024-00185,PRC-VND-0004,24889000.0,2024-09-02,True
BID-2024-000075,PR-2024-00185,PRC-VND-0054,28762000.0,2024-09-03,False
BID-2024-000076,PR-2024-00398,PRC-VND-0011,4594000.0,2024-09-10,True
BID-2024-000077,PR-2024-00398,PRC-VND-0086,3513000.0,2024-09-10,True
BID-2024-000078,PR-2024-00398,PRC-VND-0056,4585000.0,2024-09-14,True
BID-2024-000079,PR-2024-00398,PRC-VND-0101,3436000.0,2024-09-13,True
BID-2024-000080,PR-2024-00398,PRC-VND-0116,3802000.0,2024-09-13,False
BID-2024-000081,PR-2024-00183,PRC-VND-0058,13419000.0,2024-09-10,True
BID-2024-000082,PR-2024-00183,PRC-VND-0018,16086000.0,2024-09-11,True
BID-2024-000083,PR-2024-00183,PRC-VND-0078,17040000.0,2024-09-04,True
BID-2024-000084,PR-2024-00313,PRC-VND-0071,37438000.0,2024-09-05,True
BID-2024-000085,PR-2024-00313,PRC-VND-0111,40480000.0,2024-09-03,True
BID-2024-000086,PR-2024-00313,PRC-VND-0011,35731000.0,2024-08-30,False
BID-2024-000087,PR-2024-00313,PRC-VND-0061,33249000.0,2024-09-03,True
BID-2024-000088,PR-2024-00527,PRC-VND-0040,16303000.0,2024-09-11,True
BID-2024-000089,PR-2024-00527,PRC-VND-0065,15400000.0,2024-09-16,True
BID-2024-000090,PR-2024-00527,PRC-VND-0115,18928000.0,2024-09-10,True
BID-2024-000091,PR-2024-00527,PRC-VND-0110,15818000.0,2024-09-13,True
BID-2024-000092,PR-2024-00527,PRC-VND-0080,17415000.0,2024-09-16,True
BID-2024-000093,PR-2024-00527,PRC-VND-0010,17331000.0,2024-09-09,True
BID-2024-000094,PR-2024-00764,PRC-VND-0093,12239000.0,2024-09-11,False
BID-2024-000095,PR-2024-00764,PRC-VND-0013,10256000.0,2024-09-08,True
BID-2024-000096,PR-2024-00764,PRC-VND-0068,12253000.0,2024-09-13,True
BID-2024-000097,PR-2024-00764,PRC-VND-0028,13047000.0,2024-09-07,True
BID-2024-000098,PR-2024-00764,PRC-VND-0058,13049000.0,2024-09-04,True
BID-2024-000099,PR-2024-00764,PRC-VND-0088,12894000.0,2024-09-10,True
BID-2024-000100,PR-2024-00139,PRC-VND-0081,33945000.0,2024-09-10,True
BID-2024-000101,PR-2024-00139,PRC-VND-0056,35388000.0,2024-09-11,True
BID-2024-000102,PR-2024-00139,PRC-VND-0101,32499000.0,2024-09-13,True
BID-2024-000103,PR-2024-00139,PRC-VND-0036,34185000.0,2024-09-12,True
BID-2024-000104,PR-2024-00139,PRC-VND-0091,35856000.0,2024-09-06,True
BID-2024-000105,PR-2024-00139,PRC-VND-0046,37825000.0,2024-09-13,True
BID-2024-000106,PR-2024-00399,PRC-VND-0093,36878000.0,2024-09-11,True
BID-2024-000107,PR-2024-00399,PRC-VND-0073,41601000.0,2024-09-07,True
BID-2024-000108,PR-2024-00399,PRC-VND-0028,43098000.0,2024-09-07,True
BID-2024-000109,PR-2024-00399,PRC-VND-0013,38746000.0,2024-09-12,True
BID-2024-000110,PR-2024-00399,PRC-VND-0018,45824000.0,2024-09-08,True
BID-2024-000111,PR-2024-00503,PRC-VND-0088,33395000.0,2024-09-08,True
BID-2024-000112,PR-2024-00503,PRC-VND-0028,38561000.0,2024-09-14,True
BID-2024-000113,PR-2024-00503,PRC-VND-0093,36781000.0,2024-09-06,True
BID-2024-000114,PR-2024-00503,PRC-VND-0068,42831000.0,2024-09-05,True
BID-2024-000115,PR-2024-00503,PRC-VND-0113,35274000.0,2024-09-08,False
BID-2024-000116,PR-2024-00676,PRC-VND-0051,28701000.0,2024-09-15,True
BID-2024-000117,PR-2024-00676,PRC-VND-0106,23322000.0,2024-09-15,True
BID-2024-000118,PR-2024-00676,PRC-VND-0016,27371000.0,2024-09-22,False
BID-2024-000119,PR-2024-00676,PRC-VND-0041,22082000.0,2024-09-22,True
BID-2024-000120,PR-2024-00586,PRC-VND-0003,4296000.0,2024-09-15,True
BID-2024-000121,PR-2024-00586,PRC-VND-0103,4574000.0,2024-09-12,True
BID-2024-000122,PR-2024-00586,PRC-VND-0068,3730000.0,2024-09-11,True
BID-2024-000123,PR-2024-00586,PRC-VND-0043,4066000.0,2024-09-08,True
BID-2024-000124,PR-2024-00586,PRC-VND-0113,3737000.0,2024-09-11,True
BID-2024-000125,PR-2024-00491,PRC-VND-0120,18319000.0,2024-09-21,False
BID-2024-000126,PR-2024-00491,PRC-VND-0060,15939000.0,2024-09-18,True
BID-2024-000127,PR-2024-00491,PRC-VND-0005,18157000.0,2024-09-18,True
BID-2024-000128,PR-2024-00491,PRC-VND-0065,18029000.0,2024-09-20,True
BID-2024-000129,PR-2024-00491,PRC-VND-0110,19461000.0,2024-09-19,True
BID-2024-000130,PR-2024-00077,PRC-VND-0042,38522000.0,2024-09-13,True
BID-2024-000131,PR-2024-00077,PRC-VND-0117,43458000.0,2024-09-15,True
BID-2024-000132,PR-2024-00077,PRC-VND-0052,43920000.0,2024-09-16,True
BID-2024-000133,PR-2024-00077,PRC-VND-0027,37667000.0,2024-09-12,True
BID-2024-000134,PR-2024-00109,PRC-VND-0060,30166000.0,2024-09-15,True
BID-2024-000135,PR-2024-00109,PRC-VND-0025,31453000.0,2024-09-13,False
BID-2024-000136,PR-2024-00109,PRC-VND-0080,33208000.0,2024-09-17,True
BID-2024-000137,PR-2024-00109,PRC-VND-0065,28604000.0,2024-09-14,True
BID-2024-000138,PR-2024-00109,PRC-VND-0030,28649000.0,2024-09-16,True
BID-2024-000139,PR-2024-00727,PRC-VND-0080,43221000.0,2024-09-15,True
BID-2024-000140,PR-2024-00727,PRC-VND-0005,34826000.0,2024-09-17,True
BID-2024-000141,PR-2024-00727,PRC-VND-0085,37847000.0,2024-09-19,True
BID-2024-000142,PR-2024-00727,PRC-VND-0025,45586000.0,2024-09-14,True
BID-2024-000143,PR-2024-00070,PRC-VND-0111,24612000.0,2024-09-27,True
BID-2024-000144,PR-2024-00070,PRC-VND-0106,24174000.0,2024-09-27,True
BID-2024-000145,PR-2024-00070,PRC-VND-0016,26199000.0,2024-09-21,True
BID-2024-000146,PR-2024-00070,PRC-VND-0096,28225000.0,2024-09-26,True
BID-2024-000147,PR-2024-00070,PRC-VND-0041,24534000.0,2024-09-20,True
BID-2024-000148,PR-2024-00411,PRC-VND-0047,37253000.0,2024-09-26,True
BID-2024-000149,PR-2024-00411,PRC-VND-0057,28967000.0,2024-09-25,True
BID-2024-000150,PR-2024-00411,PRC-VND-0037,35119000.0,2024-09-21,True
BID-2024-000151,PR-2024-00411,PRC-VND-0052,29291000.0,2024-09-19,True
BID-2024-000152,PR-2024-00309,PRC-VND-0032,9435000.0,2024-09-24,True
BID-2024-000153,PR-2024-00309,PRC-VND-0087,10586000.0,2024-09-19,True
BID-2024-000154,PR-2024-00309,PRC-VND-0067,7998000.0,2024-09-19,True
BID-2024-000155,PR-2024-00309,PRC-VND-0047,9177000.0,2024-09-17,False
BID-2024-000156,PR-2024-00339,PRC-VND-0079,1080000.0,2024-09-12,True
BID-2024-000157,PR-2024-00339,PRC-VND-0099,1298000.0,2024-09-15,True
BID-2024-000158,PR-2024-00339,PRC-VND-0044,1051000.0,2024-09-10,False
BID-2024-000159,PR-2024-00339,PRC-VND-0089,1372000.0,2024-09-16,True
BID-2024-000160,PR-2024-00432,PRC-VND-0038,35635000.0,2024-09-23,True
BID-2024-000161,PR-2024-00432,PRC-VND-0078,30706000.0,2024-09-23,True
BID-2024-000162,PR-2024-00432,PRC-VND-0118,33308000.0,2024-09-17,True
BID-2024-000163,PR-2024-00432,PRC-VND-0053,40872000.0,2024-09-22,True
BID-2024-000164,PR-2024-00632,PRC-VND-0043,5373000.0,2024-09-13,True
BID-2024-000165,PR-2024-00632,PRC-VND-0093,6530000.0,2024-09-09,True
BID-2024-000166,PR-2024-00632,PRC-VND-0048,6189000.0,2024-09-12,True
BID-2024-000167,PR-2024-00632,PRC-VND-0003,5921000.0,2024-09-18,True
BID-2024-000168,PR-2024-00632,PRC-VND-0088,5152000.0,2024-09-09,False
BID-2024-000169,PR-2024-00632,PRC-VND-0113,5923000.0,2024-09-09,True
BID-2024-000170,PR-2024-00357,PRC-VND-0065,22505000.0,2024-09-12,False
BID-2024-000171,PR-2024-00357,PRC-VND-0110,21094000.0,2024-09-19,True
BID-2024-000172,PR-2024-00357,PRC-VND-0055,22346000.0,2024-09-12,True
BID-2024-000173,PR-2024-00729,PRC-VND-0103,34953000.0,2024-09-30,True
BID-2024-000174,PR-2024-00729,PRC-VND-0108,37279000.0,2024-09-25,True
BID-2024-000175,PR-2024-00729,PRC-VND-0073,41006000.0,2024-09-25,True
BID-2024-000176,PR-2024-00729,PRC-VND-0083,35921000.0,2024-09-25,True
BID-2024-000177,PR-2024-00729,PRC-VND-0008,43266000.0,2024-09-27,True
BID-2024-000178,PR-2024-00362,PRC-VND-0052,28529000.0,2024-09-30,True
BID-2024-000179,PR-2024-00362,PRC-VND-0067,27787000.0,2024-09-21,True
BID-2024-000180,PR-2024-00362,PRC-VND-0062,25031000.0,2024-09-21,True
BID-2024-000181,PR-2024-00362,PRC-VND-0092,31860000.0,2024-09-29,True
BID-2024-000182,PR-2024-00362,PRC-VND-0017,31366000.0,2024-09-30,True
BID-2024-000183,PR-2024-00087,PRC-VND-0104,24491000.0,2024-09-28,False
BID-2024-000184,PR-2024-00087,PRC-VND-0054,25170000.0,2024-09-21,True
BID-2024-000185,PR-2024-00087,PRC-VND-0084,24120000.0,2024-09-21,True
BID-2024-000186,PR-2024-00087,PRC-VND-0069,25095000.0,2024-09-22,True
BID-2024-000187,PR-2024-00087,PRC-VND-0114,21489000.0,2024-09-26,True
BID-2024-000188,PR-2024-00087,PRC-VND-0004,27878000.0,2024-09-24,False
BID-2024-000189,PR-2024-00321,PRC-VND-0104,2186000.0,2024-10-01,True
BID-2024-000190,PR-2024-00321,PRC-VND-0034,2696000.0,2024-09-24,True
BID-2024-000191,PR-2024-00321,PRC-VND-0084,2532000.0,2024-09-24,True
BID-2024-000192,PR-2024-00287,PRC-VND-0058,12801000.0,2024-09-24,True
BID-2024-000193,PR-2024-00287,PRC-VND-0098,12039000.0,2024-09-18,True
BID-2024-000194,PR-2024-00287,PRC-VND-0108,10979000.0,2024-09-22,True
BID-2024-000195,PR-2024-00287,PRC-VND-0033,12373000.0,2024-09-22,False
BID-2024-000196,PR-2024-00287,PRC-VND-0018,10310000.0,2024-09-22,True
BID-2024-000197,PR-2024-00287,PRC-VND-0063,11459000.0,2024-09-27,True
BID-2024-000198,PR-2024-00343,PRC-VND-0110,29493000.0,2024-09-24,True
BID-2024-000199,PR-2024-00343,PRC-VND-0085,30327000.0,2024-09-29,True
BID-2024-000200,PR-2024-00343,PRC-VND-0040,31644000.0,2024-10-02,True
BID-2024-000201,PR-2024-00343,PRC-VND-0050,26693000.0,2024-09-24,True
BID-2024-000202,PR-2024-00407,PRC-VND-0106,37181000.0,2024-09-26,True
BID-2024-000203,PR-2024-00407,PRC-VND-0056,43875000.0,2024-09-21,True
BID-2024-000204,PR-2024-00407,PRC-VND-0046,44050000.0,2024-09-21,True
BID-2024-000205,PR-2024-00407,PRC-VND-0091,42345000.0,2024-09-20,True
BID-2024-000206,PR-2024-00553,PRC-VND-0007,27156000.0,2024-09-19,False
BID-2024-000207,PR-2024-00553,PRC-VND-0022,23621000.0,2024-09-23,False
BID-2024-000208,PR-2024-00553,PRC-VND-0012,30092000.0,2024-09-22,True
BID-2024-000209,PR-2024-00553,PRC-VND-0042,27003000.0,2024-09-19,False
BID-2024-000210,PR-2024-00231,PRC-VND-0050,12330000.0,2024-09-27,True
BID-2024-000211,PR-2024-00231,PRC-VND-0080,11099000.0,2024-09-22,False
BID-2024-000212,PR-2024-00231,PRC-VND-0030,10213000.0,2024-09-20,True
BID-2024-000213,PR-2024-00231,PRC-VND-0010,11071000.0,2024-09-20,True
BID-2024-000214,PR-2024-00231,PRC-VND-0090,11879000.0,2024-09-21,True
BID-2024-000215,PR-2024-00231,PRC-VND-0060,11847000.0,2024-09-24,True
BID-2024-000216,PR-2024-00470,PRC-VND-0112,6717000.0,2024-10-04,True
BID-2024-000217,PR-2024-00470,PRC-VND-0022,5415000.0,2024-10-02,True
BID-2024-000218,PR-2024-00470,PRC-VND-0017,6485000.0,2024-10-08,True
BID-2024-000219,PR-2024-00470,PRC-VND-0117,6205000.0,2024-10-04,True
BID-2024-000220,PR-2024-00470,PRC-VND-0082,6339000.0,2024-10-06,True
BID-2024-000221,PR-2024-00470,PRC-VND-0107,7057000.0,2024-10-06,True
BID-2024-000222,PR-2024-00100,PRC-VND-0019,38556000.0,2024-10-02,True
BID-2024-000223,PR-2024-00100,PRC-VND-0094,48488000.0,2024-10-02,True
BID-2024-000224,PR-2024-00100,PRC-VND-0099,40207000.0,2024-10-01,True
BID-2024-000225,PR-2024-00100,PRC-VND-0084,40075000.0,2024-09-25,False
BID-2024-000226,PR-2024-00100,PRC-VND-0009,47577000.0,2024-10-01,True
BID-2024-000227,PR-2024-00100,PRC-VND-0004,45982000.0,2024-09-25,True
BID-2024-000228,PR-2024-00142,PRC-VND-0023,36866000.0,2024-09-26,True
BID-2024-000229,PR-2024-00142,PRC-VND-0008,33507000.0,2024-09-22,True
BID-2024-000230,PR-2024-00142,PRC-VND-0043,42397000.0,2024-09-19,True
BID-2024-000231,PR-2024-00142,PRC-VND-0078,36559000.0,2024-09-20,True
BID-2024-000232,PR-2024-00142,PRC-VND-0093,33647000.0,2024-09-25,True
BID-2024-000233,PR-2024-00247,PRC-VND-0047,21783000.0,2024-10-01,True
BID-2024-000234,PR-2024-00247,PRC-VND-0042,23328000.0,2024-09-30,True
BID-2024-000235,PR-2024-00247,PRC-VND-0002,21984000.0,2024-09-30,True
BID-2024-000236,PR-2024-00247,PRC-VND-0027,23298000.0,2024-09-27,True
BID-2024-000237,PR-2024-00414,PRC-VND-0116,1414000.0,2024-09-29,True
BID-2024-000238,PR-2024-00414,PRC-VND-0031,1761000.0,2024-09-27,False
BID-2024-000239,PR-2024-00414,PRC-VND-0006,1516000.0,2024-09-22,True
BID-2024-000240,PR-2024-00414,PRC-VND-0046,1547000.0,2024-09-23,True
BID-2024-000241,PR-2024-00015,PRC-VND-0078,44554000.0,2024-09-28,True
BID-2024-000242,PR-2024-00015,PRC-VND-0038,37576000.0,2024-10-05,True
BID-2024-000243,PR-2024-00015,PRC-VND-0063,39135000.0,2024-10-02,True
BID-2024-000244,PR-2024-00015,PRC-VND-0053,37899000.0,2024-09-30,True
BID-2024-000245,PR-2024-00015,PRC-VND-0103,40690000.0,2024-09-27,True
BID-2024-000246,PR-2024-00512,PRC-VND-0102,23484000.0,2024-10-07,True
BID-2024-000247,PR-2024-00512,PRC-VND-0087,22853000.0,2024-10-01,True
BID-2024-000248,PR-2024-00512,PRC-VND-0012,18895000.0,2024-10-08,True
BID-2024-000249,PR-2024-00512,PRC-VND-0062,24988000.0,2024-10-03,True
BID-2024-000250,PR-2024-00512,PRC-VND-0107,21642000.0,2024-10-04,True
BID-2024-000251,PR-2024-00539,PRC-VND-0040,9218000.0,2024-10-05,True
BID-2024-000252,PR-2024-00539,PRC-VND-0110,9988000.0,2024-10-02,True
BID-2024-000253,PR-2024-00539,PRC-VND-0085,8509000.0,2024-10-08,True
BID-2024-000254,PR-2024-00570,PRC-VND-0069,6310000.0,2024-09-27,True
BID-2024-000255,PR-2024-00570,PRC-VND-0104,5976000.0,2024-10-02,True
BID-2024-000256,PR-2024-00570,PRC-VND-0049,5153000.0,2024-09-30,True
BID-2024-000257,PR-2024-00552,PRC-VND-0061,41419000.0,2024-09-29,True
BID-2024-000258,PR-2024-00552,PRC-VND-0036,33655000.0,2024-09-25,True
BID-2024-000259,PR-2024-00552,PRC-VND-0111,40299000.0,2024-09-29,True
BID-2024-000260,PR-2024-00748,PRC-VND-0082,10670000.0,2024-09-26,True
BID-2024-000261,PR-2024-00748,PRC-VND-0112,13064000.0,2024-09-25,False
BID-2024-000262,PR-2024-00748,PRC-VND-0027,13038000.0,2024-09-24,True
BID-2024-000263,PR-2024-00748,PRC-VND-0052,11341000.0,2024-09-30,False
BID-2024-000264,PR-2024-00500,PRC-VND-0039,38887000.0,2024-10-07,True
BID-2024-000265,PR-2024-00500,PRC-VND-0009,35656000.0,2024-10-07,True
BID-2024-000266,PR-2024-00500,PRC-VND-0059,40730000.0,2024-09-29,True
BID-2024-000267,PR-2024-00500,PRC-VND-0114,41644000.0,2024-10-07,True
BID-2024-000268,PR-2024-00673,PRC-VND-0082,3001000.0,2024-10-04,True
BID-2024-000269,PR-2024-00673,PRC-VND-0002,3603000.0,2024-10-05,True
BID-2024-000270,PR-2024-00673,PRC-VND-0072,3714000.0,2024-10-03,True
BID-2024-000271,PR-2024-00673,PRC-VND-0077,3784000.0,2024-10-02,True
BID-2024-000272,PR-2024-00673,PRC-VND-0057,3568000.0,2024-10-11,True
BID-2024-000273,PR-2024-00783,PRC-VND-0090,26053000.0,2024-10-14,True
BID-2024-000274,PR-2024-00783,PRC-VND-0030,32723000.0,2024-10-15,True
BID-2024-000275,PR-2024-00783,PRC-VND-0075,26381000.0,2024-10-08,True
BID-2024-000276,PR-2024-00783,PRC-VND-0100,27102000.0,2024-10-08,True
BID-2024-000277,PR-2024-00783,PRC-VND-0035,31041000.0,2024-10-14,True
BID-2024-000278,PR-2024-00783,PRC-VND-0105,27670000.0,2024-10-15,True
BID-2024-000279,PR-2024-00487,PRC-VND-0022,4731000.0,2024-10-02,True
BID-2024-000280,PR-2024-00487,PRC-VND-0102,4991000.0,2024-09-27,True
BID-2024-000281,PR-2024-00487,PRC-VND-0032,4340000.0,2024-09-30,True
BID-2024-000282,PR-2024-00487,PRC-VND-0082,5002000.0,2024-10-03,True
BID-2024-000283,PR-2024-00487,PRC-VND-0087,5009000.0,2024-10-03,True
BID-2024-000284,PR-2024-00487,PRC-VND-0007,3941000.0,2024-10-06,False
BID-2024-000285,PR-2024-00667,PRC-VND-0105,38703000.0,2024-09-28,True
BID-2024-000286,PR-2024-00667,PRC-VND-0060,39289000.0,2024-09-25,True
BID-2024-000287,PR-2024-00667,PRC-VND-0085,34582000.0,2024-10-03,False
BID-2024-000288,PR-2024-00233,PRC-VND-0117,24790000.0,2024-10-16,True
BID-2024-000289,PR-2024-00233,PRC-VND-0042,25602000.0,2024-10-11,True
BID-2024-000290,PR-2024-00233,PRC-VND-0022,23064000.0,2024-10-10,True
BID-2024-000291,PR-2024-00233,PRC-VND-0062,24089000.0,2024-10-17,True
BID-2024-000292,PR-2024-00233,PRC-VND-0002,21362000.0,2024-10-15,False
BID-2024-000293,PR-2024-00124,PRC-VND-0087,48739000.0,2024-10-16,True
BID-2024-000294,PR-2024-00124,PRC-VND-0022,39632000.0,2024-10-15,True
BID-2024-000295,PR-2024-00124,PRC-VND-0057,46514000.0,2024-10-08,True
BID-2024-000296,PR-2024-00124,PRC-VND-0117,45385000.0,2024-10-09,True
BID-2024-000297,PR-2024-00124,PRC-VND-0027,44741000.0,2024-10-08,True
BID-2024-000298,PR-2024-00757,PRC-VND-0110,7873000.0,2024-10-03,True
BID-2024-000299,PR-2024-00757,PRC-VND-0075,9185000.0,2024-10-07,True
BID-2024-000300,PR-2024-00757,PRC-VND-0100,9186000.0,2024-10-09,True
BID-2024-000301,PR-2024-00757,PRC-VND-0090,7583000.0,2024-10-04,True
BID-2024-000302,PR-2024-00577,PRC-VND-0043,22732000.0,2024-10-10,True
BID-2024-000303,PR-2024-00577,PRC-VND-0023,24234000.0,2024-10-10,True
BID-2024-000304,PR-2024-00577,PRC-VND-0063,21057000.0,2024-10-02,True
BID-2024-000305,PR-2024-00577,PRC-VND-0068,24684000.0,2024-10-04,True
BID-2024-000306,PR-2024-00630,PRC-VND-0067,8182000.0,2024-09-29,False
BID-2024-000307,PR-2024-00630,PRC-VND-0052,8842000.0,2024-10-04,True
BID-2024-000308,PR-2024-00630,PRC-VND-0002,9341000.0,2024-10-02,True
BID-2024-000309,PR-2024-00630,PRC-VND-0027,10108000.0,2024-10-01,False
BID-2024-000310,PR-2024-00096,PRC-VND-0013,33346000.0,2024-10-20,True
BID-2024-000311,PR-2024-00096,PRC-VND-0008,33895000.0,2024-10-15,True
BID-2024-000312,PR-2024-00096,PRC-VND-0113,32667000.0,2024-10-14,True
BID-2024-000313,PR-2024-00096,PRC-VND-0083,35052000.0,2024-10-18,True
BID-2024-000314,PR-2024-00096,PRC-VND-0078,41785000.0,2024-10-18,True
BID-2024-000315,PR-2024-00341,PRC-VND-0014,39293000.0,2024-10-17,False
BID-2024-000316,PR-2024-00341,PRC-VND-0119,35430000.0,2024-10-11,True
BID-2024-000317,PR-2024-00341,PRC-VND-0114,43265000.0,2024-10-13,True
BID-2024-000318,PR-2024-00341,PRC-VND-0049,34218000.0,2024-10-12,False
BID-2024-000319,PR-2024-00674,PRC-VND-0039,47220000.0,2024-10-06,False
BID-2024-000320,PR-2024-00674,PRC-VND-0009,39989000.0,2024-10-07,True
BID-2024-000321,PR-2024-00674,PRC-VND-0084,36775000.0,2024-10-02,True
BID-2024-000322,PR-2024-00674,PRC-VND-0059,38724000.0,2024-10-10,False
BID-2024-000323,PR-2024-00674,PRC-VND-0109,37956000.0,2024-10-07,True
BID-2024-000324,PR-2024-00027,PRC-VND-0013,4445000.0,2024-10-12,True
BID-2024-000325,PR-2024-00027,PRC-VND-0003,4116000.0,2024-10-12,True
BID-2024-000326,PR-2024-00027,PRC-VND-0078,4255000.0,2024-10-12,False
BID-2024-000327,PR-2024-00027,PRC-VND-0118,3765000.0,2024-10-10,True
BID-2024-000328,PR-2024-00027,PRC-VND-0023,3805000.0,2024-10-13,True
BID-2024-000329,PR-2024-00302,PRC-VND-0024,19895000.0,2024-10-12,True
BID-2024-000330,PR-2024-00302,PRC-VND-0029,23912000.0,2024-10-19,False
BID-2024-000331,PR-2024-00302,PRC-VND-0109,21564000.0,2024-10-18,False
BID-2024-000332,PR-2024-00302,PRC-VND-0019,22063000.0,2024-10-20,True
BID-2024-000333,PR-2024-00390,PRC-VND-0065,19774000.0,2024-10-08,True
BID-2024-000334,PR-2024-00390,PRC-VND-0070,17696000.0,2024-10-15,True
BID-2024-000335,PR-2024-00390,PRC-VND-0015,20052000.0,2024-10-11,True
BID-2024-000336,PR-2024-00282,PRC-VND-0023,16788000.0,2024-10-14,True
BID-2024-000337,PR-2024-00282,PRC-VND-0108,15563000.0,2024-10-12,True
BID-2024-000338,PR-2024-00282,PRC-VND-0043,14264000.0,2024-10-17,True
BID-2024-000339,PR-2024-00282,PRC-VND-0033,18104000.0,2024-10-09,True
BID-2024-000340,PR-2024-00547,PRC-VND-0041,12670000.0,2024-10-11,True
BID-2024-000341,PR-2024-00547,PRC-VND-0121,13130000.0,2024-10-12,True
BID-2024-000342,PR-2024-00547,PRC-VND-0091,11969000.0,2024-10-15,False
BID-2024-000343,PR-2024-00086,PRC-VND-0111,27240000.0,2024-10-22,False
BID-2024-000344,PR-2024-00086,PRC-VND-0016,23215000.0,2024-10-24,True
BID-2024-000345,PR-2024-00086,PRC-VND-0061,25305000.0,2024-10-23,True
BID-2024-000346,PR-2024-00086,PRC-VND-0096,28289000.0,2024-10-26,True
BID-2024-000347,PR-2024-00086,PRC-VND-0106,26671000.0,2024-10-21,True
BID-2024-000348,PR-2024-00288,PRC-VND-0082,16829000.0,2024-10-22,True
BID-2024-000349,PR-2024-00288,PRC-VND-0067,15982000.0,2024-10-19,True
BID-2024-000350,PR-2024-00288,PRC-VND-0017,19897000.0,2024-10-20,True
BID-2024-000351,PR-2024-00409,PRC-VND-0041,26446000.0,2024-10-15,True
BID-2024-000352,PR-2024-00409,PRC-VND-0031,27641000.0,2024-10-16,True
BID-2024-000353,PR-2024-00409,PRC-VND-0051,25021000.0,2024-10-17,True
BID-2024-000354,PR-2024-00409,PRC-VND-0036,26300000.0,2024-10-15,True
BID-2024-000355,PR-2024-00409,PRC-VND-0096,23871000.0,2024-10-16,False
BID-2024-000356,PR-2024-00409,PRC-VND-0026,22012000.0,2024-10-22,True
BID-2024-000357,PR-2024-00555,PRC-VND-0058,44676000.0,2024-10-15,True
BID-2024-000358,PR-2024-00555,PRC-VND-0013,41768000.0,2024-10-17,True
BID-2024-000359,PR-2024-00555,PRC-VND-0053,36349000.0,2024-10-23,False
BID-2024-000360,PR-2024-00555,PRC-VND-0033,40995000.0,2024-10-19,True
BID-2024-000361,PR-2024-00555,PRC-VND-0023,36477000.0,2024-10-15,False
BID-2024-000362,PR-2024-00555,PRC-VND-0088,35436000.0,2024-10-23,True
BID-2024-000363,PR-2024-00489,PRC-VND-0013,2716000.0,2024-10-13,True
BID-2024-000364,PR-2024-00489,PRC-VND-0063,2578000.0,2024-10-09,False
BID-2024-000365,PR-2024-00489,PRC-VND-0023,2921000.0,2024-10-15,True
BID-2024-000366,PR-2024-00489,PRC-VND-0033,2962000.0,2024-10-16,True
BID-2024-000367,PR-2024-00489,PRC-VND-0038,2643000.0,2024-10-16,True
BID-2024-000368,PR-2024-00489,PRC-VND-0043,2786000.0,2024-10-09,True
BID-2024-000369,PR-2024-00647,PRC-VND-0093,33950000.0,2024-10-21,True
BID-2024-000370,PR-2024-00647,PRC-VND-0028,32022000.0,2024-10-16,False
BID-2024-000371,PR-2024-00647,PRC-VND-0078,32428000.0,2024-10-18,True
BID-2024-000372,PR-2024-00647,PRC-VND-0063,31050000.0,2024-10-25,True
BID-2024-000373,PR-2024-00232,PRC-VND-0036,18530000.0,2024-10-23,False
BID-2024-000374,PR-2024-00232,PRC-VND-0031,19685000.0,2024-10-22,True
BID-2024-000375,PR-2024-00232,PRC-VND-0081,19728000.0,2024-10-25,True
BID-2024-000376,PR-2024-00232,PRC-VND-0116,16052000.0,2024-10-24,True
BID-2024-000377,PR-2024-00232,PRC-VND-0021,15528000.0,2024-10-22,True
BID-2024-000378,PR-2024-00101,PRC-VND-0036,22049000.0,2024-10-22,False
BID-2024-000379,PR-2024-00101,PRC-VND-0091,21751000.0,2024-10-30,True
BID-2024-000380,PR-2024-00101,PRC-VND-0076,21478000.0,2024-10-28,True
BID-2024-000381,PR-2024-00101,PRC-VND-0116,19110000.0,2024-10-25,True
BID-2024-000382,PR-2024-00627,PRC-VND-0072,4310000.0,2024-10-24,True
BID-2024-000383,PR-2024-00627,PRC-VND-0042,4736000.0,2024-10-23,False
BID-2024-000384,PR-2024-00627,PRC-VND-0087,3879000.0,2024-10-23,True
BID-2024-000385,PR-2024-00627,PRC-VND-0122,4830000.0,2024-10-30,True
BID-2024-000386,PR-2024-00627,PRC-VND-0047,4785000.0,2024-10-28,True
BID-2024-000387,PR-2024-00069,PRC-VND-0014,23428000.0,2024-10-30,True
BID-2024-000388,PR-2024-00069,PRC-VND-0079,24504000.0,2024-10-24,True
BID-2024-000389,PR-2024-00069,PRC-VND-0019,22765000.0,2024-10-27,True
BID-2024-000390,PR-2024-00637,PRC-VND-0068,27347000.0,2024-10-23,True
BID-2024-000391,PR-2024-00637,PRC-VND-0088,29079000.0,2024-11-01,False
BID-2024-000392,PR-2024-00637,PRC-VND-0018,25606000.0,2024-10-31,True
BID-2024-000393,PR-2024-00637,PRC-VND-0123,29519000.0,2024-10-24,True
BID-2024-000394,PR-2024-00392,PRC-VND-0068,7899000.0,2024-10-21,True
BID-2024-000395,PR-2024-00392,PRC-VND-0103,6988000.0,2024-10-23,True
BID-2024-000396,PR-2024-00392,PRC-VND-0053,8907000.0,2024-10-24,True
BID-2024-000397,PR-2024-00190,PRC-VND-0116,12956000.0,2024-10-22,True
BID-2024-000398,PR-2024-00190,PRC-VND-0061,13319000.0,2024-10-21,False
BID-2024-000399,PR-2024-00190,PRC-VND-0006,11505000.0,2024-10-21,False
BID-2024-000400,PR-2024-00190,PRC-VND-0081,14397000.0,2024-10-24,True
BID-2024-000401,PR-2024-00190,PRC-VND-0121,11450000.0,2024-10-21,False
BID-2024-000402,PR-2024-00190,PRC-VND-0111,13056000.0,2024-10-21,False
BID-2024-000403,PR-2024-00691,PRC-VND-0115,16225000.0,2024-10-29,True
BID-2024-000404,PR-2024-00691,PRC-VND-0010,13629000.0,2024-10-24,True
BID-2024-000405,PR-2024-00691,PRC-VND-0080,13228000.0,2024-10-23,True
BID-2024-000406,PR-2024-00691,PRC-VND-0055,14979000.0,2024-10-31,True
BID-2024-000407,PR-2024-00691,PRC-VND-0040,13582000.0,2024-10-24,True
BID-2024-000408,PR-2024-00691,PRC-VND-0045,15978000.0,2024-10-27,True
BID-2024-000409,PR-2024-00032,PRC-VND-0045,3620000.0,2024-11-01,True
BID-2024-000410,PR-2024-00032,PRC-VND-0030,3972000.0,2024-10-25,True
BID-2024-000411,PR-2024-00032,PRC-VND-0060,3939000.0,2024-11-01,True
BID-2024-000412,PR-2024-00032,PRC-VND-0105,3792000.0,2024-10-30,False
BID-2024-000413,PR-2024-00032,PRC-VND-0100,3535000.0,2024-11-01,True
BID-2024-000414,PR-2024-00030,PRC-VND-0116,9918000.0,2024-11-03,False
BID-2024-000415,PR-2024-00030,PRC-VND-0061,10094000.0,2024-11-06,False
BID-2024-000416,PR-2024-00030,PRC-VND-0056,9419000.0,2024-11-05,True
BID-2024-000417,PR-2024-00030,PRC-VND-0081,9119000.0,2024-11-07,False
BID-2024-000418,PR-2024-00031,PRC-VND-0015,31309000.0,2024-11-10,False
BID-2024-000419,PR-2024-00031,PRC-VND-0020,25603000.0,2024-11-09,False
BID-2024-000420,PR-2024-00031,PRC-VND-0090,25227000.0,2024-11-07,True
BID-2024-000421,PR-2024-00031,PRC-VND-0040,29259000.0,2024-11-02,True
BID-2024-000422,PR-2024-00031,PRC-VND-0035,25316000.0,2024-11-01,False
BID-2024-000423,PR-2024-00031,PRC-VND-0055,27375000.0,2024-11-10,True
BID-2024-000424,PR-2024-00692,PRC-VND-0062,26394000.0,2024-11-03,True
BID-2024-000425,PR-2024-00692,PRC-VND-0117,24178000.0,2024-10-30,True
BID-2024-000426,PR-2024-00692,PRC-VND-0002,24545000.0,2024-10-30,False
BID-2024-000427,PR-2024-00692,PRC-VND-0072,26460000.0,2024-10-30,False
BID-2024-000428,PR-2024-00481,PRC-VND-0075,42841000.0,2024-11-05,False
BID-2024-000429,PR-2024-00481,PRC-VND-0115,34457000.0,2024-11-04,True
BID-2024-000430,PR-2024-00481,PRC-VND-0100,45082000.0,2024-10-29,True
BID-2024-000431,PR-2024-00481,PRC-VND-0050,44861000.0,2024-11-01,True
BID-2024-000432,PR-2024-00481,PRC-VND-0060,43597000.0,2024-11-02,True
BID-2024-000433,PR-2024-00549,PRC-VND-0065,12793000.0,2024-11-06,True
BID-2024-000434,PR-2024-00549,PRC-VND-0075,15857000.0,2024-11-02,True
BID-2024-000435,PR-2024-00549,PRC-VND-0005,16439000.0,2024-11-01,False
BID-2024-000436,PR-2024-00549,PRC-VND-0110,14819000.0,2024-11-05,True
BID-2024-000437,PR-2024-00700,PRC-VND-0016,41614000.0,2024-10-30,False
BID-2024-000438,PR-2024-00700,PRC-VND-0001,47838000.0,2024-11-02,True
BID-2024-000439,PR-2024-00700,PRC-VND-0106,45798000.0,2024-10-31,True
BID-2024-000440,PR-2024-00700,PRC-VND-0116,42543000.0,2024-10-26,True
BID-2024-000441,PR-2024-00700,PRC-VND-0091,44494000.0,2024-10-27,True
BID-2024-000442,PR-2024-00779,PRC-VND-0079,23887000.0,2024-11-01,True
BID-2024-000443,PR-2024-00779,PRC-VND-0044,23399000.0,2024-11-01,True
BID-2024-000444,PR-2024-00779,PRC-VND-0059,21826000.0,2024-11-10,True
BID-2024-000445,PR-2024-00779,PRC-VND-0054,23685000.0,2024-11-07,True
BID-2024-000446,PR-2024-00337,PRC-VND-0123,39906000.0,2024-11-08,False
BID-2024-000447,PR-2024-00337,PRC-VND-0063,34530000.0,2024-11-09,True
BID-2024-000448,PR-2024-00337,PRC-VND-0003,30504000.0,2024-11-12,True
BID-2024-000449,PR-2024-00337,PRC-VND-0058,39100000.0,2024-11-08,True
BID-2024-000450,PR-2024-00337,PRC-VND-0098,36513000.0,2024-11-09,True
BID-2024-000451,PR-2024-00337,PRC-VND-0053,33058000.0,2024-11-11,True
BID-2024-000452,PR-2024-00558,PRC-VND-0004,20810000.0,2024-11-18,True
BID-2024-000453,PR-2024-00558,PRC-VND-0084,19019000.0,2024-11-16,False
BID-2024-000454,PR-2024-00558,PRC-VND-0109,19834000.0,2024-11-14,True
BID-2024-000455,PR-2024-00558,PRC-VND-0124,20840000.0,2024-11-13,True
BID-2024-000456,PR-2024-00558,PRC-VND-0039,16794000.0,2024-11-16,True
BID-2024-000457,PR-2024-00558,PRC-VND-0079,16809000.0,2024-11-11,True
BID-2024-000458,PR-2024-00147,PRC-VND-0098,19495000.0,2024-11-17,True
BID-2024-000459,PR-2024-00147,PRC-VND-0113,21484000.0,2024-11-19,False
BID-2024-000460,PR-2024-00147,PRC-VND-0018,18972000.0,2024-11-13,True
BID-2024-000461,PR-2024-00147,PRC-VND-0038,20309000.0,2024-11-13,True
BID-2024-000462,PR-2024-00147,PRC-VND-0023,18658000.0,2024-11-11,False
BID-2024-000463,PR-2024-00425,PRC-VND-0088,8842000.0,2024-11-12,False
BID-2024-000464,PR-2024-00425,PRC-VND-0043,8973000.0,2024-11-14,True
BID-2024-000465,PR-2024-00425,PRC-VND-0038,8529000.0,2024-11-06,True
BID-2024-000466,PR-2024-00425,PRC-VND-0028,10965000.0,2024-11-05,True
BID-2024-000467,PR-2024-00688,PRC-VND-0044,20365000.0,2024-11-02,True
BID-2024-000468,PR-2024-00688,PRC-VND-0039,17925000.0,2024-10-31,True
BID-2024-000469,PR-2024-00688,PRC-VND-0049,18987000.0,2024-11-01,True
BID-2024-000470,PR-2024-00688,PRC-VND-0064,17625000.0,2024-11-04,True
BID-2024-000471,PR-2024-00688,PRC-VND-0009,18809000.0,2024-11-06,False
BID-2024-000472,PR-2024-00688,PRC-VND-0024,22680000.0,2024-11-06,False
BID-2024-000473,PR-2024-00433,PRC-VND-0012,15199000.0,2024-11-06,True
BID-2024-000474,PR-2024-00433,PRC-VND-0112,15724000.0,2024-11-06,False
BID-2024-000475,PR-2024-00433,PRC-VND-0027,13173000.0,2024-11-07,False
BID-2024-000476,PR-2024-00433,PRC-VND-0037,16348000.0,2024-11-09,True
BID-2024-000477,PR-2024-00400,PRC-VND-0076,3914000.0,2024-11-26,True
BID-2024-000478,PR-2024-00400,PRC-VND-0011,4050000.0,2024-11-19,True
BID-2024-000479,PR-2024-00400,PRC-VND-0086,3814000.0,2024-11-24,True
BID-2024-000480,PR-2024-00400,PRC-VND-0036,4400000.0,2024-11-23,True
BID-2024-000481,PR-2024-00400,PRC-VND-0071,3984000.0,2024-11-22,True
BID-2024-000482,PR-2024-00400,PRC-VND-0051,3451000.0,2024-11-23,True
BID-2024-000483,PR-2024-00370,PRC-VND-0084,41251000.0,2024-11-27,False
BID-2024-000484,PR-2024-00370,PRC-VND-0079,47539000.0,2024-11-27,True
BID-2024-000485,PR-2024-00370,PRC-VND-0119,36418000.0,2024-11-19,True
BID-2024-000486,PR-2024-00370,PRC-VND-0124,41867000.0,2024-11-27,True
BID-2024-000487,PR-2024-00370,PRC-VND-0114,39791000.0,2024-11-24,True
BID-2024-000488,PR-2024-00588,PRC-VND-0114,6053000.0,2024-11-16,True
BID-2024-000489,PR-2024-00588,PRC-VND-0069,5085000.0,2024-11-17,True
BID-2024-000490,PR-2024-00588,PRC-VND-0104,5497000.0,2024-11-24,True
BID-2024-000491,PR-2024-00588,PRC-VND-0024,4896000.0,2024-11-20,True
BID-2024-000492,PR-2024-00529,PRC-VND-0098,26542000.0,2024-11-18,False
BID-2024-000493,PR-2024-00529,PRC-VND-0033,27579000.0,2024-11-27,True
BID-2024-000494,PR-2024-00529,PRC-VND-0038,27382000.0,2024-11-24,True
BID-2024-000495,PR-2024-00529,PRC-VND-0023,22991000.0,2024-11-26,True
BID-2024-000496,PR-2024-00529,PRC-VND-0008,25178000.0,2024-11-24,True
BID-2024-000497,PR-2024-00529,PRC-VND-0018,24055000.0,2024-11-21,True
BID-2024-000498,PR-2024-00651,PRC-VND-0019,4135000.0,2024-11-27,True
BID-2024-000499,PR-2024-00651,PRC-VND-0119,4512000.0,2024-11-24,False
BID-2024-000500,PR-2024-00651,PRC-VND-0079,4863000.0,2024-11-21,True
BID-2024-000501,PR-2024-00651,PRC-VND-0024,4321000.0,2024-11-22,True
BID-2024-000502,PR-2024-00651,PRC-VND-0059,4387000.0,2024-11-23,True
BID-2024-000503,PR-2024-00659,PRC-VND-0060,45948000.0,2024-11-16,False
BID-2024-000504,PR-2024-00659,PRC-VND-0115,42408000.0,2024-11-18,True
BID-2024-000505,PR-2024-00659,PRC-VND-0120,38423000.0,2024-11-19,True
BID-2024-000506,PR-2024-00659,PRC-VND-0035,38759000.0,2024-11-11,True
BID-2024-000507,PR-2024-00742,PRC-VND-0114,12938000.0,2024-11-25,True
BID-2024-000508,PR-2024-00742,PRC-VND-0099,13683000.0,2024-11-23,False
BID-2024-000509,PR-2024-00742,PRC-VND-0034,13432000.0,2024-11-23,True
BID-2024-000510,PR-2024-00742,PRC-VND-0084,11366000.0,2024-11-26,True
BID-2024-000511,PR-2024-00742,PRC-VND-0049,14921000.0,2024-11-20,True
BID-2024-000512,PR-2024-00742,PRC-VND-0054,14930000.0,2024-11-22,True
BID-2024-000513,PR-2024-00791,PRC-VND-0102,32537000.0,2024-11-22,True
BID-2024-000514,PR-2024-00791,PRC-VND-0087,35654000.0,2024-11-29,False
BID-2024-000515,PR-2024-00791,PRC-VND-0052,39462000.0,2024-11-29,True
BID-2024-000516,PR-2024-00791,PRC-VND-0077,35323000.0,2024-11-29,True
BID-2024-000517,PR-2024-00791,PRC-VND-0062,30873000.0,2024-11-28,True
BID-2024-000518,PR-2024-00791,PRC-VND-0112,30395000.0,2024-11-22,True
BID-2024-000519,PR-2024-00705,PRC-VND-0032,7026000.0,2024-12-01,True
BID-2024-000520,PR-2024-00705,PRC-VND-0017,7259000.0,2024-11-27,True
BID-2024-000521,PR-2024-00705,PRC-VND-0052,6581000.0,2024-11-27,True
BID-2024-000522,PR-2024-00705,PRC-VND-0072,7587000.0,2024-11-25,False
BID-2024-000523,PR-2024-00334,PRC-VND-0053,45665000.0,2024-11-17,True
BID-2024-000524,PR-2024-00334,PRC-VND-0103,44574000.0,2024-11-25,True
BID-2024-000525,PR-2024-00334,PRC-VND-0123,35167000.0,2024-11-22,True
BID-2024-000526,PR-2024-00368,PRC-VND-0122,36767000.0,2024-11-18,False
BID-2024-000527,PR-2024-00368,PRC-VND-0047,33747000.0,2024-11-24,True
BID-2024-000528,PR-2024-00368,PRC-VND-0112,37777000.0,2024-11-23,False
BID-2024-000529,PR-2024-00368,PRC-VND-0062,39552000.0,2024-11-16,True
BID-2024-000530,PR-2024-00453,PRC-VND-0010,38881000.0,2024-11-26,True
BID-2024-000531,PR-2024-00453,PRC-VND-0115,41334000.0,2024-11-28,True
BID-2024-000532,PR-2024-00453,PRC-VND-0120,36665000.0,2024-12-01,True
BID-2024-000533,PR-2024-00453,PRC-VND-0110,37632000.0,2024-11-29,True
BID-2024-000534,PR-2024-00453,PRC-VND-0065,35368000.0,2024-11-26,False
BID-2024-000535,PR-2024-00620,PRC-VND-0066,35110000.0,2024-11-22,True
BID-2024-000536,PR-2024-00620,PRC-VND-0116,30910000.0,2024-11-23,False
BID-2024-000537,PR-2024-00620,PRC-VND-0026,33145000.0,2024-11-27,True
BID-2024-000538,PR-2024-00620,PRC-VND-0021,32939000.0,2024-11-23,True
BID-2024-000539,PR-2024-00533,PRC-VND-0044,34765000.0,2024-11-22,True
BID-2024-000540,PR-2024-00533,PRC-VND-0064,32433000.0,2024-11-23,True
BID-2024-000541,PR-2024-00533,PRC-VND-0009,35863000.0,2024-11-22,True
BID-2024-000542,PR-2024-00533,PRC-VND-0119,36164000.0,2024-11-20,True
BID-2024-000543,PR-2024-00533,PRC-VND-0074,27793000.0,2024-11-24,True
BID-2024-000544,PR-2024-00327,PRC-VND-0074,16791000.0,2024-11-23,True
BID-2024-000545,PR-2024-00327,PRC-VND-0039,20840000.0,2024-11-21,True
BID-2024-000546,PR-2024-00327,PRC-VND-0109,18479000.0,2024-11-23,True
BID-2024-000547,PR-2024-00327,PRC-VND-0004,19262000.0,2024-11-25,True
BID-2024-000548,PR-2024-00327,PRC-VND-0064,19386000.0,2024-11-26,True
BID-2024-000549,PR-2024-00327,PRC-VND-0009,18847000.0,2024-11-21,True
BID-2024-000550,PR-2024-00718,PRC-VND-0097,22725000.0,2024-11-25,False
BID-2024-000551,PR-2024-00718,PRC-VND-0047,22030000.0,2024-11-26,True
BID-2024-000552,PR-2024-00718,PRC-VND-0037,22788000.0,2024-11-25,True
BID-2024-000553,PR-2024-00718,PRC-VND-0092,25052000.0,2024-11-22,False
BID-2024-000554,PR-2024-00718,PRC-VND-0077,20683000.0,2024-11-21,False
BID-2024-000555,PR-2024-00689,PRC-VND-0030,24875000.0,2024-11-23,True
BID-2024-000556,PR-2024-00689,PRC-VND-0125,27956000.0,2024-11-23,True
BID-2024-000557,PR-2024-00689,PRC-VND-0095,30738000.0,2024-11-28,True
BID-2024-000558,PR-2024-00689,PRC-VND-0120,29407000.0,2024-11-24,False
BID-2024-000559,PR-2024-00689,PRC-VND-0050,30600000.0,2024-11-19,True
BID-2024-000560,PR-2024-00048,PRC-VND-0118,8411000.0,2024-11-25,True
BID-2024-000561,PR-2024-00048,PRC-VND-0093,10610000.0,2024-11-21,True
BID-2024-000562,PR-2024-00048,PRC-VND-0108,9087000.0,2024-11-26,True
BID-2024-000563,PR-2024-00048,PRC-VND-0083,8035000.0,2024-11-26,True
BID-2024-000564,PR-2024-00713,PRC-VND-0027,2923000.0,2024-12-06,True
BID-2024-000565,PR-2024-00713,PRC-VND-0107,2834000.0,2024-12-06,True
BID-2024-000566,PR-2024-00713,PRC-VND-0047,2729000.0,2024-11-29,True
BID-2024-000567,PR-2024-00713,PRC-VND-0092,3197000.0,2024-12-07,True
BID-2024-000568,PR-2024-00713,PRC-VND-0017,3121000.0,2024-12-07,True
BID-2024-000569,PR-2024-00388,PRC-VND-0096,15612000.0,2024-11-22,True
BID-2024-000570,PR-2024-00388,PRC-VND-0076,15219000.0,2024-12-01,True
BID-2024-000571,PR-2024-00388,PRC-VND-0121,16040000.0,2024-11-24,True
BID-2024-000572,PR-2024-00388,PRC-VND-0091,15728000.0,2024-11-28,True
BID-2024-000573,PR-2024-00578,PRC-VND-0096,40565000.0,2024-12-01,True
BID-2024-000574,PR-2024-00578,PRC-VND-0051,43374000.0,2024-11-23,True
BID-2024-000575,PR-2024-00578,PRC-VND-0016,40406000.0,2024-11-24,True
BID-2024-000576,PR-2024-00609,PRC-VND-0074,45029000.0,2024-12-03,True
BID-2024-000577,PR-2024-00609,PRC-VND-0124,43760000.0,2024-12-01,True
BID-2024-000578,PR-2024-00609,PRC-VND-0029,39924000.0,2024-12-04,False
BID-2024-000579,PR-2024-00434,PRC-VND-0096,18038000.0,2024-11-24,True
BID-2024-000580,PR-2024-00434,PRC-VND-0011,18144000.0,2024-12-01,True
BID-2024-000581,PR-2024-00434,PRC-VND-0041,18929000.0,2024-11-25,True
BID-2024-000582,PR-2024-00434,PRC-VND-0081,20156000.0,2024-11-23,False
BID-2024-000583,PR-2024-00072,PRC-VND-0066,34177000.0,2024-12-09,True
BID-2024-000584,PR-2024-00072,PRC-VND-0031,32825000.0,2024-12-11,True
BID-2024-000585,PR-2024-00072,PRC-VND-0051,34932000.0,2024-12-06,False
BID-2024-000586,PR-2024-00072,PRC-VND-0026,28114000.0,2024-12-12,True
BID-2024-000587,PR-2024-00072,PRC-VND-0006,35254000.0,2024-12-07,False
BID-2024-000588,PR-2024-00485,PRC-VND-0024,17555000.0,2024-12-08,True
BID-2024-000589,PR-2024-00485,PRC-VND-0119,14438000.0,2024-12-10,True
BID-2024-000590,PR-2024-00485,PRC-VND-0029,15733000.0,2024-12-11,True
BID-2024-000591,PR-2024-00485,PRC-VND-0104,14278000.0,2024-12-13,True
BID-2024-000592,PR-2024-00088,PRC-VND-0110,2897000.0,2024-12-09,True
BID-2024-000593,PR-2024-00088,PRC-VND-0105,3072000.0,2024-12-10,True
BID-2024-000594,PR-2024-00088,PRC-VND-0045,3019000.0,2024-12-09,True
BID-2024-000595,PR-2024-00513,PRC-VND-0124,15017000.0,2024-12-12,True
BID-2024-000596,PR-2024-00513,PRC-VND-0009,14108000.0,2024-12-14,False
BID-2024-000597,PR-2024-00513,PRC-VND-0034,12570000.0,2024-12-12,False
BID-2024-000598,PR-2024-00513,PRC-VND-0004,16404000.0,2024-12-09,True
BID-2024-000599,PR-2024-00513,PRC-VND-0089,16661000.0,2024-12-12,True
BID-2024-000600,PR-2024-00513,PRC-VND-0084,16305000.0,2024-12-09,True
BID-2024-000601,PR-2024-00056,PRC-VND-0090,4818000.0,2024-12-11,True
BID-2024-000602,PR-2024-00056,PRC-VND-0120,5060000.0,2024-12-08,True
BID-2024-000603,PR-2024-00056,PRC-VND-0055,4906000.0,2024-12-08,True
BID-2024-000604,PR-2024-00056,PRC-VND-0065,5815000.0,2024-12-14,False
BID-2024-000605,PR-2024-00452,PRC-VND-0003,1679000.0,2024-12-07,True
BID-2024-000606,PR-2024-00452,PRC-VND-0118,1414000.0,2024-12-09,True
BID-2024-000607,PR-2024-00452,PRC-VND-0013,1409000.0,2024-12-03,True
BID-2024-000608,PR-2024-00452,PRC-VND-0078,1585000.0,2024-12-04,True
BID-2024-000609,PR-2024-00625,PRC-VND-0056,10345000.0,2024-12-12,True
BID-2024-000610,PR-2024-00625,PRC-VND-0096,9772000.0,2024-12-10,False
BID-2024-000611,PR-2024-00625,PRC-VND-0021,9476000.0,2024-12-10,True
BID-2024-000612,PR-2024-00625,PRC-VND-0061,10142000.0,2024-12-12,True
BID-2024-000613,PR-2024-00465,PRC-VND-0123,12419000.0,2024-12-09,True
BID-2024-000614,PR-2024-00465,PRC-VND-0108,11820000.0,2024-12-15,False
BID-2024-000615,PR-2024-00465,PRC-VND-0048,14332000.0,2024-12-10,True
BID-2024-000616,PR-2024-00082,PRC-VND-0008,20049000.0,2024-12-11,False
BID-2024-000617,PR-2024-00082,PRC-VND-0083,16765000.0,2024-12-08,False
BID-2024-000618,PR-2024-00082,PRC-VND-0038,17396000.0,2024-12-05,True
BID-2024-000619,PR-2024-00082,PRC-VND-0063,18641000.0,2024-12-11,True
BID-2024-000620,PR-2024-00610,PRC-VND-0081,11596000.0,2024-12-09,True
BID-2024-000621,PR-2024-00610,PRC-VND-0026,11054000.0,2024-12-01,True
BID-2024-000622,PR-2024-00610,PRC-VND-0011,10987000.0,2024-12-01,True
BID-2024-000623,PR-2024-00610,PRC-VND-0116,12033000.0,2024-12-06,True
BID-2024-000624,PR-2024-00610,PRC-VND-0096,10874000.0,2024-12-09,True
BID-2024-000625,PR-2024-00258,PRC-VND-0030,29501000.0,2024-12-18,True
BID-2024-000626,PR-2024-00258,PRC-VND-0090,31179000.0,2024-12-15,True
BID-2024-000627,PR-2024-00258,PRC-VND-0055,31527000.0,2024-12-18,True
BID-2024-000628,PR-2024-00258,PRC-VND-0020,34476000.0,2024-12-12,True
BID-2024-000629,PR-2024-00258,PRC-VND-0080,34853000.0,2024-12-18,True
BID-2024-000630,PR-2024-00280,PRC-VND-0084,29172000.0,2024-12-11,True
BID-2024-000631,PR-2024-00280,PRC-VND-0049,32166000.0,2024-12-08,True
BID-2024-000632,PR-2024-00280,PRC-VND-0109,30001000.0,2024-12-13,True
BID-2024-000633,PR-2024-00280,PRC-VND-0024,31322000.0,2024-12-17,True
BID-2024-000634,PR-2024-00655,PRC-VND-0048,8556000.0,2024-12-09,True
BID-2024-000635,PR-2024-00655,PRC-VND-0118,9051000.0,2024-12-03,True
BID-2024-000636,PR-2024-00655,PRC-VND-0023,9638000.0,2024-12-07,False
BID-2024-000637,PR-2024-00655,PRC-VND-0053,8359000.0,2024-12-08,False
BID-2024-000638,PR-2024-00655,PRC-VND-0063,7321000.0,2024-12-10,True
BID-2024-000639,PR-2024-00303,PRC-VND-0057,19975000.0,2024-12-17,False
BID-2024-000640,PR-2024-00303,PRC-VND-0092,25060000.0,2024-12-09,True
BID-2024-000641,PR-2024-00303,PRC-VND-0047,23607000.0,2024-12-17,True
BID-2024-000642,PR-2024-00114,PRC-VND-0037,16805000.0,2024-12-10,False
BID-2024-000643,PR-2024-00114,PRC-VND-0047,18410000.0,2024-12-09,True
BID-2024-000644,PR-2024-00114,PRC-VND-0112,17127000.0,2024-12-06,True
BID-2024-000645,PR-2024-00114,PRC-VND-0002,15249000.0,2024-12-08,True
BID-2024-000646,PR-2024-00301,PRC-VND-0073,28977000.0,2024-12-10,True
BID-2024-000647,PR-2024-00301,PRC-VND-0118,29084000.0,2024-12-14,True
BID-2024-000648,PR-2024-00301,PRC-VND-0053,29522000.0,2024-12-08,True
BID-2024-000649,PR-2024-00310,PRC-VND-0066,6124000.0,2024-12-07,True
BID-2024-000650,PR-2024-00310,PRC-VND-0061,5515000.0,2024-12-08,True
BID-2024-000651,PR-2024-00310,PRC-VND-0106,7485000.0,2024-12-07,True
BID-2024-000652,PR-2024-00310,PRC-VND-0081,5665000.0,2024-12-05,True
BID-2024-000653,PR-2024-00694,PRC-VND-0021,16065000.0,2024-12-22,True
BID-2024-000654,PR-2024-00694,PRC-VND-0121,13474000.0,2024-12-18,True
BID-2024-000655,PR-2024-00694,PRC-VND-0086,17566000.0,2024-12-15,True
BID-2024-000656,PR-2024-00694,PRC-VND-0076,15927000.0,2024-12-20,True
BID-2024-000657,PR-2024-00708,PRC-VND-0009,14444000.0,2024-12-11,True
BID-2024-000658,PR-2024-00708,PRC-VND-0039,15846000.0,2024-12-20,True
BID-2024-000659,PR-2024-00708,PRC-VND-0044,14910000.0,2024-12-18,True
BID-2024-000660,PR-2024-00708,PRC-VND-0084,18559000.0,2024-12-16,True
BID-2024-000661,PR-2024-00708,PRC-VND-0099,15823000.0,2024-12-12,True
BID-2024-000662,PR-2024-00708,PRC-VND-0004,14759000.0,2024-12-12,True
BID-2024-000663,PR-2024-00350,PRC-VND-0021,47790000.0,2024-12-24,True
BID-2024-000664,PR-2024-00350,PRC-VND-0056,37586000.0,2024-12-26,True
BID-2024-000665,PR-2024-00350,PRC-VND-0016,40097000.0,2024-12-27,True
BID-2024-000666,PR-2024-00350,PRC-VND-0011,47358000.0,2024-12-27,False
BID-2024-000667,PR-2024-00350,PRC-VND-0031,37847000.0,2024-12-30,False
BID-2024-000668,PR-2024-00374,PRC-VND-0067,19429000.0,2024-12-13,True
BID-2024-000669,PR-2024-00374,PRC-VND-0117,16311000.0,2024-12-17,True
BID-2024-000670,PR-2024-00374,PRC-VND-0122,19875000.0,2024-12-11,True
BID-2024-000671,PR-2024-00374,PRC-VND-0112,14987000.0,2024-12-19,False
BID-2024-000672,PR-2024-00509,PRC-VND-0005,6019000.0,2024-12-25,True
BID-2024-000673,PR-2024-00509,PRC-VND-0100,6721000.0,2024-12-21,True
BID-2024-000674,PR-2024-00509,PRC-VND-0060,6217000.0,2024-12-25,True
BID-2024-000675,PR-2024-00509,PRC-VND-0065,5097000.0,2024-12-18,True
BID-2024-000676,PR-2024-00509,PRC-VND-0085,6631000.0,2024-12-24,False
BID-2024-000677,PR-2024-00509,PRC-VND-0080,6598000.0,2024-12-23,True
BID-2024-000678,PR-2024-00616,PRC-VND-0026,7816000.0,2024-12-26,True
BID-2024-000679,PR-2024-00616,PRC-VND-0016,6632000.0,2024-12-24,True
BID-2024-000680,PR-2024-00616,PRC-VND-0116,7274000.0,2024-12-28,True
BID-2024-000681,PR-2024-00679,PRC-VND-0020,28369000.0,2024-12-24,True
BID-2024-000682,PR-2024-00679,PRC-VND-0035,30252000.0,2024-12-21,True
BID-2024-000683,PR-2024-00679,PRC-VND-0070,32037000.0,2024-12-26,True
BID-2024-000684,PR-2024-00679,PRC-VND-0055,30937000.0,2024-12-29,True
BID-2024-000685,PR-2024-00359,PRC-VND-0079,28880000.0,2024-12-28,True
BID-2024-000686,PR-2024-00359,PRC-VND-0034,29518000.0,2024-12-25,True
BID-2024-000687,PR-2024-00359,PRC-VND-0029,27764000.0,2025-01-02,True
BID-2024-000688,PR-2024-00359,PRC-VND-0044,26098000.0,2024-12-31,False
BID-2024-000689,PR-2024-00359,PRC-VND-0119,25420000.0,2025-01-03,True
BID-2024-000690,PR-2024-00057,PRC-VND-0097,19524000.0,2025-01-04,True
BID-2024-000691,PR-2024-00057,PRC-VND-0017,18660000.0,2024-12-30,True
BID-2024-000692,PR-2024-00057,PRC-VND-0092,16159000.0,2025-01-07,True
BID-2024-000693,PR-2024-00057,PRC-VND-0112,17166000.0,2024-12-29,True
BID-2024-000694,PR-2024-00057,PRC-VND-0067,19502000.0,2025-01-07,True
BID-2024-000695,PR-2024-00057,PRC-VND-0032,18414000.0,2025-01-03,False
BID-2024-000696,PR-2024-00525,PRC-VND-0031,12834000.0,2024-12-25,True
BID-2024-000697,PR-2024-00525,PRC-VND-0091,11752000.0,2024-12-28,True
BID-2024-000698,PR-2024-00525,PRC-VND-0116,15189000.0,2025-01-03,False
BID-2024-000699,PR-2024-00471,PRC-VND-0060,7193000.0,2024-12-20,True
BID-2024-000700,PR-2024-00471,PRC-VND-0055,5835000.0,2024-12-24,True
BID-2024-000701,PR-2024-00471,PRC-VND-0020,6752000.0,2024-12-20,False
BID-2024-000702,PR-2024-00471,PRC-VND-0110,5701000.0,2024-12-18,True
BID-2024-000703,PR-2024-00471,PRC-VND-0120,6758000.0,2024-12-25,True
BID-2024-000704,PR-2024-00497,PRC-VND-0070,32726000.0,2025-01-03,True
BID-2024-000705,PR-2024-00497,PRC-VND-0025,31282000.0,2025-01-02,False
BID-2024-000706,PR-2024-00497,PRC-VND-0040,28479000.0,2025-01-04,False
BID-2024-000707,PR-2024-00102,PRC-VND-0045,2396000.0,2024-12-30,True
BID-2024-000708,PR-2024-00102,PRC-VND-0060,2428000.0,2024-12-31,True
BID-2024-000709,PR-2024-00102,PRC-VND-0120,2969000.0,2024-12-30,True
BID-2024-000710,PR-2024-00060,PRC-VND-0001,29183000.0,2025-01-13,False
BID-2024-000711,PR-2024-00060,PRC-VND-0111,37037000.0,2025-01-12,True
BID-2024-000712,PR-2024-00060,PRC-VND-0116,28419000.0,2025-01-07,True
BID-2024-000713,PR-2024-00060,PRC-VND-0026,29643000.0,2025-01-07,True
BID-2024-000714,PR-2024-00245,PRC-VND-0115,12072000.0,2025-01-05,True
BID-2024-000715,PR-2024-00245,PRC-VND-0020,13407000.0,2025-01-02,True
BID-2024-000716,PR-2024-00245,PRC-VND-0015,13585000.0,2025-01-09,True
BID-2024-000717,PR-2024-00415,PRC-VND-0127,32597000.0,2024-12-31,True
BID-2024-000718,PR-2024-00415,PRC-VND-0042,31748000.0,2024-12-26,False
BID-2024-000719,PR-2024-00415,PRC-VND-0102,33754000.0,2024-12-27,True
BID-2024-000720,PR-2024-00415,PRC-VND-0072,30433000.0,2025-01-02,True
BID-2024-000721,PR-2024-00126,PRC-VND-0111,35212000.0,2025-01-13,False
BID-2024-000722,PR-2024-00126,PRC-VND-0061,37772000.0,2025-01-11,True
BID-2024-000723,PR-2024-00126,PRC-VND-0101,32393000.0,2025-01-07,True
BID-2024-000724,PR-2024-00126,PRC-VND-0021,29413000.0,2025-01-11,True
BID-2024-000725,PR-2024-00126,PRC-VND-0056,31655000.0,2025-01-08,True
BID-2024-000726,PR-2024-00225,PRC-VND-0025,32918000.0,2025-01-01,True
BID-2024-000727,PR-2024-00225,PRC-VND-0105,30720000.0,2025-01-06,True
BID-2024-000728,PR-2024-00225,PRC-VND-0040,29854000.0,2025-01-02,True
BID-2024-000729,PR-2024-00364,PRC-VND-0072,31043000.0,2024-12-31,True
BID-2024-000730,PR-2024-00364,PRC-VND-0082,26951000.0,2024-12-25,True
BID-2024-000731,PR-2024-00364,PRC-VND-0047,24221000.0,2024-12-26,True
BID-2024-000732,PR-2024-00364,PRC-VND-0097,30512000.0,2024-12-29,True
BID-2024-000733,PR-2024-00364,PRC-VND-0052,25685000.0,2024-12-26,True
BID-2024-000734,PR-2024-00665,PRC-VND-0080,42106000.0,2025-01-06,False
BID-2024-000735,PR-2024-00665,PRC-VND-0060,44262000.0,2025-01-06,False
BID-2024-000736,PR-2024-00665,PRC-VND-0100,35974000.0,2025-01-04,True
BID-2024-000737,PR-2024-00665,PRC-VND-0085,37454000.0,2024-12-31,True
BID-2024-000738,PR-2024-00665,PRC-VND-0045,39235000.0,2025-01-05,True
BID-2024-000739,PR-2024-00271,PRC-VND-0044,33940000.0,2025-01-03,True
BID-2024-000740,PR-2024-00271,PRC-VND-0084,38491000.0,2024-12-27,True
BID-2024-000741,PR-2024-00271,PRC-VND-0104,29992000.0,2024-12-27,True
BID-2024-000742,PR-2024-00793,PRC-VND-0083,20255000.0,2025-01-11,True
BID-2024-000743,PR-2024-00793,PRC-VND-0113,18556000.0,2025-01-05,True
BID-2024-000744,PR-2024-00793,PRC-VND-0128,19374000.0,2025-01-08,True
BID-2024-000745,PR-2024-00793,PRC-VND-0003,20163000.0,2025-01-12,True
BID-2024-000746,PR-2024-00793,PRC-VND-0043,21698000.0,2025-01-13,True
BID-2024-000747,PR-2024-00793,PRC-VND-0033,20407000.0,2025-01-13,False
BID-2024-000748,PR-2024-00141,PRC-VND-0052,19394000.0,2025-01-02,True
BID-2024-000749,PR-2024-00141,PRC-VND-0087,20868000.0,2025-01-08,True
BID-2024-000750,PR-2024-00141,PRC-VND-0102,22875000.0,2025-01-08,True
BID-2024-000751,PR-2024-00141,PRC-VND-0017,22051000.0,2025-01-04,True
BID-2024-000752,PR-2024-00075,PRC-VND-0013,33031000.0,2024-12-30,True
BID-2024-000753,PR-2024-00075,PRC-VND-0123,25621000.0,2024-12-30,True
BID-2024-000754,PR-2024-00075,PRC-VND-0103,27488000.0,2025-01-02,False
BID-2024-000755,PR-2024-00075,PRC-VND-0008,29275000.0,2024-12-27,True
BID-2024-000756,PR-2024-00075,PRC-VND-0113,28901000.0,2024-12-30,True
BID-2024-000757,PR-2024-00075,PRC-VND-0053,29788000.0,2024-12-31,False
BID-2024-000758,PR-2024-00191,PRC-VND-0025,42642000.0,2025-01-10,True
BID-2024-000759,PR-2024-00191,PRC-VND-0040,32478000.0,2025-01-14,False
BID-2024-000760,PR-2024-00191,PRC-VND-0060,35363000.0,2025-01-16,True
BID-2024-000761,PR-2024-00265,PRC-VND-0104,31791000.0,2025-01-10,False
BID-2024-000762,PR-2024-00265,PRC-VND-0014,28928000.0,2025-01-10,True
BID-2024-000763,PR-2024-00265,PRC-VND-0004,32003000.0,2025-01-13,True
BID-2024-000764,PR-2024-00219,PRC-VND-0103,10649000.0,2025-01-13,True
BID-2024-000765,PR-2024-00219,PRC-VND-0048,10904000.0,2025-01-11,True
BID-2024-000766,PR-2024-00219,PRC-VND-0088,11903000.0,2025-01-13,True
BID-2024-000767,PR-2024-00590,PRC-VND-0020,35023000.0,2025-01-04,True
BID-2024-000768,PR-2024-00590,PRC-VND-0110,44844000.0,2025-01-07,True
BID-2024-000769,PR-2024-00590,PRC-VND-0045,33729000.0,2025-01-06,True
BID-2024-000770,PR-2024-00590,PRC-VND-0055,38983000.0,2025-01-11,True
BID-2024-000771,PR-2024-00590,PRC-VND-0015,42643000.0,2025-01-05,True
BID-2024-000772,PR-2024-00590,PRC-VND-0025,33311000.0,2025-01-07,True
BID-2024-000773,PR-2024-00707,PRC-VND-0045,4973000.0,2025-01-06,True
BID-2024-000774,PR-2024-00707,PRC-VND-0100,5087000.0,2025-01-11,True
BID-2024-000775,PR-2024-00707,PRC-VND-0075,5718000.0,2025-01-11,True
BID-2024-000776,PR-2024-00707,PRC-VND-0025,5549000.0,2025-01-11,True
BID-2024-000777,PR-2024-00707,PRC-VND-0015,6481000.0,2025-01-12,True
BID-2024-000778,PR-2024-00459,PRC-VND-0015,6720000.0,2025-01-08,True
BID-2024-000779,PR-2024-00459,PRC-VND-0090,7083000.0,2025-01-12,True
BID-2024-000780,PR-2024-00459,PRC-VND-0045,6402000.0,2025-01-07,True
BID-2024-000781,PR-2024-00768,PRC-VND-0116,18685000.0,2025-01-09,True
BID-2024-000782,PR-2024-00768,PRC-VND-0126,18952000.0,2025-01-04,True
BID-2024-000783,PR-2024-00768,PRC-VND-0001,17948000.0,2025-01-02,True
BID-2024-000784,PR-2024-00179,PRC-VND-0005,14266000.0,2025-01-20,True
BID-2024-000785,PR-2024-00179,PRC-VND-0115,11056000.0,2025-01-17,False
BID-2024-000786,PR-2024-00179,PRC-VND-0055,13819000.0,2025-01-16,True
BID-2024-000787,PR-2024-00781,PRC-VND-0005,42553000.0,2025-01-14,False
BID-2024-000788,PR-2024-00781,PRC-VND-0035,48564000.0,2025-01-14,True
BID-2024-000789,PR-2024-00781,PRC-VND-0120,38587000.0,2025-01-12,True
BID-2024-000790,PR-2024-00781,PRC-VND-0025,37522000.0,2025-01-09,False
BID-2024-000791,PR-2024-00294,PRC-VND-0112,1787000.0,2025-01-13,False
BID-2024-000792,PR-2024-00294,PRC-VND-0102,1867000.0,2025-01-14,True
BID-2024-000793,PR-2024-00294,PRC-VND-0027,1928000.0,2025-01-06,True
BID-2024-000794,PR-2024-00294,PRC-VND-0107,1842000.0,2025-01-13,True
BID-2024-000795,PR-2024-00294,PRC-VND-0072,1788000.0,2025-01-12,False
BID-2024-000796,PR-2024-00294,PRC-VND-0062,2080000.0,2025-01-14,True
BID-2024-000797,PR-2024-00556,PRC-VND-0086,26221000.0,2025-01-12,True
BID-2024-000798,PR-2024-00556,PRC-VND-0031,23699000.0,2025-01-15,True
BID-2024-000799,PR-2024-00556,PRC-VND-0051,30619000.0,2025-01-12,True
BID-2024-000800,PR-2024-00556,PRC-VND-0106,25463000.0,2025-01-16,True
BID-2024-000801,PR-2024-00556,PRC-VND-0056,24227000.0,2025-01-18,True
BID-2024-000802,PR-2024-00556,PRC-VND-0096,31150000.0,2025-01-20,True
BID-2024-000803,PR-2024-00795,PRC-VND-0048,27638000.0,2025-01-19,True
BID-2024-000804,PR-2024-00795,PRC-VND-0023,27886000.0,2025-01-27,True
BID-2024-000805,PR-2024-00795,PRC-VND-0008,32203000.0,2025-01-24,True
BID-2024-000806,PR-2024-00508,PRC-VND-0123,42593000.0,2025-01-27,False
BID-2024-000807,PR-2024-00508,PRC-VND-0053,38639000.0,2025-01-21,False
BID-2024-000808,PR-2024-00508,PRC-VND-0063,44419000.0,2025-01-20,True
BID-2024-000809,PR-2024-00508,PRC-VND-0038,43464000.0,2025-01-21,True
BID-2024-000810,PR-2024-00508,PRC-VND-0093,41026000.0,2025-01-21,True
BID-2024-000811,PR-2024-00241,PRC-VND-0006,21308000.0,2025-01-29,True
BID-2024-000812,PR-2024-00241,PRC-VND-0091,20768000.0,2025-01-30,True
BID-2024-000813,PR-2024-00241,PRC-VND-0126,23498000.0,2025-01-22,True
BID-2024-000814,PR-2024-00241,PRC-VND-0026,19291000.0,2025-01-23,False
BID-2024-000815,PR-2024-00241,PRC-VND-0031,23657000.0,2025-01-29,False
BID-2025-000001,PR-2025-00422,PRC-VND-0073,34090000.0,2025-01-21,True
BID-2025-000002,PR-2025-00422,PRC-VND-0093,43735000.0,2025-01-25,True
BID-2025-000003,PR-2025-00422,PRC-VND-0013,34162000.0,2025-01-18,True
BID-2025-000004,PR-2025-00741,PRC-VND-0079,38829000.0,2025-01-16,True
BID-2025-000005,PR-2025-00741,PRC-VND-0124,41021000.0,2025-01-19,True
BID-2025-000006,PR-2025-00741,PRC-VND-0104,41249000.0,2025-01-16,False
BID-2025-000007,PR-2025-00214,PRC-VND-0013,44827000.0,2025-01-24,True
BID-2025-000008,PR-2025-00214,PRC-VND-0033,41519000.0,2025-01-27,True
BID-2025-000009,PR-2025-00214,PRC-VND-0048,47783000.0,2025-01-21,True
BID-2025-000010,PR-2025-00214,PRC-VND-0128,42329000.0,2025-01-28,True
BID-2025-000011,PR-2025-00214,PRC-VND-0068,39179000.0,2025-01-26,True
BID-2025-000012,PR-2025-00619,PRC-VND-0023,20256000.0,2025-01-26,True
BID-2025-000013,PR-2025-00619,PRC-VND-0068,25147000.0,2025-01-28,True
BID-2025-000014,PR-2025-00619,PRC-VND-0013,23176000.0,2025-01-22,False
BID-2025-000015,PR-2025-00619,PRC-VND-0028,25218000.0,2025-01-27,False
BID-2025-000016,PR-2025-00619,PRC-VND-0108,24713000.0,2025-01-23,True
BID-2025-000017,PR-2025-00697,PRC-VND-0047,23286000.0,2025-01-25,True
BID-2025-000018,PR-2025-00697,PRC-VND-0052,26447000.0,2025-01-18,True
BID-2025-000019,PR-2025-00697,PRC-VND-0017,27823000.0,2025-01-23,True
BID-2025-000020,PR-2025-00697,PRC-VND-0092,28649000.0,2025-01-23,True
BID-2025-000021,PR-2025-00460,PRC-VND-0031,23189000.0,2025-01-22,False
BID-2025-000022,PR-2025-00460,PRC-VND-0121,27664000.0,2025-01-26,True
BID-2025-000023,PR-2025-00460,PRC-VND-0096,23204000.0,2025-01-23,False
BID-2025-000024,PR-2025-00460,PRC-VND-0006,29561000.0,2025-01-25,True
BID-2025-000025,PR-2025-00460,PRC-VND-0111,28269000.0,2025-01-27,True
BID-2025-000026,PR-2025-00468,PRC-VND-0080,27118000.0,2025-01-31,True
BID-2025-000027,PR-2025-00468,PRC-VND-0100,32724000.0,2025-02-04,True
BID-2025-000028,PR-2025-00468,PRC-VND-0095,31752000.0,2025-01-30,False
BID-2025-000029,PR-2025-00468,PRC-VND-0035,30248000.0,2025-01-28,True
BID-2025-000030,PR-2025-00468,PRC-VND-0020,25916000.0,2025-01-31,True
BID-2025-000031,PR-2025-00746,PRC-VND-0013,13072000.0,2025-02-02,True
BID-2025-000032,PR-2025-00746,PRC-VND-0033,15313000.0,2025-02-03,True
BID-2025-000033,PR-2025-00746,PRC-VND-0093,14638000.0,2025-01-29,True
BID-2025-000034,PR-2025-00746,PRC-VND-0128,12154000.0,2025-01-28,True
BID-2025-000035,PR-2025-00538,PRC-VND-0023,32911000.0,2025-01-28,True
BID-2025-000036,PR-2025-00538,PRC-VND-0128,36237000.0,2025-02-03,True
BID-2025-000037,PR-2025-00538,PRC-VND-0028,33253000.0,2025-01-26,True
BID-2025-000038,PR-2025-00538,PRC-VND-0103,37382000.0,2025-01-29,True
BID-2025-000039,PR-2025-00548,PRC-VND-0129,8717000.0,2025-02-04,True
BID-2025-000040,PR-2025-00548,PRC-VND-0009,7732000.0,2025-02-04,True
BID-2025-000041,PR-2025-00548,PRC-VND-0044,8071000.0,2025-01-31,True
BID-2025-000042,PR-2025-00548,PRC-VND-0069,8656000.0,2025-02-08,True
BID-2025-000043,PR-2025-00548,PRC-VND-0019,7682000.0,2025-02-07,True
BID-2025-000044,PR-2025-00548,PRC-VND-0004,9383000.0,2025-01-31,False
BID-2025-000045,PR-2025-00065,PRC-VND-0055,3772000.0,2025-01-29,True
BID-2025-000046,PR-2025-00065,PRC-VND-0075,4463000.0,2025-01-30,True
BID-2025-000047,PR-2025-00065,PRC-VND-0020,3586000.0,2025-01-26,True
BID-2025-000048,PR-2025-00448,PRC-VND-0095,30226000.0,2025-02-06,True
BID-2025-000049,PR-2025-00448,PRC-VND-0125,29689000.0,2025-02-02,True
BID-2025-000050,PR-2025-00448,PRC-VND-0030,30043000.0,2025-01-30,True
BID-2025-000051,PR-2025-00448,PRC-VND-0040,29262000.0,2025-02-07,True
BID-2025-000052,PR-2025-00448,PRC-VND-0050,28626000.0,2025-02-01,True
BID-2025-000053,PR-2025-00448,PRC-VND-0065,33179000.0,2025-02-02,False
BID-2025-000054,PR-2025-00235,PRC-VND-0100,25299000.0,2025-02-06,True
BID-2025-000055,PR-2025-00235,PRC-VND-0075,29133000.0,2025-02-08,True
BID-2025-000056,PR-2025-00235,PRC-VND-0015,28750000.0,2025-02-07,True
BID-2025-000057,PR-2025-00235,PRC-VND-0085,25214000.0,2025-02-10,True
BID-2025-000058,PR-2025-00235,PRC-VND-0080,25061000.0,2025-02-01,True
BID-2025-000059,PR-2025-00220,PRC-VND-0061,44349000.0,2025-02-03,True
BID-2025-000060,PR-2025-00220,PRC-VND-0086,43878000.0,2025-02-03,False
BID-2025-000061,PR-2025-00220,PRC-VND-0016,37467000.0,2025-01-31,True
BID-2025-000062,PR-2025-00220,PRC-VND-0076,44249000.0,2025-02-05,True
BID-2025-000063,PR-2025-00220,PRC-VND-0126,37710000.0,2025-02-07,False
BID-2025-000064,PR-2025-00220,PRC-VND-0091,39565000.0,2025-02-08,True
BID-2025-000065,PR-2025-00450,PRC-VND-0117,29634000.0,2025-02-11,True
BID-2025-000066,PR-2025-00450,PRC-VND-0082,31522000.0,2025-02-10,True
BID-2025-000067,PR-2025-00450,PRC-VND-0037,27527000.0,2025-02-07,True
BID-2025-000068,PR-2025-00682,PRC-VND-0118,34073000.0,2025-02-07,False
BID-2025-000069,PR-2025-00682,PRC-VND-0113,32882000.0,2025-02-06,True
BID-2025-000070,PR-2025-00682,PRC-VND-0068,42216000.0,2025-02-06,True
BID-2025-000071,PR-2025-00381,PRC-VND-0013,37175000.0,2025-02-03,True
BID-2025-000072,PR-2025-00381,PRC-VND-0038,37341000.0,2025-02-05,True
BID-2025-000073,PR-2025-00381,PRC-VND-0113,43768000.0,2025-02-09,True
BID-2025-000074,PR-2025-00381,PRC-VND-0103,38835000.0,2025-02-10,True
BID-2025-000075,PR-2025-00381,PRC-VND-0098,37680000.0,2025-02-05,True
BID-2025-000076,PR-2025-00381,PRC-VND-0128,42720000.0,2025-02-07,False
BID-2025-000077,PR-2025-00021,PRC-VND-0044,22496000.0,2025-02-11,True
BID-2025-000078,PR-2025-00021,PRC-VND-0054,18114000.0,2025-02-11,True
BID-2025-000079,PR-2025-00021,PRC-VND-0064,19249000.0,2025-02-18,True
BID-2025-000080,PR-2025-00197,PRC-VND-0078,22965000.0,2025-02-03,True
BID-2025-000081,PR-2025-00197,PRC-VND-0048,22672000.0,2025-02-02,True
BID-2025-000082,PR-2025-00197,PRC-VND-0128,21675000.0,2025-02-08,False
BID-2025-000083,PR-2025-00197,PRC-VND-0023,21057000.0,2025-02-05,False
BID-2025-000084,PR-2025-00197,PRC-VND-0043,17913000.0,2025-02-08,True
BID-2025-000085,PR-2025-00197,PRC-VND-0118,22109000.0,2025-02-01,False
BID-2025-000086,PR-2025-00445,PRC-VND-0040,17997000.0,2025-02-17,True
BID-2025-000087,PR-2025-00445,PRC-VND-0085,17843000.0,2025-02-18,True
BID-2025-000088,PR-2025-00445,PRC-VND-0005,15961000.0,2025-02-14,True
BID-2025-000089,PR-2025-00445,PRC-VND-0110,18076000.0,2025-02-17,True
BID-2025-000090,PR-2025-00511,PRC-VND-0056,4543000.0,2025-02-17,False
BID-2025-000091,PR-2025-00511,PRC-VND-0036,4671000.0,2025-02-10,True
BID-2025-000092,PR-2025-00511,PRC-VND-0101,4678000.0,2025-02-15,False
BID-2025-000093,PR-2025-00511,PRC-VND-0046,5685000.0,2025-02-09,True
BID-2025-000094,PR-2025-00511,PRC-VND-0081,5862000.0,2025-02-16,True
BID-2025-000095,PR-2025-00567,PRC-VND-0046,18471000.0,2025-02-10,True
BID-2025-000096,PR-2025-00567,PRC-VND-0131,18724000.0,2025-02-02,True
BID-2025-000097,PR-2025-00567,PRC-VND-0111,19617000.0,2025-02-02,True
BID-2025-000098,PR-2025-00567,PRC-VND-0026,18312000.0,2025-02-04,True
BID-2025-000099,PR-2025-00567,PRC-VND-0071,19975000.0,2025-02-07,True
BID-2025-000100,PR-2025-00567,PRC-VND-0126,22925000.0,2025-02-09,False
BID-2025-000101,PR-2025-00035,PRC-VND-0106,19069000.0,2025-02-10,True
BID-2025-000102,PR-2025-00035,PRC-VND-0051,15539000.0,2025-02-16,True
BID-2025-000103,PR-2025-00035,PRC-VND-0121,16624000.0,2025-02-10,True
BID-2025-000104,PR-2025-00666,PRC-VND-0015,31939000.0,2025-02-23,False
BID-2025-000105,PR-2025-00666,PRC-VND-0035,39209000.0,2025-02-14,True
BID-2025-000106,PR-2025-00666,PRC-VND-0005,36174000.0,2025-02-17,True
BID-2025-000107,PR-2025-00666,PRC-VND-0105,40377000.0,2025-02-16,True
BID-2025-000108,PR-2025-00666,PRC-VND-0040,37148000.0,2025-02-19,False
BID-2025-000109,PR-2025-00666,PRC-VND-0125,34416000.0,2025-02-17,True
BID-2025-000110,PR-2025-00026,PRC-VND-0123,17631000.0,2025-02-16,True
BID-2025-000111,PR-2025-00026,PRC-VND-0088,18141000.0,2025-02-14,True
BID-2025-000112,PR-2025-00026,PRC-VND-0003,14382000.0,2025-02-12,True
BID-2025-000113,PR-2025-00026,PRC-VND-0028,16837000.0,2025-02-13,True
BID-2025-000114,PR-2025-00189,PRC-VND-0010,35729000.0,2025-02-07,True
BID-2025-000115,PR-2025-00189,PRC-VND-0035,34202000.0,2025-02-06,True
BID-2025-000116,PR-2025-00189,PRC-VND-0060,40225000.0,2025-02-15,True
BID-2025-000117,PR-2025-00217,PRC-VND-0083,27695000.0,2025-02-17,True
BID-2025-000118,PR-2025-00217,PRC-VND-0113,22132000.0,2025-02-16,True
BID-2025-000119,PR-2025-00217,PRC-VND-0078,28568000.0,2025-02-20,True
BID-2025-000120,PR-2025-00217,PRC-VND-0008,28242000.0,2025-02-24,True
BID-2025-000121,PR-2025-00217,PRC-VND-0118,27956000.0,2025-02-23,False
BID-2025-000122,PR-2025-00563,PRC-VND-0099,31131000.0,2025-02-21,False
BID-2025-000123,PR-2025-00563,PRC-VND-0074,36274000.0,2025-02-19,True
BID-2025-000124,PR-2025-00563,PRC-VND-0029,38168000.0,2025-02-21,True
BID-2025-000125,PR-2025-00563,PRC-VND-0019,35535000.0,2025-02-21,True
BID-2025-000126,PR-2025-00563,PRC-VND-0114,40027000.0,2025-02-18,True
BID-2025-000127,PR-2025-00563,PRC-VND-0109,33595000.0,2025-02-16,True
BID-2025-000128,PR-2025-00621,PRC-VND-0044,33194000.0,2025-02-21,True
BID-2025-000129,PR-2025-00621,PRC-VND-0079,37499000.0,2025-02-23,False
BID-2025-000130,PR-2025-00621,PRC-VND-0034,32242000.0,2025-02-19,True
BID-2025-000131,PR-2025-00621,PRC-VND-0119,33880000.0,2025-02-19,True
BID-2025-000132,PR-2025-00621,PRC-VND-0004,35243000.0,2025-02-18,True
BID-2025-000133,PR-2025-00360,PRC-VND-0004,18377000.0,2025-02-12,True
BID-2025-000134,PR-2025-00360,PRC-VND-0124,13884000.0,2025-02-21,True
BID-2025-000135,PR-2025-00360,PRC-VND-0129,14997000.0,2025-02-20,False
BID-2025-000136,PR-2025-00606,PRC-VND-0092,35420000.0,2025-02-08,True
BID-2025-000137,PR-2025-00606,PRC-VND-0067,42543000.0,2025-02-16,True
BID-2025-000138,PR-2025-00606,PRC-VND-0037,45734000.0,2025-02-12,True
BID-2025-000139,PR-2025-00606,PRC-VND-0047,43891000.0,2025-02-13,True
BID-2025-000140,PR-2025-00606,PRC-VND-0087,34878000.0,2025-02-11,True
BID-2025-000141,PR-2025-00171,PRC-VND-0024,5640000.0,2025-02-14,True
BID-2025-000142,PR-2025-00171,PRC-VND-0079,5594000.0,2025-02-13,True
BID-2025-000143,PR-2025-00171,PRC-VND-0059,6391000.0,2025-02-20,True
BID-2025-000144,PR-2025-00171,PRC-VND-0044,6699000.0,2025-02-14,False
BID-2025-000145,PR-2025-00171,PRC-VND-0084,6102000.0,2025-02-13,True
BID-2025-000146,PR-2025-00395,PRC-VND-0037,35136000.0,2025-02-19,True
BID-2025-000147,PR-2025-00395,PRC-VND-0077,33120000.0,2025-02-23,False
BID-2025-000148,PR-2025-00395,PRC-VND-0102,32673000.0,2025-02-23,True
BID-2025-000149,PR-2025-00395,PRC-VND-0082,32275000.0,2025-02-19,True
BID-2025-000150,PR-2025-00395,PRC-VND-0067,33120000.0,2025-02-23,True
BID-2025-000151,PR-2025-00395,PRC-VND-0022,32987000.0,2025-02-23,True
BID-2025-000152,PR-2025-00404,PRC-VND-0129,2777000.0,2025-02-13,True
BID-2025-000153,PR-2025-00404,PRC-VND-0009,2201000.0,2025-02-20,True
BID-2025-000154,PR-2025-00404,PRC-VND-0099,2504000.0,2025-02-21,True
BID-2025-000155,PR-2025-00404,PRC-VND-0119,2513000.0,2025-02-15,True
BID-2025-000156,PR-2025-00404,PRC-VND-0079,2282000.0,2025-02-21,True
BID-2025-000157,PR-2025-00351,PRC-VND-0073,10491000.0,2025-03-05,True
BID-2025-000158,PR-2025-00351,PRC-VND-0088,12218000.0,2025-03-05,True
BID-2025-000159,PR-2025-00351,PRC-VND-0008,11410000.0,2025-03-01,True
BID-2025-000160,PR-2025-00351,PRC-VND-0103,9505000.0,2025-02-26,True
BID-2025-000161,PR-2025-00351,PRC-VND-0003,11046000.0,2025-02-27,True
BID-2025-000162,PR-2025-00709,PRC-VND-0074,28934000.0,2025-03-03,True
BID-2025-000163,PR-2025-00709,PRC-VND-0119,26955000.0,2025-03-01,True
BID-2025-000164,PR-2025-00709,PRC-VND-0014,32552000.0,2025-03-04,False
BID-2025-000165,PR-2025-00626,PRC-VND-0060,251000.0,2025-02-24,True
BID-2025-000166,PR-2025-00626,PRC-VND-0005,217000.0,2025-02-28,True
BID-2025-000167,PR-2025-00626,PRC-VND-0115,224000.0,2025-03-03,True
BID-2025-000168,PR-2025-00626,PRC-VND-0125,245000.0,2025-03-03,True
BID-2025-000169,PR-2025-00626,PRC-VND-0080,253000.0,2025-02-23,True
BID-2025-000170,PR-2025-00626,PRC-VND-0090,234000.0,2025-02-23,True
BID-2025-000171,PR-2025-00335,PRC-VND-0063,40618000.0,2025-03-04,True
BID-2025-000172,PR-2025-00335,PRC-VND-0058,30080000.0,2025-03-02,True
BID-2025-000173,PR-2025-00335,PRC-VND-0128,36438000.0,2025-03-02,False
BID-2025-000174,PR-2025-00335,PRC-VND-0043,39706000.0,2025-03-03,True
BID-2025-000175,PR-2025-00335,PRC-VND-0108,37474000.0,2025-03-07,True
BID-2025-000176,PR-2025-00335,PRC-VND-0113,39594000.0,2025-03-09,True
BID-2025-000177,PR-2025-00663,PRC-VND-0036,10485000.0,2025-03-07,True
BID-2025-000178,PR-2025-00663,PRC-VND-0011,8545000.0,2025-03-05,False
BID-2025-000179,PR-2025-00663,PRC-VND-0071,9087000.0,2025-03-07,True
BID-2025-000180,PR-2025-00004,PRC-VND-0110,27046000.0,2025-03-05,True
BID-2025-000181,PR-2025-00004,PRC-VND-0125,33128000.0,2025-03-03,True
BID-2025-000182,PR-2025-00004,PRC-VND-0070,30959000.0,2025-03-02,False
BID-2025-000183,PR-2025-00004,PRC-VND-0080,33708000.0,2025-03-04,False
BID-2025-000184,PR-2025-00473,PRC-VND-0092,7226000.0,2025-02-28,True
BID-2025-000185,PR-2025-00473,PRC-VND-0012,8304000.0,2025-02-27,True
BID-2025-000186,PR-2025-00473,PRC-VND-0117,7347000.0,2025-02-28,True
BID-2025-000187,PR-2025-00473,PRC-VND-0132,8741000.0,2025-03-01,True
BID-2025-000188,PR-2025-00473,PRC-VND-0052,8274000.0,2025-03-05,True
BID-2025-000189,PR-2025-00067,PRC-VND-0008,36036000.0,2025-02-22,True
BID-2025-000190,PR-2025-00067,PRC-VND-0013,27286000.0,2025-02-24,True
BID-2025-000191,PR-2025-00067,PRC-VND-0123,35039000.0,2025-02-25,True
BID-2025-000192,PR-2025-00067,PRC-VND-0083,35778000.0,2025-02-25,True
BID-2025-000193,PR-2025-00067,PRC-VND-0063,30993000.0,2025-03-01,True
BID-2025-000194,PR-2025-00081,PRC-VND-0003,3748000.0,2025-03-06,True
BID-2025-000195,PR-2025-00081,PRC-VND-0083,3692000.0,2025-03-12,True
BID-2025-000196,PR-2025-00081,PRC-VND-0128,3813000.0,2025-03-12,False
BID-2025-000197,PR-2025-00081,PRC-VND-0063,4236000.0,2025-03-12,True
BID-2025-000198,PR-2025-00081,PRC-VND-0108,3606000.0,2025-03-14,False
BID-2025-000199,PR-2025-00081,PRC-VND-0053,4171000.0,2025-03-15,True
BID-2025-000200,PR-2025-00292,PRC-VND-0120,47762000.0,2025-03-12,True
BID-2025-000201,PR-2025-00292,PRC-VND-0105,38490000.0,2025-03-04,True
BID-2025-000202,PR-2025-00292,PRC-VND-0030,40017000.0,2025-03-06,True
BID-2025-000203,PR-2025-00292,PRC-VND-0090,37942000.0,2025-03-11,True
BID-2025-000204,PR-2025-00279,PRC-VND-0071,30391000.0,2025-03-07,True
BID-2025-000205,PR-2025-00279,PRC-VND-0051,28054000.0,2025-03-11,True
BID-2025-000206,PR-2025-00279,PRC-VND-0091,34584000.0,2025-03-02,True
BID-2025-000207,PR-2025-00531,PRC-VND-0003,11024000.0,2025-03-13,True
BID-2025-000208,PR-2025-00531,PRC-VND-0118,10971000.0,2025-03-17,True
BID-2025-000209,PR-2025-00531,PRC-VND-0033,13141000.0,2025-03-09,True
BID-2025-000210,PR-2025-00531,PRC-VND-0043,12099000.0,2025-03-11,True
BID-2025-000211,PR-2025-00257,PRC-VND-0090,28155000.0,2025-03-05,True
BID-2025-000212,PR-2025-00257,PRC-VND-0060,23352000.0,2025-03-08,False
BID-2025-000213,PR-2025-00257,PRC-VND-0005,22605000.0,2025-03-07,False
BID-2025-000214,PR-2025-00765,PRC-VND-0106,7430000.0,2025-03-06,True
BID-2025-000215,PR-2025-00765,PRC-VND-0121,7253000.0,2025-03-03,True
BID-2025-000216,PR-2025-00765,PRC-VND-0126,9555000.0,2025-03-07,True
BID-2025-000217,PR-2025-00765,PRC-VND-0101,7304000.0,2025-03-09,True
BID-2025-000218,PR-2025-00765,PRC-VND-0041,7229000.0,2025-03-04,True
BID-2025-000219,PR-2025-00733,PRC-VND-0104,19132000.0,2025-03-17,True
BID-2025-000220,PR-2025-00733,PRC-VND-0004,18813000.0,2025-03-19,True
BID-2025-000221,PR-2025-00733,PRC-VND-0129,23580000.0,2025-03-17,True
BID-2025-000222,PR-2025-00041,PRC-VND-0046,444000.0,2025-03-11,False
BID-2025-000223,PR-2025-00041,PRC-VND-0036,479000.0,2025-03-15,True
BID-2025-000224,PR-2025-00041,PRC-VND-0001,430000.0,2025-03-13,True
BID-2025-000225,PR-2025-00129,PRC-VND-0035,38068000.0,2025-03-19,False
BID-2025-000226,PR-2025-00129,PRC-VND-0045,49862000.0,2025-03-21,True
BID-2025-000227,PR-2025-00129,PRC-VND-0005,49805000.0,2025-03-14,True
BID-2025-000228,PR-2025-00129,PRC-VND-0075,38921000.0,2025-03-14,True
BID-2025-000229,PR-2025-00693,PRC-VND-0103,9386000.0,2025-03-13,True
BID-2025-000230,PR-2025-00693,PRC-VND-0023,9697000.0,2025-03-16,True
BID-2025-000231,PR-2025-00693,PRC-VND-0113,10164000.0,2025-03-20,True
BID-2025-000232,PR-2025-00693,PRC-VND-0038,10877000.0,2025-03-12,True
BID-2025-000233,PR-2025-00693,PRC-VND-0093,11017000.0,2025-03-14,True
BID-2025-000234,PR-2025-00144,PRC-VND-0086,18704000.0,2025-03-20,True
BID-2025-000235,PR-2025-00144,PRC-VND-0031,21687000.0,2025-03-17,True
BID-2025-000236,PR-2025-00144,PRC-VND-0116,21095000.0,2025-03-12,True
BID-2025-000237,PR-2025-00144,PRC-VND-0096,20351000.0,2025-03-19,True
BID-2025-000238,PR-2025-00144,PRC-VND-0056,21139000.0,2025-03-13,True
BID-2025-000239,PR-2025-00385,PRC-VND-0076,32241000.0,2025-03-30,True
BID-2025-000240,PR-2025-00385,PRC-VND-0066,34881000.0,2025-03-30,True
BID-2025-000241,PR-2025-00385,PRC-VND-0026,32938000.0,2025-03-21,True
BID-2025-000242,PR-2025-00284,PRC-VND-0070,33299000.0,2025-03-18,True
BID-2025-000243,PR-2025-00284,PRC-VND-0080,34398000.0,2025-03-16,True
BID-2025-000244,PR-2025-00284,PRC-VND-0030,31985000.0,2025-03-25,False
BID-2025-000245,PR-2025-00284,PRC-VND-0055,32649000.0,2025-03-16,True
BID-2025-000246,PR-2025-00284,PRC-VND-0125,28383000.0,2025-03-23,True
BID-2025-000247,PR-2025-00329,PRC-VND-0043,15182000.0,2025-03-20,True
BID-2025-000248,PR-2025-00329,PRC-VND-0048,13912000.0,2025-03-26,True
BID-2025-000249,PR-2025-00329,PRC-VND-0058,13113000.0,2025-03-26,True
BID-2025-000250,PR-2025-00530,PRC-VND-0031,17808000.0,2025-03-25,True
BID-2025-000251,PR-2025-00530,PRC-VND-0001,20042000.0,2025-03-23,True
BID-2025-000252,PR-2025-00530,PRC-VND-0016,19786000.0,2025-03-22,True
BID-2025-000253,PR-2025-00530,PRC-VND-0091,18167000.0,2025-03-27,True
BID-2025-000254,PR-2025-00167,PRC-VND-0127,6264000.0,2025-03-22,True
BID-2025-000255,PR-2025-00167,PRC-VND-0032,5178000.0,2025-03-23,True
BID-2025-000256,PR-2025-00167,PRC-VND-0002,6593000.0,2025-03-25,False
BID-2025-000257,PR-2025-00495,PRC-VND-0093,24208000.0,2025-03-18,True
BID-2025-000258,PR-2025-00495,PRC-VND-0023,29878000.0,2025-03-20,True
BID-2025-000259,PR-2025-00495,PRC-VND-0003,27992000.0,2025-03-17,False
BID-2025-000260,PR-2025-00495,PRC-VND-0078,30386000.0,2025-03-13,True
BID-2025-000261,PR-2025-00495,PRC-VND-0018,26227000.0,2025-03-22,False
BID-2025-000262,PR-2025-00243,PRC-VND-0071,4956000.0,2025-03-23,True
BID-2025-000263,PR-2025-00243,PRC-VND-0061,5263000.0,2025-03-22,True
BID-2025-000264,PR-2025-00243,PRC-VND-0041,4695000.0,2025-03-17,True
BID-2025-000265,PR-2025-00243,PRC-VND-0111,4428000.0,2025-03-19,True
BID-2025-000266,PR-2025-00243,PRC-VND-0046,5482000.0,2025-03-21,False
BID-2025-000267,PR-2025-00039,PRC-VND-0073,45583000.0,2025-03-23,True
BID-2025-000268,PR-2025-00039,PRC-VND-0043,46212000.0,2025-03-16,True
BID-2025-000269,PR-2025-00039,PRC-VND-0028,43021000.0,2025-03-22,True
BID-2025-000270,PR-2025-00039,PRC-VND-0078,38030000.0,2025-03-18,True
BID-2025-000271,PR-2025-00039,PRC-VND-0083,41789000.0,2025-03-20,True
BID-2025-000272,PR-2025-00687,PRC-VND-0007,35361000.0,2025-04-01,True
BID-2025-000273,PR-2025-00687,PRC-VND-0097,47757000.0,2025-03-31,True
BID-2025-000274,PR-2025-00687,PRC-VND-0027,47488000.0,2025-04-02,True
BID-2025-000275,PR-2025-00687,PRC-VND-0052,47678000.0,2025-03-30,False
BID-2025-000276,PR-2025-00348,PRC-VND-0061,2688000.0,2025-04-03,True
BID-2025-000277,PR-2025-00348,PRC-VND-0051,2241000.0,2025-04-03,True
BID-2025-000278,PR-2025-00348,PRC-VND-0106,2369000.0,2025-03-29,True
BID-2025-000279,PR-2025-00348,PRC-VND-0036,2188000.0,2025-04-04,True
BID-2025-000280,PR-2025-00569,PRC-VND-0023,10213000.0,2025-03-22,True
BID-2025-000281,PR-2025-00569,PRC-VND-0038,9926000.0,2025-03-28,True
BID-2025-000282,PR-2025-00569,PRC-VND-0058,9860000.0,2025-03-31,False
BID-2025-000283,PR-2025-00120,PRC-VND-0098,21360000.0,2025-03-30,True
BID-2025-000284,PR-2025-00120,PRC-VND-0118,18231000.0,2025-03-31,True
BID-2025-000285,PR-2025-00120,PRC-VND-0068,21811000.0,2025-04-02,True
BID-2025-000286,PR-2025-00326,PRC-VND-0029,44130000.0,2025-03-26,True
BID-2025-000287,PR-2025-00326,PRC-VND-0079,46144000.0,2025-04-01,True
BID-2025-000288,PR-2025-00326,PRC-VND-0064,41060000.0,2025-03-30,True
BID-2025-000289,PR-2025-00593,PRC-VND-0033,13318000.0,2025-03-30,True
BID-2025-000290,PR-2025-00593,PRC-VND-0078,12521000.0,2025-04-04,True
BID-2025-000291,PR-2025-00593,PRC-VND-0068,16546000.0,2025-03-31,True
BID-2025-000292,PR-2025-00598,PRC-VND-0123,11423000.0,2025-04-06,True
BID-2025-000293,PR-2025-00598,PRC-VND-0063,10938000.0,2025-04-02,True
BID-2025-000294,PR-2025-00598,PRC-VND-0058,11087000.0,2025-04-02,False
BID-2025-000295,PR-2025-00598,PRC-VND-0133,10631000.0,2025-04-03,True
BID-2025-000296,PR-2025-00598,PRC-VND-0128,9891000.0,2025-04-06,True
BID-2025-000297,PR-2025-00598,PRC-VND-0118,9723000.0,2025-04-02,True
BID-2025-000298,PR-2025-00377,PRC-VND-0075,23352000.0,2025-04-11,True
BID-2025-000299,PR-2025-00377,PRC-VND-0015,18884000.0,2025-04-05,True
BID-2025-000300,PR-2025-00377,PRC-VND-0105,19207000.0,2025-04-12,True
BID-2025-000301,PR-2025-00377,PRC-VND-0080,19828000.0,2025-04-13,True
BID-2025-000302,PR-2025-00377,PRC-VND-0095,22085000.0,2025-04-11,True
BID-2025-000303,PR-2025-00377,PRC-VND-0130,25212000.0,2025-04-11,True
BID-2025-000304,PR-2025-00772,PRC-VND-0031,3450000.0,2025-04-06,True
BID-2025-000305,PR-2025-00772,PRC-VND-0046,3027000.0,2025-04-10,True
BID-2025-000306,PR-2025-00772,PRC-VND-0106,2837000.0,2025-04-04,True
BID-2025-000307,PR-2025-00772,PRC-VND-0066,2882000.0,2025-04-07,True
BID-2025-000308,PR-2025-00772,PRC-VND-0006,2916000.0,2025-04-07,True
BID-2025-000309,PR-2025-00744,PRC-VND-0005,9359000.0,2025-03-31,False
BID-2025-000310,PR-2025-00744,PRC-VND-0065,8693000.0,2025-03-30,True
BID-2025-000311,PR-2025-00744,PRC-VND-0110,9478000.0,2025-03-29,True
BID-2025-000312,PR-2025-00744,PRC-VND-0055,9643000.0,2025-03-30,True
BID-2025-000313,PR-2025-00744,PRC-VND-0130,7976000.0,2025-03-29,True
BID-2025-000314,PR-2025-00543,PRC-VND-0064,23474000.0,2025-04-03,True
BID-2025-000315,PR-2025-00543,PRC-VND-0004,23582000.0,2025-03-29,False
BID-2025-000316,PR-2025-00543,PRC-VND-0079,19305000.0,2025-03-29,True
BID-2025-000317,PR-2025-00044,PRC-VND-0080,23688000.0,2025-04-13,True
BID-2025-000318,PR-2025-00044,PRC-VND-0110,21690000.0,2025-04-04,True
BID-2025-000319,PR-2025-00044,PRC-VND-0105,24324000.0,2025-04-12,False
BID-2025-000320,PR-2025-00044,PRC-VND-0045,28054000.0,2025-04-13,True
BID-2025-000321,PR-2025-00044,PRC-VND-0025,22624000.0,2025-04-09,True
BID-2025-000322,PR-2025-00044,PRC-VND-0090,22461000.0,2025-04-06,False
BID-2025-000323,PR-2025-00408,PRC-VND-0100,31527000.0,2025-04-16,True
BID-2025-000324,PR-2025-00408,PRC-VND-0125,30350000.0,2025-04-13,True
BID-2025-000325,PR-2025-00408,PRC-VND-0055,26592000.0,2025-04-12,False
BID-2025-000326,PR-2025-00408,PRC-VND-0060,25680000.0,2025-04-12,True
BID-2025-000327,PR-2025-00121,PRC-VND-0107,31665000.0,2025-04-10,True
BID-2025-000328,PR-2025-00121,PRC-VND-0082,31561000.0,2025-04-11,True
BID-2025-000329,PR-2025-00121,PRC-VND-0072,30711000.0,2025-04-07,False
BID-2025-000330,PR-2025-00121,PRC-VND-0122,41013000.0,2025-04-06,True
BID-2025-000331,PR-2025-00127,PRC-VND-0014,31088000.0,2025-04-22,False
BID-2025-000332,PR-2025-00127,PRC-VND-0134,30641000.0,2025-04-21,True
BID-2025-000333,PR-2025-00127,PRC-VND-0109,31094000.0,2025-04-22,True
BID-2025-000334,PR-2025-00127,PRC-VND-0044,36308000.0,2025-04-13,True
BID-2025-000335,PR-2025-00127,PRC-VND-0029,33881000.0,2025-04-22,True
BID-2025-000336,PR-2025-00532,PRC-VND-0063,7053000.0,2025-04-13,True
BID-2025-000337,PR-2025-00532,PRC-VND-0053,6101000.0,2025-04-06,True
BID-2025-000338,PR-2025-00532,PRC-VND-0018,7471000.0,2025-04-06,True
BID-2025-000339,PR-2025-00532,PRC-VND-0023,6694000.0,2025-04-15,True
BID-2025-000340,PR-2025-00532,PRC-VND-0123,7150000.0,2025-04-11,True
BID-2025-000341,PR-2025-00532,PRC-VND-0118,6044000.0,2025-04-13,True
BID-2025-000342,PR-2025-00516,PRC-VND-0117,8917000.0,2025-04-12,True
BID-2025-000343,PR-2025-00516,PRC-VND-0062,9096000.0,2025-04-08,True
BID-2025-000344,PR-2025-00516,PRC-VND-0047,11892000.0,2025-04-09,True
BID-2025-000345,PR-2025-00083,PRC-VND-0021,22379000.0,2025-04-20,True
BID-2025-000346,PR-2025-00083,PRC-VND-0011,26007000.0,2025-04-16,True
BID-2025-000347,PR-2025-00083,PRC-VND-0051,23899000.0,2025-04-22,True
BID-2025-000348,PR-2025-00159,PRC-VND-0009,8937000.0,2025-04-15,True
BID-2025-000349,PR-2025-00159,PRC-VND-0114,9274000.0,2025-04-22,True
BID-2025-000350,PR-2025-00159,PRC-VND-0069,10058000.0,2025-04-17,True
BID-2025-000351,PR-2025-00221,PRC-VND-0050,26623000.0,2025-04-24,False
BID-2025-000352,PR-2025-00221,PRC-VND-0090,21343000.0,2025-04-23,True
BID-2025-000353,PR-2025-00221,PRC-VND-0075,24024000.0,2025-04-20,False
BID-2025-000354,PR-2025-00349,PRC-VND-0120,12065000.0,2025-04-12,False
BID-2025-000355,PR-2025-00349,PRC-VND-0060,14267000.0,2025-04-14,True
BID-2025-000356,PR-2025-00349,PRC-VND-0075,14668000.0,2025-04-18,True
BID-2025-000357,PR-2025-00417,PRC-VND-0037,11025000.0,2025-04-27,True
BID-2025-000358,PR-2025-00417,PRC-VND-0002,12513000.0,2025-04-29,True
BID-2025-000359,PR-2025-00417,PRC-VND-0137,11510000.0,2025-04-26,True
BID-2025-000360,PR-2025-00417,PRC-VND-0122,11688000.0,2025-04-29,True
BID-2025-000361,PR-2025-00535,PRC-VND-0126,1820000.0,2025-04-30,True
BID-2025-000362,PR-2025-00535,PRC-VND-0016,1965000.0,2025-04-28,True
BID-2025-000363,PR-2025-00535,PRC-VND-0106,2321000.0,2025-05-01,False
BID-2025-000364,PR-2025-00535,PRC-VND-0071,2005000.0,2025-05-02,True
BID-2025-000365,PR-2025-00535,PRC-VND-0051,2251000.0,2025-04-30,True
BID-2025-000366,PR-2025-00213,PRC-VND-0054,31235000.0,2025-05-02,True
BID-2025-000367,PR-2025-00213,PRC-VND-0009,24923000.0,2025-04-30,True
BID-2025-000368,PR-2025-00213,PRC-VND-0024,27800000.0,2025-04-29,True
BID-2025-000369,PR-2025-00213,PRC-VND-0029,29527000.0,2025-04-28,True
BID-2025-000370,PR-2025-00213,PRC-VND-0004,32030000.0,2025-04-26,True
BID-2025-000371,PR-2025-00213,PRC-VND-0014,30734000.0,2025-04-28,False
BID-2025-000372,PR-2025-00477,PRC-VND-0097,4635000.0,2025-04-27,True
BID-2025-000373,PR-2025-00477,PRC-VND-0062,4975000.0,2025-05-02,False
BID-2025-000374,PR-2025-00477,PRC-VND-0122,3805000.0,2025-04-28,True
BID-2025-000375,PR-2025-00686,PRC-VND-0033,37540000.0,2025-04-23,True
BID-2025-000376,PR-2025-00686,PRC-VND-0028,36132000.0,2025-04-28,True
BID-2025-000377,PR-2025-00686,PRC-VND-0088,41583000.0,2025-04-29,True
BID-2025-000378,PR-2025-00686,PRC-VND-0023,45430000.0,2025-04-23,True
BID-2025-000379,PR-2025-00686,PRC-VND-0073,39157000.0,2025-04-24,True
BID-2025-000380,PR-2025-00192,PRC-VND-0029,23429000.0,2025-04-19,True
BID-2025-000381,PR-2025-00192,PRC-VND-0044,22799000.0,2025-04-26,True
BID-2025-000382,PR-2025-00192,PRC-VND-0069,22846000.0,2025-04-26,True
BID-2025-000383,PR-2025-00683,PRC-VND-0027,30814000.0,2025-04-25,True
BID-2025-000384,PR-2025-00683,PRC-VND-0132,29827000.0,2025-04-28,True
BID-2025-000385,PR-2025-00683,PRC-VND-0022,30663000.0,2025-04-28,True
BID-2025-000386,PR-2025-00785,PRC-VND-0130,37811000.0,2025-04-28,False
BID-2025-000387,PR-2025-00785,PRC-VND-0030,29182000.0,2025-04-29,True
BID-2025-000388,PR-2025-00785,PRC-VND-0090,30585000.0,2025-05-01,True
BID-2025-000389,PR-2025-00785,PRC-VND-0050,34123000.0,2025-04-25,True
BID-2025-000390,PR-2025-00785,PRC-VND-0110,34460000.0,2025-04-24,True
BID-2025-000391,PR-2025-00785,PRC-VND-0120,32113000.0,2025-04-29,True
BID-2025-000392,PR-2025-00063,PRC-VND-0021,27613000.0,2025-05-01,True
BID-2025-000393,PR-2025-00063,PRC-VND-0101,22941000.0,2025-05-05,True
BID-2025-000394,PR-2025-00063,PRC-VND-0051,21259000.0,2025-05-02,True
BID-2025-000395,PR-2025-00743,PRC-VND-0108,30864000.0,2025-05-04,True
BID-2025-000396,PR-2025-00743,PRC-VND-0133,36469000.0,2025-05-02,True
BID-2025-000397,PR-2025-00743,PRC-VND-0073,31766000.0,2025-05-10,True
BID-2025-000398,PR-2025-00743,PRC-VND-0008,35309000.0,2025-05-05,True
BID-2025-000399,PR-2025-00743,PRC-VND-0128,30973000.0,2025-05-06,True
BID-2025-000400,PR-2025-00200,PRC-VND-0023,34429000.0,2025-05-04,True
BID-2025-000401,PR-2025-00200,PRC-VND-0018,28146000.0,2025-05-04,True
BID-2025-000402,PR-2025-00200,PRC-VND-0133,30644000.0,2025-05-05,False
BID-2025-000403,PR-2025-00200,PRC-VND-0058,30547000.0,2025-04-30,True
BID-2025-000404,PR-2025-00200,PRC-VND-0098,30383000.0,2025-05-01,False
BID-2025-000405,PR-2025-00200,PRC-VND-0108,34804000.0,2025-05-01,True
BID-2025-000406,PR-2025-00789,PRC-VND-0064,29569000.0,2025-04-28,False
BID-2025-000407,PR-2025-00789,PRC-VND-0069,26486000.0,2025-04-25,False
BID-2025-000408,PR-2025-00789,PRC-VND-0014,30955000.0,2025-05-01,True
BID-2025-000409,PR-2025-00789,PRC-VND-0039,30190000.0,2025-04-27,True
BID-2025-000410,PR-2025-00789,PRC-VND-0054,33177000.0,2025-04-26,True
BID-2025-000411,PR-2025-00091,PRC-VND-0061,33963000.0,2025-05-03,True
BID-2025-000412,PR-2025-00091,PRC-VND-0066,32250000.0,2025-05-04,False
BID-2025-000413,PR-2025-00091,PRC-VND-0081,36677000.0,2025-05-05,True
BID-2025-000414,PR-2025-00091,PRC-VND-0031,31506000.0,2025-05-04,True
BID-2025-000415,PR-2025-00091,PRC-VND-0106,36823000.0,2025-04-29,True
BID-2025-000416,PR-2025-00158,PRC-VND-0051,9746000.0,2025-04-26,True
BID-2025-000417,PR-2025-00158,PRC-VND-0081,7814000.0,2025-05-04,True
BID-2025-000418,PR-2025-00158,PRC-VND-0036,8402000.0,2025-05-04,True
BID-2025-000419,PR-2025-00158,PRC-VND-0071,8106000.0,2025-05-05,False
BID-2025-000420,PR-2025-00451,PRC-VND-0127,29145000.0,2025-05-08,True
BID-2025-000421,PR-2025-00451,PRC-VND-0032,35764000.0,2025-05-06,False
BID-2025-000422,PR-2025-00451,PRC-VND-0132,29001000.0,2025-05-08,True
BID-2025-000423,PR-2025-00451,PRC-VND-0057,31352000.0,2025-05-04,True
BID-2025-000424,PR-2025-00599,PRC-VND-0059,10474000.0,2025-05-17,False
BID-2025-000425,PR-2025-00599,PRC-VND-0034,8606000.0,2025-05-18,True
BID-2025-000426,PR-2025-00599,PRC-VND-0004,9962000.0,2025-05-13,True
BID-2025-000427,PR-2025-00172,PRC-VND-0077,29460000.0,2025-05-21,True
BID-2025-000428,PR-2025-00172,PRC-VND-0127,31828000.0,2025-05-14,True
BID-2025-000429,PR-2025-00172,PRC-VND-0007,27199000.0,2025-05-20,True
BID-2025-000430,PR-2025-00256,PRC-VND-0006,9264000.0,2025-05-15,True
BID-2025-000431,PR-2025-00256,PRC-VND-0111,9629000.0,2025-05-15,True
BID-2025-000432,PR-2025-00256,PRC-VND-0096,11154000.0,2025-05-16,False
BID-2025-000433,PR-2025-00256,PRC-VND-0061,11867000.0,2025-05-16,True
BID-2025-000434,PR-2025-00256,PRC-VND-0026,12404000.0,2025-05-20,True
BID-2025-000435,PR-2025-00455,PRC-VND-0058,28447000.0,2025-05-03,True
BID-2025-000436,PR-2025-00455,PRC-VND-0108,25979000.0,2025-05-02,True
BID-2025-000437,PR-2025-00455,PRC-VND-0083,28071000.0,2025-05-03,True
BID-2025-000438,PR-2025-00455,PRC-VND-0053,28983000.0,2025-05-02,True
BID-2025-000439,PR-2025-00455,PRC-VND-0028,21476000.0,2025-05-03,False
BID-2025-000440,PR-2025-00455,PRC-VND-0023,27642000.0,2025-05-10,True
BID-2025-000441,PR-2025-00678,PRC-VND-0029,39778000.0,2025-05-10,False
BID-2025-000442,PR-2025-00678,PRC-VND-0084,41062000.0,2025-05-04,True
BID-2025-000443,PR-2025-00678,PRC-VND-0119,37287000.0,2025-05-06,True
BID-2025-000444,PR-2025-00678,PRC-VND-0024,33214000.0,2025-05-11,True
BID-2025-000445,PR-2025-00678,PRC-VND-0129,30918000.0,2025-05-10,True
BID-2025-000446,PR-2025-00678,PRC-VND-0099,32191000.0,2025-05-12,True
BID-2025-000447,PR-2025-00346,PRC-VND-0099,10516000.0,2025-05-15,True
BID-2025-000448,PR-2025-00346,PRC-VND-0089,9835000.0,2025-05-06,True
BID-2025-000449,PR-2025-00346,PRC-VND-0049,8820000.0,2025-05-07,False
BID-2025-000450,PR-2025-00346,PRC-VND-0029,10802000.0,2025-05-11,True
BID-2025-000451,PR-2025-00346,PRC-VND-0109,10439000.0,2025-05-09,True
BID-2025-000452,PR-2025-00521,PRC-VND-0064,8170000.0,2025-05-11,True
BID-2025-000453,PR-2025-00521,PRC-VND-0049,7690000.0,2025-05-15,False
BID-2025-000454,PR-2025-00521,PRC-VND-0034,9710000.0,2025-05-14,False
BID-2025-000455,PR-2025-00521,PRC-VND-0099,7762000.0,2025-05-19,True
BID-2025-000456,PR-2025-00521,PRC-VND-0029,8888000.0,2025-05-16,True
BID-2025-000457,PR-2025-00521,PRC-VND-0014,8282000.0,2025-05-12,False
BID-2025-000458,PR-2025-00592,PRC-VND-0086,1408000.0,2025-05-27,True
BID-2025-000459,PR-2025-00592,PRC-VND-0036,1324000.0,2025-05-20,True
BID-2025-000460,PR-2025-00592,PRC-VND-0096,1079000.0,2025-05-19,True
BID-2025-000461,PR-2025-00592,PRC-VND-0061,1182000.0,2025-05-26,True
BID-2025-000462,PR-2025-00024,PRC-VND-0084,8347000.0,2025-05-14,True
BID-2025-000463,PR-2025-00024,PRC-VND-0034,8558000.0,2025-05-11,True
BID-2025-000464,PR-2025-00024,PRC-VND-0074,10542000.0,2025-05-11,True
BID-2025-000465,PR-2025-00024,PRC-VND-0134,10275000.0,2025-05-13,True
BID-2025-000466,PR-2025-00089,PRC-VND-0019,37228000.0,2025-05-20,True
BID-2025-000467,PR-2025-00089,PRC-VND-0029,39744000.0,2025-05-24,True
BID-2025-000468,PR-2025-00089,PRC-VND-0089,35719000.0,2025-05-19,True
BID-2025-000469,PR-2025-00089,PRC-VND-0039,36761000.0,2025-05-21,True
BID-2025-000470,PR-2025-00089,PRC-VND-0044,37971000.0,2025-05-27,True
BID-2025-000471,PR-2025-00089,PRC-VND-0034,35085000.0,2025-05-20,True
BID-2025-000472,PR-2025-00605,PRC-VND-0002,11053000.0,2025-05-17,True
BID-2025-000473,PR-2025-00605,PRC-VND-0052,9430000.0,2025-05-17,True
BID-2025-000474,PR-2025-00605,PRC-VND-0012,11074000.0,2025-05-16,True
BID-2025-000475,PR-2025-00605,PRC-VND-0082,9176000.0,2025-05-22,True
BID-2025-000476,PR-2025-00605,PRC-VND-0007,9262000.0,2025-05-23,True
BID-2025-000477,PR-2025-00605,PRC-VND-0112,10102000.0,2025-05-24,True
BID-2025-000478,PR-2025-00728,PRC-VND-0023,16557000.0,2025-05-25,True
BID-2025-000479,PR-2025-00728,PRC-VND-0073,16318000.0,2025-05-29,True
BID-2025-000480,PR-2025-00728,PRC-VND-0103,19239000.0,2025-05-30,True
BID-2025-000481,PR-2025-00728,PRC-VND-0048,18262000.0,2025-05-23,True
BID-2025-000482,PR-2025-00728,PRC-VND-0058,18764000.0,2025-05-22,True
BID-2025-000483,PR-2025-00728,PRC-VND-0078,16164000.0,2025-05-23,True
BID-2025-000484,PR-2025-00240,PRC-VND-0073,18218000.0,2025-05-28,True
BID-2025-000485,PR-2025-00240,PRC-VND-0118,16722000.0,2025-05-31,True
BID-2025-000486,PR-2025-00240,PRC-VND-0028,21639000.0,2025-05-23,True
BID-2025-000487,PR-2025-00457,PRC-VND-0018,11357000.0,2025-06-01,True
BID-2025-000488,PR-2025-00457,PRC-VND-0038,8601000.0,2025-05-31,True
BID-2025-000489,PR-2025-00457,PRC-VND-0128,9816000.0,2025-06-04,True
BID-2025-000490,PR-2025-00490,PRC-VND-0043,7728000.0,2025-05-30,False
BID-2025-000491,PR-2025-00490,PRC-VND-0138,6282000.0,2025-05-30,True
BID-2025-000492,PR-2025-00490,PRC-VND-0098,7560000.0,2025-06-03,False
BID-2025-000493,PR-2025-00490,PRC-VND-0073,6648000.0,2025-05-27,True
BID-2025-000494,PR-2025-00160,PRC-VND-0003,28881000.0,2025-06-01,True
BID-2025-000495,PR-2025-00160,PRC-VND-0028,31138000.0,2025-06-06,True
BID-2025-000496,PR-2025-00160,PRC-VND-0023,27612000.0,2025-06-04,True
BID-2025-000497,PR-2025-00160,PRC-VND-0138,26483000.0,2025-06-07,True
BID-2025-000498,PR-2025-00494,PRC-VND-0088,8777000.0,2025-06-01,False
BID-2025-000499,PR-2025-00494,PRC-VND-0073,7422000.0,2025-06-01,True
BID-2025-000500,PR-2025-00494,PRC-VND-0113,8890000.0,2025-05-26,True
BID-2025-000501,PR-2025-00494,PRC-VND-0133,7602000.0,2025-05-26,True
BID-2025-000502,PR-2025-00494,PRC-VND-0053,9232000.0,2025-06-03,True
BID-2025-000503,PR-2025-00276,PRC-VND-0072,26438000.0,2025-05-30,True
BID-2025-000504,PR-2025-00276,PRC-VND-0102,20523000.0,2025-05-31,True
BID-2025-000505,PR-2025-00276,PRC-VND-0057,20623000.0,2025-05-31,True
BID-2025-000506,PR-2025-00276,PRC-VND-0127,20379000.0,2025-05-29,True
BID-2025-000507,PR-2025-00276,PRC-VND-0037,25305000.0,2025-05-24,True
BID-2025-000508,PR-2025-00719,PRC-VND-0056,30361000.0,2025-06-10,False
BID-2025-000509,PR-2025-00719,PRC-VND-0001,35297000.0,2025-06-12,True
BID-2025-000510,PR-2025-00719,PRC-VND-0041,35087000.0,2025-06-08,True
BID-2025-000511,PR-2025-00719,PRC-VND-0066,27886000.0,2025-06-11,True
BID-2025-000512,PR-2025-00719,PRC-VND-0061,29977000.0,2025-06-04,False
BID-2025-000513,PR-2025-00458,PRC-VND-0102,23619000.0,2025-05-28,True
BID-2025-000514,PR-2025-00458,PRC-VND-0077,23156000.0,2025-06-04,True
BID-2025-000515,PR-2025-00458,PRC-VND-0132,23524000.0,2025-06-03,True
BID-2025-000516,PR-2025-00458,PRC-VND-0097,23574000.0,2025-06-05,True
BID-2025-000517,PR-2025-00458,PRC-VND-0012,23873000.0,2025-06-03,True
BID-2025-000518,PR-2025-00645,PRC-VND-0128,26998000.0,2025-06-14,True
BID-2025-000519,PR-2025-00645,PRC-VND-0133,29968000.0,2025-06-11,True
BID-2025-000520,PR-2025-00645,PRC-VND-0003,28608000.0,2025-06-07,True
BID-2025-000521,PR-2025-00645,PRC-VND-0098,29111000.0,2025-06-12,False
BID-2025-000522,PR-2025-00645,PRC-VND-0118,36151000.0,2025-06-06,True
BID-2025-000523,PR-2025-00602,PRC-VND-0043,27192000.0,2025-06-09,True
BID-2025-000524,PR-2025-00602,PRC-VND-0113,28066000.0,2025-06-08,True
BID-2025-000525,PR-2025-00602,PRC-VND-0083,28774000.0,2025-06-11,True
BID-2025-000526,PR-2025-00737,PRC-VND-0126,13197000.0,2025-06-08,True
BID-2025-000527,PR-2025-00737,PRC-VND-0006,11753000.0,2025-06-03,True
BID-2025-000528,PR-2025-00737,PRC-VND-0031,12553000.0,2025-06-03,True
BID-2025-000529,PR-2025-00737,PRC-VND-0001,12576000.0,2025-06-03,False
BID-2025-000530,PR-2025-00568,PRC-VND-0052,11945000.0,2025-06-19,True
BID-2025-000531,PR-2025-00568,PRC-VND-0062,9370000.0,2025-06-11,False
BID-2025-000532,PR-2025-00568,PRC-VND-0012,10921000.0,2025-06-19,True
BID-2025-000533,PR-2025-00568,PRC-VND-0007,9316000.0,2025-06-15,True
BID-2025-000534,PR-2025-00568,PRC-VND-0017,9512000.0,2025-06-15,True
BID-2025-000535,PR-2025-00568,PRC-VND-0097,10710000.0,2025-06-13,True
BID-2025-000536,PR-2025-00640,PRC-VND-0086,1566000.0,2025-06-06,True
BID-2025-000537,PR-2025-00640,PRC-VND-0066,1446000.0,2025-06-11,False
BID-2025-000538,PR-2025-00640,PRC-VND-0006,1277000.0,2025-06-06,False
BID-2025-000539,PR-2025-00554,PRC-VND-0020,16860000.0,2025-06-18,True
BID-2025-000540,PR-2025-00554,PRC-VND-0085,16347000.0,2025-06-14,True
BID-2025-000541,PR-2025-00554,PRC-VND-0130,18825000.0,2025-06-14,True
BID-2025-000542,PR-2025-00554,PRC-VND-0050,15996000.0,2025-06-19,False
BID-2025-000543,PR-2025-00554,PRC-VND-0040,18990000.0,2025-06-16,True
BID-2025-000544,PR-2025-00105,PRC-VND-0101,14808000.0,2025-06-18,False
BID-2025-000545,PR-2025-00105,PRC-VND-0046,18641000.0,2025-06-16,True
BID-2025-000546,PR-2025-00105,PRC-VND-0076,18654000.0,2025-06-15,True
BID-2025-000547,PR-2025-00105,PRC-VND-0116,17908000.0,2025-06-23,True
BID-2025-000548,PR-2025-00105,PRC-VND-0021,17498000.0,2025-06-21,True
BID-2025-000549,PR-2025-00181,PRC-VND-0035,17953000.0,2025-06-07,True
BID-2025-000550,PR-2025-00181,PRC-VND-0070,18344000.0,2025-06-06,False
BID-2025-000551,PR-2025-00181,PRC-VND-0025,19141000.0,2025-06-15,True
BID-2025-000552,PR-2025-00181,PRC-VND-0090,15187000.0,2025-06-10,True
BID-2025-000553,PR-2025-00181,PRC-VND-0045,19245000.0,2025-06-09,True
BID-2025-000554,PR-2025-00720,PRC-VND-0082,12500000.0,2025-06-05,False
BID-2025-000555,PR-2025-00720,PRC-VND-0027,12530000.0,2025-06-09,True
BID-2025-000556,PR-2025-00720,PRC-VND-0047,16431000.0,2025-06-10,True
BID-2025-000557,PR-2025-00380,PRC-VND-0027,6446000.0,2025-06-08,True
BID-2025-000558,PR-2025-00380,PRC-VND-0112,5828000.0,2025-06-14,True
BID-2025-000559,PR-2025-00380,PRC-VND-0102,5841000.0,2025-06-09,True
BID-2025-000560,PR-2025-00380,PRC-VND-0132,6728000.0,2025-06-14,True
BID-2025-000561,PR-2025-00380,PRC-VND-0007,5852000.0,2025-06-14,True
BID-2025-000562,PR-2025-00393,PRC-VND-0002,22875000.0,2025-06-20,True
BID-2025-000563,PR-2025-00393,PRC-VND-0117,23096000.0,2025-06-19,True
BID-2025-000564,PR-2025-00393,PRC-VND-0132,18854000.0,2025-06-19,True
BID-2025-000565,PR-2025-00393,PRC-VND-0087,22449000.0,2025-06-19,True
BID-2025-000566,PR-2025-00234,PRC-VND-0061,7000000.0,2025-06-19,True
BID-2025-000567,PR-2025-00234,PRC-VND-0006,6085000.0,2025-06-14,True
BID-2025-000568,PR-2025-00234,PRC-VND-0051,6144000.0,2025-06-16,True
BID-2025-000569,PR-2025-00234,PRC-VND-0026,6567000.0,2025-06-17,False
BID-2025-000570,PR-2025-00234,PRC-VND-0066,6518000.0,2025-06-15,True
BID-2025-000571,PR-2025-00234,PRC-VND-0131,5479000.0,2025-06-13,False
BID-2025-000572,PR-2025-00756,PRC-VND-0110,37584000.0,2025-06-22,True
BID-2025-000573,PR-2025-00756,PRC-VND-0045,30899000.0,2025-06-20,True
BID-2025-000574,PR-2025-00756,PRC-VND-0140,32227000.0,2025-06-20,True
BID-2025-000575,PR-2025-00756,PRC-VND-0040,38100000.0,2025-06-26,True
BID-2025-000576,PR-2025-00756,PRC-VND-0015,36163000.0,2025-06-27,True
BID-2025-000577,PR-2025-00756,PRC-VND-0100,33017000.0,2025-06-21,True
BID-2025-000578,PR-2025-00486,PRC-VND-0070,33995000.0,2025-06-24,True
BID-2025-000579,PR-2025-00486,PRC-VND-0035,31842000.0,2025-06-25,True
BID-2025-000580,PR-2025-00486,PRC-VND-0060,35975000.0,2025-06-26,True
BID-2025-000581,PR-2025-00735,PRC-VND-0009,19730000.0,2025-06-18,True
BID-2025-000582,PR-2025-00735,PRC-VND-0019,18847000.0,2025-06-26,False
BID-2025-000583,PR-2025-00735,PRC-VND-0129,18736000.0,2025-06-25,True
BID-2025-000584,PR-2025-00735,PRC-VND-0039,16469000.0,2025-06-26,True
BID-2025-000585,PR-2025-00735,PRC-VND-0044,17576000.0,2025-06-18,True
BID-2025-000586,PR-2025-00735,PRC-VND-0029,17808000.0,2025-06-22,True
BID-2025-000587,PR-2025-00014,PRC-VND-0124,14058000.0,2025-06-18,True
BID-2025-000588,PR-2025-00014,PRC-VND-0069,14366000.0,2025-06-18,False
BID-2025-000589,PR-2025-00014,PRC-VND-0064,16482000.0,2025-06-12,True
BID-2025-000590,PR-2025-00014,PRC-VND-0059,14196000.0,2025-06-12,True
BID-2025-000591,PR-2025-00014,PRC-VND-0049,14625000.0,2025-06-17,False
BID-2025-000592,PR-2025-00014,PRC-VND-0139,12646000.0,2025-06-12,True
BID-2025-000593,PR-2025-00492,PRC-VND-0083,32591000.0,2025-06-23,False
BID-2025-000594,PR-2025-00492,PRC-VND-0058,34163000.0,2025-06-17,True
BID-2025-000595,PR-2025-00492,PRC-VND-0078,36341000.0,2025-06-23,True
BID-2025-000596,PR-2025-00550,PRC-VND-0045,2866000.0,2025-07-01,True
BID-2025-000597,PR-2025-00550,PRC-VND-0040,2902000.0,2025-06-29,True
BID-2025-000598,PR-2025-00550,PRC-VND-0110,2857000.0,2025-06-30,True
BID-2025-000599,PR-2025-00550,PRC-VND-0070,2512000.0,2025-06-22,True
BID-2025-000600,PR-2025-00138,PRC-VND-0107,2802000.0,2025-06-22,False
BID-2025-000601,PR-2025-00138,PRC-VND-0137,2549000.0,2025-06-26,True
BID-2025-000602,PR-2025-00138,PRC-VND-0117,2899000.0,2025-06-26,False
BID-2025-000603,PR-2025-00138,PRC-VND-0057,2659000.0,2025-06-23,True
BID-2025-000604,PR-2025-00519,PRC-VND-0005,18677000.0,2025-06-25,True
BID-2025-000605,PR-2025-00519,PRC-VND-0140,17409000.0,2025-07-03,False
BID-2025-000606,PR-2025-00519,PRC-VND-0105,20802000.0,2025-06-30,True
BID-2025-000607,PR-2025-00118,PRC-VND-0063,10268000.0,2025-06-14,True
BID-2025-000608,PR-2025-00118,PRC-VND-0053,10681000.0,2025-06-17,True
BID-2025-000609,PR-2025-00118,PRC-VND-0038,10035000.0,2025-06-15,True
BID-2025-000610,PR-2025-00118,PRC-VND-0003,12742000.0,2025-06-22,True
BID-2025-000611,PR-2025-00118,PRC-VND-0048,9543000.0,2025-06-22,True
BID-2025-000612,PR-2025-00163,PRC-VND-0054,20398000.0,2025-06-23,True
BID-2025-000613,PR-2025-00163,PRC-VND-0094,16700000.0,2025-06-27,True
BID-2025-000614,PR-2025-00163,PRC-VND-0109,21684000.0,2025-06-30,True
BID-2025-000615,PR-2025-00163,PRC-VND-0139,17758000.0,2025-06-26,True
BID-2025-000616,PR-2025-00355,PRC-VND-0044,19532000.0,2025-07-03,True
BID-2025-000617,PR-2025-00355,PRC-VND-0104,23854000.0,2025-07-04,False
BID-2025-000618,PR-2025-00355,PRC-VND-0094,18478000.0,2025-07-01,True
BID-2025-000619,PR-2025-00643,PRC-VND-0100,35706000.0,2025-06-25,True
BID-2025-000620,PR-2025-00643,PRC-VND-0080,33593000.0,2025-06-25,True
BID-2025-000621,PR-2025-00643,PRC-VND-0140,41446000.0,2025-06-29,True
BID-2025-000622,PR-2025-00643,PRC-VND-0025,33176000.0,2025-06-29,True
BID-2025-000623,PR-2025-00643,PRC-VND-0105,36878000.0,2025-06-26,True
BID-2025-000624,PR-2025-00643,PRC-VND-0055,44692000.0,2025-06-28,True
BID-2025-000625,PR-2025-00447,PRC-VND-0060,23638000.0,2025-06-19,False
BID-2025-000626,PR-2025-00447,PRC-VND-0025,30748000.0,2025-06-16,True
BID-2025-000627,PR-2025-00447,PRC-VND-0075,27646000.0,2025-06-18,True
BID-2025-000628,PR-2025-00447,PRC-VND-0100,29034000.0,2025-06-24,True
BID-2025-000629,PR-2025-00447,PRC-VND-0030,27492000.0,2025-06-24,True
BID-2025-000630,PR-2025-00559,PRC-VND-0106,5429000.0,2025-06-23,True
BID-2025-000631,PR-2025-00559,PRC-VND-0006,7053000.0,2025-06-29,True
BID-2025-000632,PR-2025-00559,PRC-VND-0036,5519000.0,2025-06-24,True
BID-2025-000633,PR-2025-00559,PRC-VND-0131,5797000.0,2025-06-20,True
BID-2025-000634,PR-2025-00582,PRC-VND-0084,35450000.0,2025-06-29,True
BID-2025-000635,PR-2025-00582,PRC-VND-0119,30800000.0,2025-06-28,True
BID-2025-000636,PR-2025-00582,PRC-VND-0109,36707000.0,2025-06-22,False
BID-2025-000637,PR-2025-00582,PRC-VND-0019,29357000.0,2025-06-21,True
BID-2025-000638,PR-2025-00582,PRC-VND-0099,28060000.0,2025-06-21,True
BID-2025-000639,PR-2025-00498,PRC-VND-0004,25682000.0,2025-07-04,True
BID-2025-000640,PR-2025-00498,PRC-VND-0069,22858000.0,2025-07-12,True
BID-2025-000641,PR-2025-00498,PRC-VND-0064,22495000.0,2025-07-12,False
BID-2025-000642,PR-2025-00498,PRC-VND-0119,28350000.0,2025-07-06,True
BID-2025-000643,PR-2025-00128,PRC-VND-0127,31808000.0,2025-06-26,True
BID-2025-000644,PR-2025-00128,PRC-VND-0067,27723000.0,2025-06-30,True
BID-2025-000645,PR-2025-00128,PRC-VND-0112,32871000.0,2025-07-01,True
BID-2025-000646,PR-2025-00128,PRC-VND-0027,33965000.0,2025-06-30,True
BID-2025-000647,PR-2025-00128,PRC-VND-0002,27800000.0,2025-06-29,True
BID-2025-000648,PR-2025-00128,PRC-VND-0017,29181000.0,2025-07-03,True
BID-2025-000649,PR-2025-00717,PRC-VND-0081,11987000.0,2025-06-28,False
BID-2025-000650,PR-2025-00717,PRC-VND-0066,14441000.0,2025-06-30,True
BID-2025-000651,PR-2025-00717,PRC-VND-0021,11468000.0,2025-06-28,True
BID-2025-000652,PR-2025-00296,PRC-VND-0051,9687000.0,2025-07-07,True
BID-2025-000653,PR-2025-00296,PRC-VND-0006,9606000.0,2025-07-06,True
BID-2025-000654,PR-2025-00296,PRC-VND-0016,10037000.0,2025-07-06,True
BID-2025-000655,PR-2025-00296,PRC-VND-0046,8571000.0,2025-07-14,True
BID-2025-000656,PR-2025-00523,PRC-VND-0091,4972000.0,2025-07-04,True
BID-2025-000657,PR-2025-00523,PRC-VND-0136,5798000.0,2025-07-05,False
BID-2025-000658,PR-2025-00523,PRC-VND-0106,5660000.0,2025-07-04,True
BID-2025-000659,PR-2025-00523,PRC-VND-0111,5244000.0,2025-06-29,True
BID-2025-000660,PR-2025-00523,PRC-VND-0141,5808000.0,2025-06-29,True
BID-2025-000661,PR-2025-00523,PRC-VND-0011,5820000.0,2025-07-01,False
BID-2025-000662,PR-2025-00149,PRC-VND-0035,1008000.0,2025-07-01,True
BID-2025-000663,PR-2025-00149,PRC-VND-0130,882000.0,2025-07-05,True
BID-2025-000664,PR-2025-00149,PRC-VND-0105,856000.0,2025-07-07,True
BID-2025-000665,PR-2025-00149,PRC-VND-0015,816000.0,2025-06-30,True
BID-2025-000666,PR-2025-00149,PRC-VND-0060,881000.0,2025-06-29,True
BID-2025-000667,PR-2025-00149,PRC-VND-0065,860000.0,2025-07-01,True
BID-2025-000668,PR-2025-00344,PRC-VND-0091,15571000.0,2025-07-04,True
BID-2025-000669,PR-2025-00344,PRC-VND-0056,18470000.0,2025-07-05,True
BID-2025-000670,PR-2025-00344,PRC-VND-0006,17148000.0,2025-07-04,True
BID-2025-000671,PR-2025-00344,PRC-VND-0031,20191000.0,2025-07-03,False
BID-2025-000672,PR-2025-00344,PRC-VND-0001,18640000.0,2025-07-04,True
BID-2025-000673,PR-2025-00344,PRC-VND-0086,19389000.0,2025-07-08,True
BID-2025-000674,PR-2025-00755,PRC-VND-0118,17683000.0,2025-07-09,False
BID-2025-000675,PR-2025-00755,PRC-VND-0113,17820000.0,2025-07-16,True
BID-2025-000676,PR-2025-00755,PRC-VND-0073,16164000.0,2025-07-10,True
BID-2025-000677,PR-2025-00755,PRC-VND-0088,20248000.0,2025-07-09,True
BID-2025-000678,PR-2025-00224,PRC-VND-0125,4025000.0,2025-07-09,True
BID-2025-000679,PR-2025-00224,PRC-VND-0020,4172000.0,2025-07-13,True
BID-2025-000680,PR-2025-00224,PRC-VND-0065,4789000.0,2025-07-12,True
BID-2025-000681,PR-2025-00224,PRC-VND-0090,4027000.0,2025-07-11,True
BID-2025-000682,PR-2025-00224,PRC-VND-0115,4428000.0,2025-07-07,False
BID-2025-000683,PR-2025-00224,PRC-VND-0105,4924000.0,2025-07-08,False
BID-2025-000684,PR-2025-00589,PRC-VND-0094,34841000.0,2025-07-14,False
BID-2025-000685,PR-2025-00589,PRC-VND-0049,40838000.0,2025-07-14,True
BID-2025-000686,PR-2025-00589,PRC-VND-0044,34350000.0,2025-07-20,False
BID-2025-000687,PR-2025-00589,PRC-VND-0064,31383000.0,2025-07-15,False
BID-2025-000688,PR-2025-00589,PRC-VND-0074,38271000.0,2025-07-16,True
BID-2025-000689,PR-2025-00661,PRC-VND-0107,33765000.0,2025-07-13,True
BID-2025-000690,PR-2025-00661,PRC-VND-0062,32169000.0,2025-07-12,True
BID-2025-000691,PR-2025-00661,PRC-VND-0117,38811000.0,2025-07-08,True
BID-2025-000692,PR-2025-00661,PRC-VND-0017,33642000.0,2025-07-12,True
BID-2025-000693,PR-2025-00661,PRC-VND-0127,33472000.0,2025-07-07,False
BID-2025-000694,PR-2025-00299,PRC-VND-0132,39139000.0,2025-07-17,True
BID-2025-000695,PR-2025-00299,PRC-VND-0087,41805000.0,2025-07-19,True
BID-2025-000696,PR-2025-00299,PRC-VND-0032,37017000.0,2025-07-20,True
BID-2025-000697,PR-2025-00704,PRC-VND-0059,10884000.0,2025-07-12,True
BID-2025-000698,PR-2025-00704,PRC-VND-0029,10976000.0,2025-07-13,True
BID-2025-000699,PR-2025-00704,PRC-VND-0119,9025000.0,2025-07-17,True
BID-2025-000700,PR-2025-00731,PRC-VND-0070,46750000.0,2025-07-16,True
BID-2025-000701,PR-2025-00731,PRC-VND-0055,41774000.0,2025-07-25,True
BID-2025-000702,PR-2025-00731,PRC-VND-0125,40556000.0,2025-07-21,True
BID-2025-000703,PR-2025-00731,PRC-VND-0130,40609000.0,2025-07-18,True
BID-2025-000704,PR-2025-00731,PRC-VND-0025,46982000.0,2025-07-21,True
BID-2025-000705,PR-2025-00731,PRC-VND-0015,39959000.0,2025-07-25,False
BID-2025-000706,PR-2025-00579,PRC-VND-0081,43583000.0,2025-07-14,True
BID-2025-000707,PR-2025-00579,PRC-VND-0091,42813000.0,2025-07-18,False
BID-2025-000708,PR-2025-00579,PRC-VND-0001,42822000.0,2025-07-11,True
BID-2025-000709,PR-2025-00749,PRC-VND-0042,10533000.0,2025-07-27,True
BID-2025-000710,PR-2025-00749,PRC-VND-0092,13803000.0,2025-07-27,True
BID-2025-000711,PR-2025-00749,PRC-VND-0017,10673000.0,2025-07-21,True
BID-2025-000712,PR-2025-00749,PRC-VND-0007,11683000.0,2025-07-27,True
BID-2025-000713,PR-2025-00749,PRC-VND-0027,13471000.0,2025-07-26,True
BID-2025-000714,PR-2025-00749,PRC-VND-0077,10813000.0,2025-07-24,True
BID-2025-000715,PR-2025-00162,PRC-VND-0044,32212000.0,2025-07-28,True
BID-2025-000716,PR-2025-00162,PRC-VND-0129,26445000.0,2025-07-26,True
BID-2025-000717,PR-2025-00162,PRC-VND-0024,32184000.0,2025-07-22,True
BID-2025-000718,PR-2025-00162,PRC-VND-0099,24430000.0,2025-07-23,True
BID-2025-000719,PR-2025-00478,PRC-VND-0007,46389000.0,2025-07-21,True
BID-2025-000720,PR-2025-00478,PRC-VND-0127,45887000.0,2025-07-22,True
BID-2025-000721,PR-2025-00478,PRC-VND-0082,44075000.0,2025-07-18,True
BID-2025-000722,PR-2025-00478,PRC-VND-0062,47213000.0,2025-07-24,False
BID-2025-000723,PR-2025-00478,PRC-VND-0112,41635000.0,2025-07-16,True
BID-2025-000724,PR-2025-00644,PRC-VND-0116,47068000.0,2025-07-31,True
BID-2025-000725,PR-2025-00644,PRC-VND-0036,43899000.0,2025-07-31,True
BID-2025-000726,PR-2025-00644,PRC-VND-0131,46775000.0,2025-08-03,True
BID-2025-000727,PR-2025-00025,PRC-VND-0116,1477000.0,2025-08-01,False
BID-2025-000728,PR-2025-00025,PRC-VND-0061,1770000.0,2025-08-02,True
BID-2025-000729,PR-2025-00025,PRC-VND-0031,1743000.0,2025-08-01,False
BID-2025-000730,PR-2025-00025,PRC-VND-0111,1614000.0,2025-08-02,True
BID-2025-000731,PR-2025-00025,PRC-VND-0121,1631000.0,2025-08-02,True
BID-2025-000732,PR-2025-00153,PRC-VND-0103,34200000.0,2025-07-29,True
BID-2025-000733,PR-2025-00153,PRC-VND-0123,35671000.0,2025-08-04,True
BID-2025-000734,PR-2025-00153,PRC-VND-0128,41798000.0,2025-08-02,False
BID-2025-000735,PR-2025-00153,PRC-VND-0098,34687000.0,2025-07-29,True
BID-2025-000736,PR-2025-00153,PRC-VND-0063,34437000.0,2025-07-26,True
BID-2025-000737,PR-2025-00354,PRC-VND-0016,35670000.0,2025-07-19,True
BID-2025-000738,PR-2025-00354,PRC-VND-0141,30028000.0,2025-07-17,True
BID-2025-000739,PR-2025-00354,PRC-VND-0036,31882000.0,2025-07-24,True
BID-2025-000740,PR-2025-00354,PRC-VND-0031,35646000.0,2025-07-16,True
BID-2025-000741,PR-2025-00354,PRC-VND-0006,31138000.0,2025-07-23,True
BID-2025-000742,PR-2025-00354,PRC-VND-0001,30021000.0,2025-07-15,True
BID-2025-000743,PR-2025-00424,PRC-VND-0056,23403000.0,2025-07-26,True
BID-2025-000744,PR-2025-00424,PRC-VND-0141,22019000.0,2025-07-28,False
BID-2025-000745,PR-2025-00424,PRC-VND-0021,23049000.0,2025-07-28,True
BID-2025-000746,PR-2025-00424,PRC-VND-0091,19378000.0,2025-07-27,True
BID-2025-000747,PR-2025-00467,PRC-VND-0069,37622000.0,2025-07-24,True
BID-2025-000748,PR-2025-00467,PRC-VND-0114,43908000.0,2025-07-18,True
BID-2025-000749,PR-2025-00467,PRC-VND-0014,43924000.0,2025-07-17,False
BID-2025-000750,PR-2025-00006,PRC-VND-0096,37839000.0,2025-08-03,True
BID-2025-000751,PR-2025-00006,PRC-VND-0036,28304000.0,2025-08-03,True
BID-2025-000752,PR-2025-00006,PRC-VND-0076,30744000.0,2025-08-04,True
BID-2025-000753,PR-2025-00006,PRC-VND-0111,36475000.0,2025-08-03,False
BID-2025-000754,PR-2025-00006,PRC-VND-0001,33347000.0,2025-08-02,True
BID-2025-000755,PR-2025-00058,PRC-VND-0047,29855000.0,2025-07-26,True
BID-2025-000756,PR-2025-00058,PRC-VND-0057,30090000.0,2025-07-22,True
BID-2025-000757,PR-2025-00058,PRC-VND-0072,26641000.0,2025-07-27,True
BID-2025-000758,PR-2025-00058,PRC-VND-0122,26114000.0,2025-07-30,True
BID-2025-000759,PR-2025-00058,PRC-VND-0107,25564000.0,2025-07-24,False
BID-2025-000760,PR-2025-00058,PRC-VND-0012,32191000.0,2025-07-31,True
BID-2025-000761,PR-2025-00345,PRC-VND-0076,23859000.0,2025-08-01,True
BID-2025-000762,PR-2025-00345,PRC-VND-0121,25925000.0,2025-08-01,True
BID-2025-000763,PR-2025-00345,PRC-VND-0041,25256000.0,2025-08-02,True
BID-2025-000764,PR-2025-00386,PRC-VND-0029,41522000.0,2025-08-02,True
BID-2025-000765,PR-2025-00386,PRC-VND-0054,45172000.0,2025-08-06,True
BID-2025-000766,PR-2025-00386,PRC-VND-0099,48336000.0,2025-08-08,True
BID-2025-000767,PR-2025-00386,PRC-VND-0129,40425000.0,2025-08-01,False
BID-2025-000768,PR-2025-00386,PRC-VND-0094,43359000.0,2025-08-08,True
BID-2025-000769,PR-2025-00426,PRC-VND-0068,33665000.0,2025-07-29,True
BID-2025-000770,PR-2025-00426,PRC-VND-0033,29670000.0,2025-07-26,True
BID-2025-000771,PR-2025-00426,PRC-VND-0083,33835000.0,2025-08-03,True
BID-2025-000772,PR-2025-00426,PRC-VND-0138,34071000.0,2025-08-03,True
BID-2025-000773,PR-2025-00426,PRC-VND-0003,33054000.0,2025-07-28,True
BID-2025-000774,PR-2025-00176,PRC-VND-0009,28828000.0,2025-08-04,True
BID-2025-000775,PR-2025-00176,PRC-VND-0079,30086000.0,2025-08-06,False
BID-2025-000776,PR-2025-00176,PRC-VND-0089,27761000.0,2025-08-04,True
BID-2025-000777,PR-2025-00176,PRC-VND-0129,32231000.0,2025-08-01,True
BID-2025-000778,PR-2025-00176,PRC-VND-0024,32188000.0,2025-08-01,False
BID-2025-000779,PR-2025-00176,PRC-VND-0109,27892000.0,2025-08-10,True
BID-2025-000780,PR-2025-00736,PRC-VND-0007,20444000.0,2025-08-06,True
BID-2025-000781,PR-2025-00736,PRC-VND-0067,24741000.0,2025-08-08,True
BID-2025-000782,PR-2025-00736,PRC-VND-0042,18770000.0,2025-08-06,False
BID-2025-000783,PR-2025-00413,PRC-VND-0114,40169000.0,2025-08-12,False
BID-2025-000784,PR-2025-00413,PRC-VND-0144,35436000.0,2025-08-12,True
BID-2025-000785,PR-2025-00413,PRC-VND-0099,40962000.0,2025-08-09,True
BID-2025-000786,PR-2025-00413,PRC-VND-0139,40797000.0,2025-08-13,True
BID-2025-000787,PR-2025-00572,PRC-VND-0021,31223000.0,2025-08-08,False
BID-2025-000788,PR-2025-00572,PRC-VND-0116,28071000.0,2025-08-12,False
BID-2025-000789,PR-2025-00572,PRC-VND-0081,27546000.0,2025-08-07,False
BID-2025-000790,PR-2025-00572,PRC-VND-0056,27012000.0,2025-08-16,True
BID-2025-000791,PR-2025-00572,PRC-VND-0101,27611000.0,2025-08-07,True
BID-2025-000792,PR-2025-00572,PRC-VND-0141,26322000.0,2025-08-12,True
BID-2025-000793,PR-2025-00297,PRC-VND-0012,2993000.0,2025-08-15,True
BID-2025-000794,PR-2025-00297,PRC-VND-0122,2821000.0,2025-08-09,True
BID-2025-000795,PR-2025-00297,PRC-VND-0077,2706000.0,2025-08-07,True
BID-2025-000796,PR-2025-00297,PRC-VND-0097,2449000.0,2025-08-14,True
BID-2025-000797,PR-2025-00297,PRC-VND-0057,2866000.0,2025-08-14,False
BID-2025-000798,PR-2025-00710,PRC-VND-0072,13398000.0,2025-08-15,True
BID-2025-000799,PR-2025-00710,PRC-VND-0032,11142000.0,2025-08-12,True
BID-2025-000800,PR-2025-00710,PRC-VND-0142,12796000.0,2025-08-08,False
BID-2025-000801,PR-2025-00710,PRC-VND-0092,10938000.0,2025-08-11,False
BID-2025-000802,PR-2025-00710,PRC-VND-0127,10658000.0,2025-08-07,True
BID-2025-000803,PR-2025-00710,PRC-VND-0007,12981000.0,2025-08-07,True
BID-2025-000804,PR-2025-00499,PRC-VND-0076,18255000.0,2025-08-06,True
BID-2025-000805,PR-2025-00499,PRC-VND-0136,17899000.0,2025-08-13,True
BID-2025-000806,PR-2025-00499,PRC-VND-0031,17743000.0,2025-08-11,True
BID-2025-000807,PR-2025-00499,PRC-VND-0041,17275000.0,2025-08-11,True
BID-2025-000808,PR-2025-00499,PRC-VND-0061,16609000.0,2025-08-07,True
BID-2025-000809,PR-2025-00499,PRC-VND-0006,20055000.0,2025-08-13,True
BID-2025-000810,PR-2025-00040,PRC-VND-0112,14237000.0,2025-08-03,True
BID-2025-000811,PR-2025-00040,PRC-VND-0007,13784000.0,2025-08-01,True
BID-2025-000812,PR-2025-00040,PRC-VND-0127,16680000.0,2025-08-09,False
BID-2025-000813,PR-2025-00040,PRC-VND-0087,16110000.0,2025-08-05,True
BID-2025-000814,PR-2025-00040,PRC-VND-0142,13758000.0,2025-08-08,True
BID-2025-000815,PR-2025-00040,PRC-VND-0132,15491000.0,2025-08-01,False
BID-2025-000816,PR-2025-00420,PRC-VND-0051,6245000.0,2025-08-12,False
BID-2025-000817,PR-2025-00420,PRC-VND-0091,5559000.0,2025-08-14,True
BID-2025-000818,PR-2025-00420,PRC-VND-0086,5475000.0,2025-08-11,False
BID-2025-000819,PR-2025-00420,PRC-VND-0061,5735000.0,2025-08-11,True
BID-2025-000820,PR-2025-00420,PRC-VND-0121,6498000.0,2025-08-12,True
BID-2025-000821,PR-2025-00431,PRC-VND-0124,7436000.0,2025-08-13,False
BID-2025-000822,PR-2025-00431,PRC-VND-0099,8363000.0,2025-08-14,True
BID-2025-000823,PR-2025-00431,PRC-VND-0074,9820000.0,2025-08-17,True
BID-2025-000824,PR-2025-00431,PRC-VND-0069,9552000.0,2025-08-14,False
BID-2025-000825,PR-2025-00431,PRC-VND-0014,7840000.0,2025-08-16,True
BID-2025-000826,PR-2025-00431,PRC-VND-0039,7582000.0,2025-08-12,True
BID-2025-000827,PR-2025-00454,PRC-VND-0131,26338000.0,2025-08-08,True
BID-2025-000828,PR-2025-00454,PRC-VND-0121,24981000.0,2025-08-06,True
BID-2025-000829,PR-2025-00454,PRC-VND-0046,26960000.0,2025-08-03,True
BID-2025-000830,PR-2025-00454,PRC-VND-0026,25634000.0,2025-08-08,True
BID-2025-000831,PR-2025-00551,PRC-VND-0114,34590000.0,2025-08-09,True
BID-2025-000832,PR-2025-00551,PRC-VND-0074,31420000.0,2025-08-14,True
BID-2025-000833,PR-2025-00551,PRC-VND-0044,35545000.0,2025-08-14,True
BID-2025-000834,PR-2025-00551,PRC-VND-0049,34193000.0,2025-08-14,False
BID-2025-000835,PR-2025-00551,PRC-VND-0004,28490000.0,2025-08-16,True
BID-2025-000836,PR-2025-00437,PRC-VND-0121,42487000.0,2025-08-17,True
BID-2025-000837,PR-2025-00437,PRC-VND-0046,39311000.0,2025-08-16,True
BID-2025-000838,PR-2025-00437,PRC-VND-0106,43583000.0,2025-08-11,True
BID-2025-000839,PR-2025-00437,PRC-VND-0096,39527000.0,2025-08-11,True
BID-2025-000840,PR-2025-00437,PRC-VND-0026,36331000.0,2025-08-12,True
BID-2025-000841,PR-2025-00437,PRC-VND-0031,35349000.0,2025-08-09,True
BID-2025-000842,PR-2025-00502,PRC-VND-0076,4976000.0,2025-08-24,True
BID-2025-000843,PR-2025-00502,PRC-VND-0091,5248000.0,2025-08-18,True
BID-2025-000844,PR-2025-00502,PRC-VND-0016,5092000.0,2025-08-27,False
BID-2025-000845,PR-2025-00502,PRC-VND-0011,4714000.0,2025-08-27,False
BID-2025-000846,PR-2025-00002,PRC-VND-0093,44455000.0,2025-08-19,True
BID-2025-000847,PR-2025-00002,PRC-VND-0098,44908000.0,2025-08-15,False
BID-2025-000848,PR-2025-00002,PRC-VND-0028,41302000.0,2025-08-16,False
BID-2025-000849,PR-2025-00052,PRC-VND-0034,12254000.0,2025-08-20,True
BID-2025-000850,PR-2025-00052,PRC-VND-0084,9516000.0,2025-08-27,True
BID-2025-000851,PR-2025-00052,PRC-VND-0059,12208000.0,2025-08-19,True
BID-2025-000852,PR-2025-00052,PRC-VND-0004,11148000.0,2025-08-22,False
BID-2025-000853,PR-2025-00052,PRC-VND-0029,11849000.0,2025-08-22,True
BID-2025-000854,PR-2025-00277,PRC-VND-0081,13882000.0,2025-08-20,True
BID-2025-000855,PR-2025-00277,PRC-VND-0106,11219000.0,2025-08-28,True
BID-2025-000856,PR-2025-00277,PRC-VND-0136,15015000.0,2025-08-20,True
BID-2025-000857,PR-2025-00702,PRC-VND-0059,9483000.0,2025-08-16,True
BID-2025-000858,PR-2025-00702,PRC-VND-0114,9662000.0,2025-08-16,True
BID-2025-000859,PR-2025-00702,PRC-VND-0089,9364000.0,2025-08-10,False
BID-2025-000860,PR-2025-00702,PRC-VND-0129,7919000.0,2025-08-14,False
BID-2025-000861,PR-2025-00702,PRC-VND-0109,9376000.0,2025-08-13,True
BID-2025-000862,PR-2025-00702,PRC-VND-0004,9987000.0,2025-08-11,True
BID-2025-000863,PR-2025-00608,PRC-VND-0022,6050000.0,2025-08-14,True
BID-2025-000864,PR-2025-00608,PRC-VND-0077,5931000.0,2025-08-15,True
BID-2025-000865,PR-2025-00608,PRC-VND-0092,6328000.0,2025-08-18,True
BID-2025-000866,PR-2025-00608,PRC-VND-0037,5743000.0,2025-08-14,True
BID-2025-000867,PR-2025-00608,PRC-VND-0042,4977000.0,2025-08-17,True
BID-2025-000868,PR-2025-00608,PRC-VND-0117,5604000.0,2025-08-14,False
BID-2025-000869,PR-2025-00660,PRC-VND-0003,21042000.0,2025-08-20,True
BID-2025-000870,PR-2025-00660,PRC-VND-0088,22185000.0,2025-08-21,True
BID-2025-000871,PR-2025-00660,PRC-VND-0143,25242000.0,2025-08-29,True
BID-2025-000872,PR-2025-00660,PRC-VND-0053,23469000.0,2025-08-21,True
BID-2025-000873,PR-2025-00660,PRC-VND-0013,19987000.0,2025-08-25,True
BID-2025-000874,PR-2025-00773,PRC-VND-0034,38867000.0,2025-08-26,True
BID-2025-000875,PR-2025-00773,PRC-VND-0094,41242000.0,2025-08-26,True
BID-2025-000876,PR-2025-00773,PRC-VND-0064,48244000.0,2025-08-19,True
BID-2025-000877,PR-2025-00546,PRC-VND-0027,9078000.0,2025-08-21,False
BID-2025-000878,PR-2025-00546,PRC-VND-0142,10720000.0,2025-08-17,True
BID-2025-000879,PR-2025-00546,PRC-VND-0082,9734000.0,2025-08-22,True
BID-2025-000880,PR-2025-00546,PRC-VND-0032,10529000.0,2025-08-19,True
BID-2025-000881,PR-2025-00546,PRC-VND-0102,11556000.0,2025-08-19,False
BID-2025-000882,PR-2025-00546,PRC-VND-0132,8790000.0,2025-08-22,True
BID-2025-000883,PR-2025-00595,PRC-VND-0015,1613000.0,2025-08-26,True
BID-2025-000884,PR-2025-00595,PRC-VND-0060,1315000.0,2025-08-23,True
BID-2025-000885,PR-2025-00595,PRC-VND-0065,1542000.0,2025-08-27,False
BID-2025-000886,PR-2025-00595,PRC-VND-0145,1380000.0,2025-08-28,True
BID-2025-000887,PR-2025-00762,PRC-VND-0038,20370000.0,2025-08-21,True
BID-2025-000888,PR-2025-00762,PRC-VND-0023,20376000.0,2025-08-20,True
BID-2025-000889,PR-2025-00762,PRC-VND-0013,17234000.0,2025-08-21,True
BID-2025-000890,PR-2025-00762,PRC-VND-0083,16983000.0,2025-08-17,False
BID-2025-000891,PR-2025-00319,PRC-VND-0033,6350000.0,2025-08-25,True
BID-2025-000892,PR-2025-00319,PRC-VND-0048,6638000.0,2025-08-28,True
BID-2025-000893,PR-2025-00319,PRC-VND-0023,5685000.0,2025-08-27,True
BID-2025-000894,PR-2025-00319,PRC-VND-0068,5406000.0,2025-08-28,True
BID-2025-000895,PR-2025-00319,PRC-VND-0093,6274000.0,2025-09-01,True
BID-2025-000896,PR-2025-00751,PRC-VND-0074,44884000.0,2025-08-23,True
BID-2025-000897,PR-2025-00751,PRC-VND-0034,41585000.0,2025-08-29,True
BID-2025-000898,PR-2025-00751,PRC-VND-0144,43929000.0,2025-08-26,True
BID-2025-000899,PR-2025-00751,PRC-VND-0049,48193000.0,2025-08-27,False
BID-2025-000900,PR-2025-00168,PRC-VND-0029,44878000.0,2025-08-22,True
BID-2025-000901,PR-2025-00168,PRC-VND-0104,44478000.0,2025-08-20,False
BID-2025-000902,PR-2025-00168,PRC-VND-0069,46362000.0,2025-08-23,False
BID-2025-000903,PR-2025-00168,PRC-VND-0019,35634000.0,2025-08-20,True
BID-2025-000904,PR-2025-00168,PRC-VND-0094,45711000.0,2025-08-18,True
BID-2025-000905,PR-2025-00168,PRC-VND-0119,46503000.0,2025-08-23,True
BID-2025-000906,PR-2025-00122,PRC-VND-0076,17140000.0,2025-09-03,True
BID-2025-000907,PR-2025-00122,PRC-VND-0026,18950000.0,2025-09-02,False
BID-2025-000908,PR-2025-00122,PRC-VND-0116,20010000.0,2025-08-30,True
BID-2025-000909,PR-2025-00122,PRC-VND-0006,15047000.0,2025-08-26,True
BID-2025-000910,PR-2025-00122,PRC-VND-0146,18711000.0,2025-08-25,True
BID-2025-000911,PR-2025-00122,PRC-VND-0061,18514000.0,2025-09-02,True
BID-2025-000912,PR-2025-00328,PRC-VND-0091,28858000.0,2025-08-25,False
BID-2025-000913,PR-2025-00328,PRC-VND-0136,26633000.0,2025-08-23,True
BID-2025-000914,PR-2025-00328,PRC-VND-0116,26383000.0,2025-08-22,True
BID-2025-000915,PR-2025-00587,PRC-VND-0095,15604000.0,2025-08-25,True
BID-2025-000916,PR-2025-00587,PRC-VND-0080,12212000.0,2025-08-25,True
BID-2025-000917,PR-2025-00587,PRC-VND-0040,12087000.0,2025-08-22,True
BID-2025-000918,PR-2025-00587,PRC-VND-0125,15661000.0,2025-08-24,False
BID-2025-000919,PR-2025-00107,PRC-VND-0132,6061000.0,2025-08-18,True
BID-2025-000920,PR-2025-00107,PRC-VND-0087,5964000.0,2025-08-27,True
BID-2025-000921,PR-2025-00107,PRC-VND-0037,5406000.0,2025-08-22,True
BID-2025-000922,PR-2025-00107,PRC-VND-0107,6704000.0,2025-08-21,True
BID-2025-000923,PR-2025-00107,PRC-VND-0062,6551000.0,2025-08-24,True
BID-2025-000924,PR-2025-00059,PRC-VND-0054,30219000.0,2025-08-25,True
BID-2025-000925,PR-2025-00059,PRC-VND-0019,32462000.0,2025-08-21,True
BID-2025-000926,PR-2025-00059,PRC-VND-0044,25769000.0,2025-08-25,False
BID-2025-000927,PR-2025-00059,PRC-VND-0119,29984000.0,2025-08-26,True
BID-2025-000928,PR-2025-00059,PRC-VND-0094,25056000.0,2025-08-20,True
BID-2025-000929,PR-2025-00059,PRC-VND-0109,33697000.0,2025-08-24,False
BID-2025-000930,PR-2025-00028,PRC-VND-0064,18866000.0,2025-09-02,True
BID-2025-000931,PR-2025-00028,PRC-VND-0079,17924000.0,2025-09-08,True
BID-2025-000932,PR-2025-00028,PRC-VND-0134,23411000.0,2025-09-06,True
BID-2025-000933,PR-2025-00028,PRC-VND-0034,21413000.0,2025-09-02,False
BID-2025-000934,PR-2025-00038,PRC-VND-0145,33173000.0,2025-09-04,True
BID-2025-000935,PR-2025-00038,PRC-VND-0070,33519000.0,2025-08-31,True
BID-2025-000936,PR-2025-00038,PRC-VND-0105,27976000.0,2025-08-30,True
BID-2025-000937,PR-2025-00038,PRC-VND-0100,27165000.0,2025-08-31,True
BID-2025-000938,PR-2025-00038,PRC-VND-0035,31640000.0,2025-09-03,True
BID-2025-000939,PR-2025-00038,PRC-VND-0065,32734000.0,2025-09-02,True
BID-2025-000940,PR-2025-00505,PRC-VND-0011,10019000.0,2025-08-31,False
BID-2025-000941,PR-2025-00505,PRC-VND-0046,12459000.0,2025-08-25,False
BID-2025-000942,PR-2025-00505,PRC-VND-0126,11744000.0,2025-09-03,True
BID-2025-000943,PR-2025-00505,PRC-VND-0086,9978000.0,2025-08-29,True
BID-2025-000944,PR-2025-00672,PRC-VND-0009,16906000.0,2025-08-26,True
BID-2025-000945,PR-2025-00672,PRC-VND-0054,17264000.0,2025-08-26,True
BID-2025-000946,PR-2025-00672,PRC-VND-0099,18498000.0,2025-08-25,True
BID-2025-000947,PR-2025-00672,PRC-VND-0024,17205000.0,2025-08-31,True
BID-2025-000948,PR-2025-00672,PRC-VND-0119,19342000.0,2025-08-26,True
BID-2025-000949,PR-2025-00672,PRC-VND-0074,21716000.0,2025-08-28,True
BID-2025-000950,PR-2025-00394,PRC-VND-0127,3473000.0,2025-09-06,True
BID-2025-000951,PR-2025-00394,PRC-VND-0032,3865000.0,2025-09-02,True
BID-2025-000952,PR-2025-00394,PRC-VND-0082,3879000.0,2025-09-09,True
BID-2025-000953,PR-2025-00402,PRC-VND-0005,40071000.0,2025-09-05,True
BID-2025-000954,PR-2025-00402,PRC-VND-0010,41463000.0,2025-09-05,True
BID-2025-000955,PR-2025-00402,PRC-VND-0110,45134000.0,2025-09-04,False
BID-2025-000956,PR-2025-00402,PRC-VND-0095,42243000.0,2025-09-01,False
BID-2025-000957,PR-2025-00095,PRC-VND-0102,33097000.0,2025-09-07,True
BID-2025-000958,PR-2025-00095,PRC-VND-0017,33216000.0,2025-09-14,True
BID-2025-000959,PR-2025-00095,PRC-VND-0032,30379000.0,2025-09-06,False
BID-2025-000960,PR-2025-00095,PRC-VND-0042,29486000.0,2025-09-08,True
BID-2025-000961,PR-2025-00484,PRC-VND-0080,10901000.0,2025-09-07,True
BID-2025-000962,PR-2025-00484,PRC-VND-0045,12646000.0,2025-09-13,False
BID-2025-000963,PR-2025-00484,PRC-VND-0050,11979000.0,2025-09-10,True
BID-2025-000964,PR-2025-00484,PRC-VND-0145,12556000.0,2025-09-10,True
BID-2025-000965,PR-2025-00623,PRC-VND-0097,37685000.0,2025-08-31,False
BID-2025-000966,PR-2025-00623,PRC-VND-0012,43990000.0,2025-09-04,True
BID-2025-000967,PR-2025-00623,PRC-VND-0082,48803000.0,2025-08-29,False
BID-2025-000968,PR-2025-00475,PRC-VND-0005,14633000.0,2025-09-06,True
BID-2025-000969,PR-2025-00475,PRC-VND-0145,14704000.0,2025-09-03,True
BID-2025-000970,PR-2025-00475,PRC-VND-0085,13615000.0,2025-09-09,False
BID-2025-000971,PR-2025-00475,PRC-VND-0040,13236000.0,2025-09-01,True
BID-2025-000972,PR-2025-00475,PRC-VND-0120,14495000.0,2025-09-07,True
BID-2025-000973,PR-2025-00078,PRC-VND-0123,20537000.0,2025-09-18,True
BID-2025-000974,PR-2025-00078,PRC-VND-0038,24289000.0,2025-09-18,True
BID-2025-000975,PR-2025-00078,PRC-VND-0088,19793000.0,2025-09-12,False
BID-2025-000976,PR-2025-00078,PRC-VND-0118,22576000.0,2025-09-12,True
BID-2025-000977,PR-2025-00264,PRC-VND-0017,13013000.0,2025-08-31,False
BID-2025-000978,PR-2025-00264,PRC-VND-0092,13460000.0,2025-09-02,True
BID-2025-000979,PR-2025-00264,PRC-VND-0052,15732000.0,2025-09-03,True
BID-2025-000980,PR-2025-00264,PRC-VND-0062,15968000.0,2025-09-03,True
BID-2025-000981,PR-2025-00264,PRC-VND-0032,16140000.0,2025-08-28,True
BID-2025-000982,PR-2025-00264,PRC-VND-0037,13356000.0,2025-08-31,False
BID-2025-000983,PR-2025-00685,PRC-VND-0007,28622000.0,2025-09-15,True
BID-2025-000984,PR-2025-00685,PRC-VND-0102,28062000.0,2025-09-12,True
BID-2025-000985,PR-2025-00685,PRC-VND-0092,22390000.0,2025-09-15,True
BID-2025-000986,PR-2025-00685,PRC-VND-0017,21644000.0,2025-09-16,True
BID-2025-000987,PR-2025-00571,PRC-VND-0121,34167000.0,2025-09-11,False
BID-2025-000988,PR-2025-00571,PRC-VND-0106,36060000.0,2025-09-07,True
BID-2025-000989,PR-2025-00571,PRC-VND-0116,33881000.0,2025-09-09,True
BID-2025-000990,PR-2025-00034,PRC-VND-0058,10020000.0,2025-09-14,False
BID-2025-000991,PR-2025-00034,PRC-VND-0008,11504000.0,2025-09-14,True
BID-2025-000992,PR-2025-00034,PRC-VND-0118,10332000.0,2025-09-20,True
BID-2025-000993,PR-2025-00308,PRC-VND-0117,32195000.0,2025-09-17,False
BID-2025-000994,PR-2025-00308,PRC-VND-0072,33862000.0,2025-09-14,True
BID-2025-000995,PR-2025-00308,PRC-VND-0112,30244000.0,2025-09-14,True
BID-2025-000996,PR-2025-00308,PRC-VND-0082,30303000.0,2025-09-23,True
BID-2025-000997,PR-2025-00308,PRC-VND-0062,29247000.0,2025-09-14,True
BID-2025-000998,PR-2025-00308,PRC-VND-0017,25712000.0,2025-09-15,True
BID-2025-000999,PR-2025-00119,PRC-VND-0092,13956000.0,2025-09-09,False
BID-2025-001000,PR-2025-00119,PRC-VND-0087,14508000.0,2025-09-08,True
BID-2025-001001,PR-2025-00119,PRC-VND-0007,15782000.0,2025-09-06,False
BID-2025-001002,PR-2025-00009,PRC-VND-0078,11126000.0,2025-09-13,False
BID-2025-001003,PR-2025-00009,PRC-VND-0063,10008000.0,2025-09-12,True
BID-2025-001004,PR-2025-00009,PRC-VND-0143,10009000.0,2025-09-11,True
BID-2025-001005,PR-2025-00009,PRC-VND-0073,11110000.0,2025-09-14,True
BID-2025-001006,PR-2025-00009,PRC-VND-0103,10402000.0,2025-09-07,True
BID-2025-001007,PR-2025-00009,PRC-VND-0018,12151000.0,2025-09-09,True
BID-2025-001008,PR-2025-00416,PRC-VND-0028,25341000.0,2025-09-19,True
BID-2025-001009,PR-2025-00416,PRC-VND-0063,28199000.0,2025-09-19,False
BID-2025-001010,PR-2025-00416,PRC-VND-0073,26817000.0,2025-09-13,False
BID-2025-001011,PR-2025-00416,PRC-VND-0023,29636000.0,2025-09-15,True
BID-2025-001012,PR-2025-00416,PRC-VND-0068,31894000.0,2025-09-17,False
BID-2025-001013,PR-2025-00416,PRC-VND-0008,26761000.0,2025-09-18,True
BID-2025-001014,PR-2025-00428,PRC-VND-0140,22501000.0,2025-09-21,True
BID-2025-001015,PR-2025-00428,PRC-VND-0005,20091000.0,2025-09-20,False
BID-2025-001016,PR-2025-00428,PRC-VND-0115,24505000.0,2025-09-18,True
BID-2025-001017,PR-2025-00428,PRC-VND-0040,26574000.0,2025-09-20,True
BID-2025-001018,PR-2025-00428,PRC-VND-0110,25589000.0,2025-09-16,True
BID-2025-001019,PR-2025-00428,PRC-VND-0010,24666000.0,2025-09-19,True
BID-2025-001020,PR-2025-00421,PRC-VND-0113,25407000.0,2025-09-15,True
BID-2025-001021,PR-2025-00421,PRC-VND-0083,23737000.0,2025-09-22,True
BID-2025-001022,PR-2025-00421,PRC-VND-0038,25500000.0,2025-09-14,False
BID-2025-001023,PR-2025-00278,PRC-VND-0050,9800000.0,2025-09-15,True
BID-2025-001024,PR-2025-00278,PRC-VND-0030,10110000.0,2025-09-16,True
BID-2025-001025,PR-2025-00278,PRC-VND-0100,8252000.0,2025-09-20,True
BID-2025-001026,PR-2025-00278,PRC-VND-0105,10109000.0,2025-09-17,True
BID-2025-001027,PR-2025-00278,PRC-VND-0125,9339000.0,2025-09-13,True
BID-2025-001028,PR-2025-00195,PRC-VND-0027,39291000.0,2025-09-21,False
BID-2025-001029,PR-2025-00195,PRC-VND-0002,41556000.0,2025-09-18,False
BID-2025-001030,PR-2025-00195,PRC-VND-0127,41265000.0,2025-09-18,True
BID-2025-001031,PR-2025-00195,PRC-VND-0017,36026000.0,2025-09-14,True
BID-2025-001032,PR-2025-00207,PRC-VND-0133,17694000.0,2025-09-16,True
BID-2025-001033,PR-2025-00207,PRC-VND-0043,13808000.0,2025-09-17,True
BID-2025-001034,PR-2025-00207,PRC-VND-0048,16086000.0,2025-09-14,True
BID-2025-001035,PR-2025-00207,PRC-VND-0138,13088000.0,2025-09-20,False
BID-2025-001036,PR-2025-00207,PRC-VND-0108,15887000.0,2025-09-12,False
BID-2025-001037,PR-2025-00207,PRC-VND-0013,15450000.0,2025-09-17,True
BID-2025-001038,PR-2025-00777,PRC-VND-0028,16645000.0,2025-09-25,True
BID-2025-001039,PR-2025-00777,PRC-VND-0018,19047000.0,2025-09-26,True
BID-2025-001040,PR-2025-00777,PRC-VND-0068,19029000.0,2025-10-01,False
BID-2025-001041,PR-2025-00285,PRC-VND-0040,28317000.0,2025-10-02,True
BID-2025-001042,PR-2025-00285,PRC-VND-0125,28510000.0,2025-09-25,True
BID-2025-001043,PR-2025-00285,PRC-VND-0060,24154000.0,2025-10-02,True
BID-2025-001044,PR-2025-00285,PRC-VND-0070,27605000.0,2025-09-24,True
BID-2025-001045,PR-2025-00285,PRC-VND-0010,23838000.0,2025-09-23,True
BID-2025-001046,PR-2025-00285,PRC-VND-0020,23997000.0,2025-09-29,False
BID-2025-001047,PR-2025-00501,PRC-VND-0105,36189000.0,2025-09-22,True
BID-2025-001048,PR-2025-00501,PRC-VND-0120,38542000.0,2025-09-18,True
BID-2025-001049,PR-2025-00501,PRC-VND-0125,35132000.0,2025-09-16,True
BID-2025-001050,PR-2025-00501,PRC-VND-0020,35798000.0,2025-09-21,False
BID-2025-001051,PR-2025-00267,PRC-VND-0029,42920000.0,2025-09-25,True
BID-2025-001052,PR-2025-00267,PRC-VND-0004,41479000.0,2025-09-28,True
BID-2025-001053,PR-2025-00267,PRC-VND-0069,39160000.0,2025-10-02,False
BID-2025-001054,PR-2025-00690,PRC-VND-0130,27392000.0,2025-10-02,True
BID-2025-001055,PR-2025-00690,PRC-VND-0090,25576000.0,2025-09-27,False
BID-2025-001056,PR-2025-00690,PRC-VND-0070,23407000.0,2025-10-05,False
BID-2025-001057,PR-2025-00690,PRC-VND-0110,28387000.0,2025-10-03,True
BID-2025-001058,PR-2025-00738,PRC-VND-0027,7148000.0,2025-09-20,True
BID-2025-001059,PR-2025-00738,PRC-VND-0032,8005000.0,2025-09-21,True
BID-2025-001060,PR-2025-00738,PRC-VND-0002,6773000.0,2025-09-18,True
BID-2025-001061,PR-2025-00738,PRC-VND-0107,6388000.0,2025-09-13,True
BID-2025-001062,PR-2025-00242,PRC-VND-0066,20644000.0,2025-10-01,True
BID-2025-001063,PR-2025-00242,PRC-VND-0031,26430000.0,2025-09-30,False
BID-2025-001064,PR-2025-00242,PRC-VND-0091,24709000.0,2025-09-28,False
BID-2025-001065,PR-2025-00242,PRC-VND-0061,24585000.0,2025-09-26,False
BID-2025-001066,PR-2025-00242,PRC-VND-0046,25955000.0,2025-09-28,True
BID-2025-001067,PR-2025-00300,PRC-VND-0031,23523000.0,2025-09-19,True
BID-2025-001068,PR-2025-00300,PRC-VND-0001,30017000.0,2025-09-20,True
BID-2025-001069,PR-2025-00300,PRC-VND-0061,30370000.0,2025-09-18,True
BID-2025-001070,PR-2025-00300,PRC-VND-0121,31369000.0,2025-09-23,True
BID-2025-001071,PR-2025-00300,PRC-VND-0106,28507000.0,2025-09-17,True
BID-2025-001072,PR-2025-00010,PRC-VND-0079,22671000.0,2025-09-24,True
BID-2025-001073,PR-2025-00010,PRC-VND-0049,22953000.0,2025-09-15,True
BID-2025-001074,PR-2025-00010,PRC-VND-0009,24364000.0,2025-09-18,True
BID-2025-001075,PR-2025-00198,PRC-VND-0092,23875000.0,2025-09-15,True
BID-2025-001076,PR-2025-00198,PRC-VND-0142,23162000.0,2025-09-21,True
BID-2025-001077,PR-2025-00198,PRC-VND-0077,29565000.0,2025-09-14,True
BID-2025-001078,PR-2025-00298,PRC-VND-0131,7381000.0,2025-09-27,True
BID-2025-001079,PR-2025-00298,PRC-VND-0031,8210000.0,2025-10-04,True
BID-2025-001080,PR-2025-00298,PRC-VND-0121,8652000.0,2025-10-04,True
BID-2025-001081,PR-2025-00298,PRC-VND-0071,8586000.0,2025-10-02,True
BID-2025-001082,PR-2025-00315,PRC-VND-0046,29824000.0,2025-09-27,True
BID-2025-001083,PR-2025-00315,PRC-VND-0146,30635000.0,2025-10-01,True
BID-2025-001084,PR-2025-00315,PRC-VND-0011,26439000.0,2025-09-27,True
BID-2025-001085,PR-2025-00315,PRC-VND-0081,26687000.0,2025-10-02,True
BID-2025-001086,PR-2025-00315,PRC-VND-0116,29641000.0,2025-09-28,True
BID-2025-001087,PR-2025-00366,PRC-VND-0094,29092000.0,2025-10-02,False
BID-2025-001088,PR-2025-00366,PRC-VND-0074,23828000.0,2025-10-04,True
BID-2025-001089,PR-2025-00366,PRC-VND-0059,22637000.0,2025-10-02,True
BID-2025-001090,PR-2025-00366,PRC-VND-0104,22835000.0,2025-10-01,False
BID-2025-001091,PR-2025-00366,PRC-VND-0034,23897000.0,2025-10-01,True
BID-2025-001092,PR-2025-00681,PRC-VND-0037,39825000.0,2025-09-30,True
BID-2025-001093,PR-2025-00681,PRC-VND-0082,37204000.0,2025-09-27,True
BID-2025-001094,PR-2025-00681,PRC-VND-0032,38011000.0,2025-09-25,True
BID-2025-001095,PR-2025-00012,PRC-VND-0122,10371000.0,2025-09-19,True
BID-2025-001096,PR-2025-00012,PRC-VND-0017,8032000.0,2025-09-20,True
BID-2025-001097,PR-2025-00012,PRC-VND-0107,9282000.0,2025-09-27,False
BID-2025-001098,PR-2025-00012,PRC-VND-0092,8415000.0,2025-09-27,True
BID-2025-001099,PR-2025-00012,PRC-VND-0007,9432000.0,2025-09-20,True
BID-2025-001100,PR-2025-00012,PRC-VND-0112,9405000.0,2025-09-28,True
BID-2025-001101,PR-2025-00237,PRC-VND-0144,20770000.0,2025-09-21,False
BID-2025-001102,PR-2025-00237,PRC-VND-0049,22622000.0,2025-09-21,True
BID-2025-001103,PR-2025-00237,PRC-VND-0104,20297000.0,2025-09-29,False
BID-2025-001104,PR-2025-00782,PRC-VND-0120,3518000.0,2025-09-22,True
BID-2025-001105,PR-2025-00782,PRC-VND-0085,3567000.0,2025-09-22,False
BID-2025-001106,PR-2025-00782,PRC-VND-0005,3312000.0,2025-09-22,True
BID-2025-001107,PR-2025-00782,PRC-VND-0140,3846000.0,2025-09-24,True
BID-2025-001108,PR-2025-00782,PRC-VND-0125,3326000.0,2025-09-25,True
BID-2025-001109,PR-2025-00782,PRC-VND-0095,2974000.0,2025-09-27,False
BID-2025-001110,PR-2025-00295,PRC-VND-0141,5100000.0,2025-10-07,True
BID-2025-001111,PR-2025-00295,PRC-VND-0056,4959000.0,2025-10-10,False
BID-2025-001112,PR-2025-00295,PRC-VND-0016,5560000.0,2025-10-01,True
BID-2025-001113,PR-2025-00295,PRC-VND-0001,4841000.0,2025-10-09,True
BID-2025-001114,PR-2025-00397,PRC-VND-0115,2449000.0,2025-10-01,True
BID-2025-001115,PR-2025-00397,PRC-VND-0090,2574000.0,2025-10-05,True
BID-2025-001116,PR-2025-00397,PRC-VND-0010,2614000.0,2025-10-02,False
BID-2025-001117,PR-2025-00397,PRC-VND-0050,2220000.0,2025-10-01,True
BID-2025-001118,PR-2025-00397,PRC-VND-0065,2185000.0,2025-10-04,True
BID-2025-001119,PR-2025-00205,PRC-VND-0143,6194000.0,2025-10-04,True
BID-2025-001120,PR-2025-00205,PRC-VND-0078,6583000.0,2025-10-04,True
BID-2025-001121,PR-2025-00205,PRC-VND-0063,6672000.0,2025-10-07,True
BID-2025-001122,PR-2025-00205,PRC-VND-0073,5871000.0,2025-10-01,True
BID-2025-001123,PR-2025-00071,PRC-VND-0096,15967000.0,2025-10-09,True
BID-2025-001124,PR-2025-00071,PRC-VND-0061,15510000.0,2025-10-09,True
BID-2025-001125,PR-2025-00071,PRC-VND-0076,17834000.0,2025-10-04,True
BID-2025-001126,PR-2025-00071,PRC-VND-0031,15713000.0,2025-10-08,True
BID-2025-001127,PR-2025-00442,PRC-VND-0107,31458000.0,2025-10-08,True
BID-2025-001128,PR-2025-00442,PRC-VND-0112,27682000.0,2025-10-06,True
BID-2025-001129,PR-2025-00442,PRC-VND-0147,32669000.0,2025-10-10,True
BID-2025-001130,PR-2025-00442,PRC-VND-0002,34254000.0,2025-10-03,True
BID-2025-001131,PR-2025-00442,PRC-VND-0137,30985000.0,2025-10-07,True
BID-2025-001132,PR-2025-00442,PRC-VND-0102,29761000.0,2025-10-05,True
BID-2025-001133,PR-2025-00649,PRC-VND-0078,19561000.0,2025-09-25,True
BID-2025-001134,PR-2025-00649,PRC-VND-0068,19260000.0,2025-10-01,True
BID-2025-001135,PR-2025-00649,PRC-VND-0088,21779000.0,2025-09-25,False
BID-2025-001136,PR-2025-00383,PRC-VND-0108,36825000.0,2025-10-02,True
BID-2025-001137,PR-2025-00383,PRC-VND-0053,34935000.0,2025-10-06,True
BID-2025-001138,PR-2025-00383,PRC-VND-0068,33378000.0,2025-09-30,True
BID-2025-001139,PR-2025-00383,PRC-VND-0133,34435000.0,2025-09-29,True
BID-2025-001140,PR-2025-00383,PRC-VND-0008,39261000.0,2025-09-27,True
BID-2025-001141,PR-2025-00438,PRC-VND-0052,1129000.0,2025-10-06,True
BID-2025-001142,PR-2025-00438,PRC-VND-0017,1238000.0,2025-10-05,False
BID-2025-001143,PR-2025-00438,PRC-VND-0062,1159000.0,2025-10-03,True
BID-2025-001144,PR-2025-00476,PRC-VND-0018,24729000.0,2025-10-03,True
BID-2025-001145,PR-2025-00476,PRC-VND-0108,26547000.0,2025-10-01,True
BID-2025-001146,PR-2025-00476,PRC-VND-0113,25985000.0,2025-10-08,True
BID-2025-001147,PR-2025-00476,PRC-VND-0008,26124000.0,2025-10-09,True
BID-2025-001148,PR-2025-00476,PRC-VND-0138,22989000.0,2025-10-06,True
BID-2025-001149,PR-2025-00716,PRC-VND-0061,3234000.0,2025-10-13,True
BID-2025-001150,PR-2025-00716,PRC-VND-0146,3191000.0,2025-10-12,False
BID-2025-001151,PR-2025-00716,PRC-VND-0116,4069000.0,2025-10-13,True
BID-2025-001152,PR-2025-00716,PRC-VND-0016,3381000.0,2025-10-08,True
BID-2025-001153,PR-2025-00716,PRC-VND-0111,3674000.0,2025-10-11,True
BID-2025-001154,PR-2025-00716,PRC-VND-0136,3844000.0,2025-10-14,True
BID-2025-001155,PR-2025-00418,PRC-VND-0125,43902000.0,2025-09-28,True
BID-2025-001156,PR-2025-00418,PRC-VND-0100,34791000.0,2025-09-29,True
BID-2025-001157,PR-2025-00418,PRC-VND-0135,33512000.0,2025-10-05,True
BID-2025-001158,PR-2025-00418,PRC-VND-0090,40762000.0,2025-10-01,True
BID-2025-001159,PR-2025-00418,PRC-VND-0025,42067000.0,2025-10-03,True
BID-2025-001160,PR-2025-00449,PRC-VND-0017,39823000.0,2025-10-06,True
BID-2025-001161,PR-2025-00449,PRC-VND-0032,33204000.0,2025-10-01,True
BID-2025-001162,PR-2025-00449,PRC-VND-0067,38132000.0,2025-10-09,True
BID-2025-001163,PR-2025-00449,PRC-VND-0097,40713000.0,2025-09-30,False
BID-2025-001164,PR-2025-00412,PRC-VND-0053,21982000.0,2025-10-04,True
BID-2025-001165,PR-2025-00412,PRC-VND-0033,21866000.0,2025-10-09,True
BID-2025-001166,PR-2025-00412,PRC-VND-0048,17786000.0,2025-10-04,True
BID-2025-001167,PR-2025-00412,PRC-VND-0073,19573000.0,2025-10-09,True
BID-2025-001168,PR-2025-00175,PRC-VND-0040,32073000.0,2025-10-03,True
BID-2025-001169,PR-2025-00175,PRC-VND-0110,29782000.0,2025-10-04,True
BID-2025-001170,PR-2025-00175,PRC-VND-0100,27255000.0,2025-09-30,True
BID-2025-001171,PR-2025-00638,PRC-VND-0077,1731000.0,2025-10-12,True
BID-2025-001172,PR-2025-00638,PRC-VND-0027,1378000.0,2025-10-05,True
BID-2025-001173,PR-2025-00638,PRC-VND-0042,1693000.0,2025-10-06,True
BID-2025-001174,PR-2025-00022,PRC-VND-0087,30567000.0,2025-10-12,True
BID-2025-001175,PR-2025-00022,PRC-VND-0147,30022000.0,2025-10-10,True
BID-2025-001176,PR-2025-00022,PRC-VND-0072,30101000.0,2025-10-03,True
BID-2025-001177,PR-2025-00022,PRC-VND-0077,27912000.0,2025-10-11,True
BID-2025-001178,PR-2025-00372,PRC-VND-0024,32630000.0,2025-10-19,True
BID-2025-001179,PR-2025-00372,PRC-VND-0069,27807000.0,2025-10-20,True
BID-2025-001180,PR-2025-00372,PRC-VND-0049,33896000.0,2025-10-13,False
BID-2025-001181,PR-2025-00372,PRC-VND-0094,34475000.0,2025-10-18,True
BID-2025-001182,PR-2025-00372,PRC-VND-0084,27996000.0,2025-10-18,True
BID-2025-001183,PR-2025-00436,PRC-VND-0022,41045000.0,2025-10-17,True
BID-2025-001184,PR-2025-00436,PRC-VND-0037,39195000.0,2025-10-20,True
BID-2025-001185,PR-2025-00436,PRC-VND-0012,47287000.0,2025-10-19,True
BID-2025-001186,PR-2025-00607,PRC-VND-0035,32231000.0,2025-10-24,True
BID-2025-001187,PR-2025-00607,PRC-VND-0105,34013000.0,2025-10-19,True
BID-2025-001188,PR-2025-00607,PRC-VND-0080,34100000.0,2025-10-24,False
BID-2025-001189,PR-2025-00607,PRC-VND-0085,30329000.0,2025-10-22,True
BID-2025-001190,PR-2025-00607,PRC-VND-0050,34118000.0,2025-10-18,True
BID-2025-001191,PR-2025-00150,PRC-VND-0058,28483000.0,2025-10-13,True
BID-2025-001192,PR-2025-00150,PRC-VND-0113,28881000.0,2025-10-11,True
BID-2025-001193,PR-2025-00150,PRC-VND-0143,29156000.0,2025-10-16,True
BID-2025-001194,PR-2025-00150,PRC-VND-0118,31219000.0,2025-10-08,True
BID-2025-001195,PR-2025-00150,PRC-VND-0023,29816000.0,2025-10-15,True
BID-2025-001196,PR-2025-00150,PRC-VND-0128,24633000.0,2025-10-10,True
BID-2025-001197,PR-2025-00799,PRC-VND-0064,16691000.0,2025-10-12,True
BID-2025-001198,PR-2025-00799,PRC-VND-0149,18009000.0,2025-10-13,True
BID-2025-001199,PR-2025-00799,PRC-VND-0014,14836000.0,2025-10-14,True
BID-2025-001200,PR-2025-00799,PRC-VND-0054,16584000.0,2025-10-16,True
BID-2025-001201,PR-2025-00342,PRC-VND-0109,26070000.0,2025-10-27,True
BID-2025-001202,PR-2025-00342,PRC-VND-0149,34265000.0,2025-10-21,True
BID-2025-001203,PR-2025-00342,PRC-VND-0119,32570000.0,2025-10-23,True
BID-2025-001204,PR-2025-00342,PRC-VND-0124,31529000.0,2025-10-23,True
BID-2025-001205,PR-2025-00342,PRC-VND-0089,31183000.0,2025-10-24,True
BID-2025-001206,PR-2025-00156,PRC-VND-0120,17307000.0,2025-10-26,False
BID-2025-001207,PR-2025-00156,PRC-VND-0115,19580000.0,2025-11-04,False
BID-2025-001208,PR-2025-00156,PRC-VND-0095,17570000.0,2025-11-04,True
BID-2025-001209,PR-2025-00156,PRC-VND-0135,18944000.0,2025-10-31,True
BID-2025-001210,PR-2025-00156,PRC-VND-0090,17205000.0,2025-11-04,True
BID-2025-001211,PR-2025-00199,PRC-VND-0103,37340000.0,2025-10-25,True
BID-2025-001212,PR-2025-00199,PRC-VND-0133,37570000.0,2025-10-28,True
BID-2025-001213,PR-2025-00199,PRC-VND-0008,37494000.0,2025-10-23,True
BID-2025-001214,PR-2025-00210,PRC-VND-0074,37787000.0,2025-10-19,False
BID-2025-001215,PR-2025-00210,PRC-VND-0099,35289000.0,2025-10-19,False
BID-2025-001216,PR-2025-00210,PRC-VND-0044,38786000.0,2025-10-17,True
BID-2025-001217,PR-2025-00210,PRC-VND-0019,30963000.0,2025-10-22,True
BID-2025-001218,PR-2025-00020,PRC-VND-0019,19904000.0,2025-11-01,False
BID-2025-001219,PR-2025-00020,PRC-VND-0129,22962000.0,2025-10-28,True
BID-2025-001220,PR-2025-00020,PRC-VND-0139,23020000.0,2025-10-25,True
BID-2025-001221,PR-2025-00020,PRC-VND-0069,22367000.0,2025-11-01,True
BID-2025-001222,PR-2025-00020,PRC-VND-0054,22061000.0,2025-10-29,True
BID-2025-001223,PR-2025-00020,PRC-VND-0124,19353000.0,2025-10-27,True
BID-2025-001224,PR-2025-00016,PRC-VND-0041,12824000.0,2025-10-27,True
BID-2025-001225,PR-2025-00016,PRC-VND-0081,14547000.0,2025-10-21,True
BID-2025-001226,PR-2025-00016,PRC-VND-0046,14142000.0,2025-10-27,True
BID-2025-001227,PR-2025-00461,PRC-VND-0127,5018000.0,2025-10-26,True
BID-2025-001228,PR-2025-00461,PRC-VND-0027,4510000.0,2025-10-20,True
BID-2025-001229,PR-2025-00461,PRC-VND-0017,4197000.0,2025-10-29,False
BID-2025-001230,PR-2025-00461,PRC-VND-0122,4144000.0,2025-10-22,False
BID-2025-001231,PR-2025-00631,PRC-VND-0127,26554000.0,2025-10-26,True
BID-2025-001232,PR-2025-00631,PRC-VND-0027,33136000.0,2025-10-26,True
BID-2025-001233,PR-2025-00631,PRC-VND-0072,30488000.0,2025-10-23,True
BID-2025-001234,PR-2025-00631,PRC-VND-0102,32451000.0,2025-10-19,False
BID-2025-001235,PR-2025-00273,PRC-VND-0076,9934000.0,2025-10-26,True
BID-2025-001236,PR-2025-00273,PRC-VND-0121,11450000.0,2025-10-31,True
BID-2025-001237,PR-2025-00273,PRC-VND-0036,11222000.0,2025-11-04,True
BID-2025-001238,PR-2025-00703,PRC-VND-0096,33686000.0,2025-11-03,True
BID-2025-001239,PR-2025-00703,PRC-VND-0036,27803000.0,2025-10-30,False
BID-2025-001240,PR-2025-00703,PRC-VND-0076,34948000.0,2025-10-28,True
BID-2025-001241,PR-2025-00703,PRC-VND-0061,34811000.0,2025-11-01,False
BID-2025-001242,PR-2025-00653,PRC-VND-0103,1651000.0,2025-10-30,True
BID-2025-001243,PR-2025-00653,PRC-VND-0118,1408000.0,2025-10-28,True
BID-2025-001244,PR-2025-00653,PRC-VND-0063,1477000.0,2025-10-30,True
BID-2025-001245,PR-2025-00653,PRC-VND-0083,1261000.0,2025-11-02,True
BID-2025-001246,PR-2025-00289,PRC-VND-0086,32155000.0,2025-10-31,True
BID-2025-001247,PR-2025-00289,PRC-VND-0011,27676000.0,2025-10-31,False
BID-2025-001248,PR-2025-00289,PRC-VND-0076,31379000.0,2025-10-31,True
BID-2025-001249,PR-2025-00289,PRC-VND-0046,30347000.0,2025-10-22,True
BID-2025-001250,PR-2025-00792,PRC-VND-0066,49158000.0,2025-11-15,True
BID-2025-001251,PR-2025-00792,PRC-VND-0046,39725000.0,2025-11-09,True
BID-2025-001252,PR-2025-00792,PRC-VND-0081,41061000.0,2025-11-14,False
BID-2025-001253,PR-2025-00792,PRC-VND-0076,48670000.0,2025-11-10,True
BID-2025-001254,PR-2025-00792,PRC-VND-0121,49036000.0,2025-11-12,True
BID-2025-001255,PR-2025-00792,PRC-VND-0086,45720000.0,2025-11-10,True
BID-2025-001256,PR-2025-00229,PRC-VND-0083,6581000.0,2025-11-02,True
BID-2025-001257,PR-2025-00229,PRC-VND-0108,5422000.0,2025-11-03,True
BID-2025-001258,PR-2025-00229,PRC-VND-0138,5536000.0,2025-11-05,True
BID-2025-001259,PR-2025-00229,PRC-VND-0123,7040000.0,2025-11-03,True
BID-2025-001260,PR-2025-00229,PRC-VND-0073,6345000.0,2025-11-08,True
BID-2025-001261,PR-2025-00229,PRC-VND-0048,5910000.0,2025-11-05,True
BID-2025-001262,PR-2025-00657,PRC-VND-0039,33508000.0,2025-11-14,True
BID-2025-001263,PR-2025-00657,PRC-VND-0149,39322000.0,2025-11-09,True
BID-2025-001264,PR-2025-00657,PRC-VND-0079,30369000.0,2025-11-08,True
BID-2025-001265,PR-2025-00094,PRC-VND-0025,34396000.0,2025-11-14,True
BID-2025-001266,PR-2025-00094,PRC-VND-0060,32430000.0,2025-11-15,True
BID-2025-001267,PR-2025-00094,PRC-VND-0135,29713000.0,2025-11-15,False
BID-2025-001268,PR-2025-00094,PRC-VND-0140,26810000.0,2025-11-14,True
BID-2025-001269,PR-2025-00094,PRC-VND-0080,30855000.0,2025-11-17,True
BID-2025-001270,PR-2025-00094,PRC-VND-0115,26308000.0,2025-11-20,True
BID-2025-001271,PR-2025-00203,PRC-VND-0074,3890000.0,2025-11-09,True
BID-2025-001272,PR-2025-00203,PRC-VND-0124,3646000.0,2025-11-12,True
BID-2025-001273,PR-2025-00203,PRC-VND-0149,3370000.0,2025-11-11,False
BID-2025-001274,PR-2025-00203,PRC-VND-0119,4156000.0,2025-11-11,True
BID-2025-001275,PR-2025-00203,PRC-VND-0114,4057000.0,2025-11-12,False
BID-2025-001276,PR-2025-00352,PRC-VND-0070,32116000.0,2025-11-08,True
BID-2025-001277,PR-2025-00352,PRC-VND-0085,24787000.0,2025-11-05,True
BID-2025-001278,PR-2025-00352,PRC-VND-0015,25932000.0,2025-11-07,False
BID-2025-001279,PR-2025-00352,PRC-VND-0035,25917000.0,2025-11-08,False
BID-2025-001280,PR-2025-00352,PRC-VND-0025,26409000.0,2025-11-06,True
BID-2025-001281,PR-2025-00540,PRC-VND-0046,26111000.0,2025-11-06,True
BID-2025-001282,PR-2025-00540,PRC-VND-0016,22677000.0,2025-10-31,False
BID-2025-001283,PR-2025-00540,PRC-VND-0126,28873000.0,2025-11-05,False
BID-2025-001284,PR-2025-00540,PRC-VND-0096,22260000.0,2025-10-31,True
BID-2025-001285,PR-2025-00540,PRC-VND-0101,24330000.0,2025-10-30,True
BID-2025-001286,PR-2025-00007,PRC-VND-0088,36459000.0,2025-11-17,True
BID-2025-001287,PR-2025-00007,PRC-VND-0033,39924000.0,2025-11-13,True
BID-2025-001288,PR-2025-00007,PRC-VND-0008,36375000.0,2025-11-13,True
BID-2025-001289,PR-2025-00007,PRC-VND-0028,34664000.0,2025-11-16,True
BID-2025-001290,PR-2025-00639,PRC-VND-0117,16173000.0,2025-11-13,False
BID-2025-001291,PR-2025-00639,PRC-VND-0002,14919000.0,2025-11-13,True
BID-2025-001292,PR-2025-00639,PRC-VND-0067,17138000.0,2025-11-18,True
BID-2025-001293,PR-2025-00154,PRC-VND-0134,40157000.0,2025-11-07,True
BID-2025-001294,PR-2025-00154,PRC-VND-0039,40276000.0,2025-11-03,True
BID-2025-001295,PR-2025-00154,PRC-VND-0099,47400000.0,2025-11-04,True
BID-2025-001296,PR-2025-00062,PRC-VND-0054,8251000.0,2025-11-14,True
BID-2025-001297,PR-2025-00062,PRC-VND-0079,7134000.0,2025-11-11,True
BID-2025-001298,PR-2025-00062,PRC-VND-0064,7881000.0,2025-11-14,True
BID-2025-001299,PR-2025-00062,PRC-VND-0049,6633000.0,2025-11-14,False
BID-2025-001300,PR-2025-00062,PRC-VND-0029,6472000.0,2025-11-11,True
BID-2025-001301,PR-2025-00062,PRC-VND-0034,7617000.0,2025-11-14,True
BID-2025-001302,PR-2025-00656,PRC-VND-0120,38403000.0,2025-11-18,True
BID-2025-001303,PR-2025-00656,PRC-VND-0105,39628000.0,2025-11-21,True
BID-2025-001304,PR-2025-00656,PRC-VND-0135,43900000.0,2025-11-25,True
BID-2025-001305,PR-2025-00656,PRC-VND-0110,40879000.0,2025-11-19,True
BID-2025-001306,PR-2025-00656,PRC-VND-0125,42488000.0,2025-11-17,True
BID-2025-001307,PR-2025-00656,PRC-VND-0095,41582000.0,2025-11-25,True
BID-2025-001308,PR-2025-00753,PRC-VND-0106,22546000.0,2025-11-18,True
BID-2025-001309,PR-2025-00753,PRC-VND-0141,22138000.0,2025-11-12,False
BID-2025-001310,PR-2025-00753,PRC-VND-0146,22882000.0,2025-11-12,True
BID-2025-001311,PR-2025-00753,PRC-VND-0001,24186000.0,2025-11-10,True
BID-2025-001312,PR-2025-00753,PRC-VND-0116,22258000.0,2025-11-09,True
BID-2025-001313,PR-2025-00545,PRC-VND-0093,37676000.0,2025-11-24,True
BID-2025-001314,PR-2025-00545,PRC-VND-0083,37018000.0,2025-11-25,True
BID-2025-001315,PR-2025-00545,PRC-VND-0038,38413000.0,2025-11-20,True
BID-2025-001316,PR-2025-00545,PRC-VND-0043,42368000.0,2025-11-18,True
BID-2025-001317,PR-2025-00545,PRC-VND-0003,44350000.0,2025-11-27,True
BID-2025-001318,PR-2025-00545,PRC-VND-0063,46218000.0,2025-11-22,False
BID-2025-001319,PR-2025-00216,PRC-VND-0001,21255000.0,2025-11-13,True
BID-2025-001320,PR-2025-00216,PRC-VND-0031,25086000.0,2025-11-12,True
BID-2025-001321,PR-2025-00216,PRC-VND-0146,23943000.0,2025-11-10,True
BID-2025-001322,PR-2025-00216,PRC-VND-0136,24527000.0,2025-11-15,True
BID-2025-001323,PR-2025-00216,PRC-VND-0071,26795000.0,2025-11-10,True
BID-2025-001324,PR-2025-00216,PRC-VND-0011,28878000.0,2025-11-17,True
BID-2025-001325,PR-2025-00794,PRC-VND-0084,4066000.0,2025-11-15,True
BID-2025-001326,PR-2025-00794,PRC-VND-0124,4310000.0,2025-11-16,True
BID-2025-001327,PR-2025-00794,PRC-VND-0079,4351000.0,2025-11-19,True
BID-2025-001328,PR-2025-00794,PRC-VND-0034,3888000.0,2025-11-21,False
BID-2025-001329,PR-2025-00794,PRC-VND-0099,3742000.0,2025-11-15,True
BID-2025-001330,PR-2025-00794,PRC-VND-0114,4405000.0,2025-11-15,True
BID-2025-001331,PR-2025-00017,PRC-VND-0067,3912000.0,2025-11-16,False
BID-2025-001332,PR-2025-00017,PRC-VND-0137,3924000.0,2025-11-15,True
BID-2025-001333,PR-2025-00017,PRC-VND-0047,4238000.0,2025-11-17,True
BID-2025-001334,PR-2025-00017,PRC-VND-0012,5302000.0,2025-11-18,True
BID-2025-001335,PR-2025-00017,PRC-VND-0117,4317000.0,2025-11-17,True
BID-2025-001336,PR-2025-00017,PRC-VND-0107,4055000.0,2025-11-24,True
BID-2025-001337,PR-2025-00365,PRC-VND-0021,14625000.0,2025-11-17,True
BID-2025-001338,PR-2025-00365,PRC-VND-0076,17590000.0,2025-11-16,True
BID-2025-001339,PR-2025-00365,PRC-VND-0106,14406000.0,2025-11-15,True
BID-2025-001340,PR-2025-00365,PRC-VND-0041,17189000.0,2025-11-12,True
BID-2025-001341,PR-2025-00365,PRC-VND-0116,16207000.0,2025-11-17,True
BID-2025-001342,PR-2025-00140,PRC-VND-0113,42757000.0,2025-11-12,True
BID-2025-001343,PR-2025-00140,PRC-VND-0133,33739000.0,2025-11-18,True
BID-2025-001344,PR-2025-00140,PRC-VND-0103,35744000.0,2025-11-16,True
BID-2025-001345,PR-2025-00140,PRC-VND-0033,41722000.0,2025-11-14,False
BID-2025-001346,PR-2025-00140,PRC-VND-0123,40459000.0,2025-11-17,True
BID-2025-001347,PR-2025-00369,PRC-VND-0140,27957000.0,2025-11-10,False
BID-2025-001348,PR-2025-00369,PRC-VND-0145,26836000.0,2025-11-12,True
BID-2025-001349,PR-2025-00369,PRC-VND-0090,26892000.0,2025-11-11,False
BID-2025-001350,PR-2025-00369,PRC-VND-0040,27524000.0,2025-11-17,True
BID-2025-001351,PR-2025-00601,PRC-VND-0026,3531000.0,2025-11-25,True
BID-2025-001352,PR-2025-00601,PRC-VND-0136,3212000.0,2025-11-28,True
BID-2025-001353,PR-2025-00601,PRC-VND-0016,3234000.0,2025-11-30,True
BID-2025-001354,PR-2025-00601,PRC-VND-0141,3192000.0,2025-11-26,True
BID-2025-001355,PR-2025-00601,PRC-VND-0101,3891000.0,2025-12-01,True
BID-2025-001356,PR-2025-00677,PRC-VND-0132,7258000.0,2025-11-25,False
BID-2025-001357,PR-2025-00677,PRC-VND-0092,7796000.0,2025-11-30,True
BID-2025-001358,PR-2025-00677,PRC-VND-0057,7747000.0,2025-11-27,True
BID-2025-001359,PR-2025-00677,PRC-VND-0112,7245000.0,2025-11-22,True
BID-2025-001360,PR-2025-00677,PRC-VND-0147,7486000.0,2025-11-29,True
BID-2025-001361,PR-2025-00677,PRC-VND-0107,6931000.0,2025-11-21,True
BID-2025-001362,PR-2025-00724,PRC-VND-0138,18198000.0,2025-11-29,True
BID-2025-001363,PR-2025-00724,PRC-VND-0018,16341000.0,2025-11-30,True
BID-2025-001364,PR-2025-00724,PRC-VND-0068,16093000.0,2025-11-25,True
BID-2025-001365,PR-2025-00724,PRC-VND-0033,19094000.0,2025-11-22,True
BID-2025-001366,PR-2025-00576,PRC-VND-0052,21222000.0,2025-11-22,True
BID-2025-001367,PR-2025-00576,PRC-VND-0127,22879000.0,2025-11-19,False
BID-2025-001368,PR-2025-00576,PRC-VND-0022,23454000.0,2025-11-16,True
BID-2025-001369,PR-2025-00576,PRC-VND-0092,24502000.0,2025-11-18,True
BID-2025-001370,PR-2025-00576,PRC-VND-0002,28068000.0,2025-11-16,True
BID-2025-001371,PR-2025-00576,PRC-VND-0032,22976000.0,2025-11-14,True
BID-2025-001372,PR-2025-00636,PRC-VND-0024,32097000.0,2025-11-30,True
BID-2025-001373,PR-2025-00636,PRC-VND-0039,33664000.0,2025-11-26,True
BID-2025-001374,PR-2025-00636,PRC-VND-0064,32616000.0,2025-11-30,True
BID-2025-001375,PR-2025-00268,PRC-VND-0020,3922000.0,2025-11-19,False
BID-2025-001376,PR-2025-00268,PRC-VND-0125,3530000.0,2025-11-17,True
BID-2025-001377,PR-2025-00268,PRC-VND-0145,3863000.0,2025-11-17,True
BID-2025-001378,PR-2025-00305,PRC-VND-0089,24986000.0,2025-11-29,True
BID-2025-001379,PR-2025-00305,PRC-VND-0064,20318000.0,2025-11-20,True
BID-2025-001380,PR-2025-00305,PRC-VND-0119,22098000.0,2025-11-28,True
BID-2025-001381,PR-2025-00305,PRC-VND-0054,25559000.0,2025-11-25,False
BID-2025-001382,PR-2025-00244,PRC-VND-0011,32389000.0,2025-11-13,True
BID-2025-001383,PR-2025-00244,PRC-VND-0146,36748000.0,2025-11-16,True
BID-2025-001384,PR-2025-00244,PRC-VND-0091,35064000.0,2025-11-22,True
BID-2025-001385,PR-2025-00244,PRC-VND-0021,36733000.0,2025-11-19,True
BID-2025-001386,PR-2025-00244,PRC-VND-0141,40513000.0,2025-11-14,False
BID-2025-001387,PR-2025-00419,PRC-VND-0049,9660000.0,2025-11-30,False
BID-2025-001388,PR-2025-00419,PRC-VND-0084,10488000.0,2025-11-28,True
BID-2025-001389,PR-2025-00419,PRC-VND-0064,10426000.0,2025-11-25,True
BID-2025-001390,PR-2025-00419,PRC-VND-0104,12743000.0,2025-12-03,True
BID-2025-001391,PR-2025-00419,PRC-VND-0074,13096000.0,2025-11-29,True
BID-2025-001392,PR-2025-00036,PRC-VND-0039,23388000.0,2025-11-22,False
BID-2025-001393,PR-2025-00036,PRC-VND-0129,21583000.0,2025-11-21,True
BID-2025-001394,PR-2025-00036,PRC-VND-0119,21202000.0,2025-11-25,False
BID-2025-001395,PR-2025-00036,PRC-VND-0109,18930000.0,2025-11-25,True
BID-2025-001396,PR-2025-00036,PRC-VND-0049,23354000.0,2025-11-21,True
BID-2025-001397,PR-2025-00036,PRC-VND-0054,21200000.0,2025-11-22,True
BID-2025-001398,PR-2025-00371,PRC-VND-0124,12091000.0,2025-11-30,True
BID-2025-001399,PR-2025-00371,PRC-VND-0114,9710000.0,2025-12-01,True
BID-2025-001400,PR-2025-00371,PRC-VND-0119,13095000.0,2025-12-02,True
BID-2025-001401,PR-2025-00371,PRC-VND-0074,11740000.0,2025-12-03,True
BID-2025-001402,PR-2025-00008,PRC-VND-0034,36879000.0,2025-11-29,True
BID-2025-001403,PR-2025-00008,PRC-VND-0109,29560000.0,2025-11-26,True
BID-2025-001404,PR-2025-00008,PRC-VND-0064,35318000.0,2025-11-25,True
BID-2025-001405,PR-2025-00008,PRC-VND-0094,35352000.0,2025-11-22,True
BID-2025-001406,PR-2025-00008,PRC-VND-0019,33213000.0,2025-11-28,True
BID-2025-001407,PR-2025-00008,PRC-VND-0139,34682000.0,2025-11-24,False
BID-2025-001408,PR-2025-00055,PRC-VND-0135,15931000.0,2025-11-26,True
BID-2025-001409,PR-2025-00055,PRC-VND-0085,18569000.0,2025-11-29,True
BID-2025-001410,PR-2025-00055,PRC-VND-0070,15932000.0,2025-11-29,False
BID-2025-001411,PR-2025-00055,PRC-VND-0145,18591000.0,2025-12-05,True
BID-2025-001412,PR-2025-00055,PRC-VND-0080,21018000.0,2025-11-29,True
BID-2025-001413,PR-2025-00469,PRC-VND-0106,19921000.0,2025-12-01,True
BID-2025-001414,PR-2025-00469,PRC-VND-0006,19513000.0,2025-12-03,True
BID-2025-001415,PR-2025-00469,PRC-VND-0001,22663000.0,2025-12-01,True
BID-2025-001416,PR-2025-00469,PRC-VND-0041,19855000.0,2025-11-26,False
BID-2025-001417,PR-2025-00580,PRC-VND-0126,27385000.0,2025-11-22,True
BID-2025-001418,PR-2025-00580,PRC-VND-0056,31272000.0,2025-12-01,True
BID-2025-001419,PR-2025-00580,PRC-VND-0096,31595000.0,2025-11-29,True
BID-2025-001420,PR-2025-00580,PRC-VND-0041,33852000.0,2025-11-26,False
BID-2025-001421,PR-2025-00580,PRC-VND-0026,31204000.0,2025-11-22,True
BID-2025-001422,PR-2025-00115,PRC-VND-0080,39821000.0,2025-12-06,False
BID-2025-001423,PR-2025-00115,PRC-VND-0140,38131000.0,2025-12-03,True
BID-2025-001424,PR-2025-00115,PRC-VND-0020,42173000.0,2025-12-05,False
BID-2025-001425,PR-2025-00115,PRC-VND-0075,40652000.0,2025-12-11,True
BID-2025-001426,PR-2025-00115,PRC-VND-0060,35314000.0,2025-12-10,True
BID-2025-001427,PR-2025-00115,PRC-VND-0120,36102000.0,2025-12-05,True
BID-2025-001428,PR-2025-00798,PRC-VND-0044,30862000.0,2025-11-30,True
BID-2025-001429,PR-2025-00798,PRC-VND-0019,32217000.0,2025-11-28,True
BID-2025-001430,PR-2025-00798,PRC-VND-0064,28140000.0,2025-11-28,True
BID-2025-001431,PR-2025-00798,PRC-VND-0134,25593000.0,2025-11-27,True
BID-2025-001432,PR-2025-00798,PRC-VND-0129,30535000.0,2025-12-01,True
BID-2025-001433,PR-2025-00798,PRC-VND-0034,27941000.0,2025-11-29,False
BID-2025-001434,PR-2025-00291,PRC-VND-0148,4237000.0,2025-11-30,True
BID-2025-001435,PR-2025-00291,PRC-VND-0118,3634000.0,2025-11-29,True
BID-2025-001436,PR-2025-00291,PRC-VND-0098,4129000.0,2025-12-03,True
BID-2025-001437,PR-2025-00291,PRC-VND-0113,3850000.0,2025-11-30,False
BID-2025-001438,PR-2025-00291,PRC-VND-0088,4178000.0,2025-12-03,False
BID-2025-001439,PR-2025-00291,PRC-VND-0128,4118000.0,2025-11-30,True
BID-2025-001440,PR-2025-00131,PRC-VND-0115,8465000.0,2025-12-16,True
BID-2025-001441,PR-2025-00131,PRC-VND-0080,8792000.0,2025-12-12,True
BID-2025-001442,PR-2025-00131,PRC-VND-0035,8046000.0,2025-12-08,True
BID-2025-001443,PR-2025-00131,PRC-VND-0135,9883000.0,2025-12-08,False
BID-2025-001444,PR-2025-00131,PRC-VND-0130,9244000.0,2025-12-17,False
BID-2025-001445,PR-2025-00170,PRC-VND-0083,31726000.0,2025-12-05,True
BID-2025-001446,PR-2025-00170,PRC-VND-0098,34001000.0,2025-12-02,True
BID-2025-001447,PR-2025-00170,PRC-VND-0143,39703000.0,2025-12-04,True
BID-2025-001448,PR-2025-00444,PRC-VND-0069,14215000.0,2025-12-07,True
BID-2025-001449,PR-2025-00444,PRC-VND-0024,16640000.0,2025-12-11,False
BID-2025-001450,PR-2025-00444,PRC-VND-0149,18232000.0,2025-12-09,True
BID-2025-001451,PR-2025-00444,PRC-VND-0034,15942000.0,2025-12-08,True
BID-2025-001452,PR-2025-00510,PRC-VND-0146,30260000.0,2025-12-09,True
BID-2025-001453,PR-2025-00510,PRC-VND-0141,32801000.0,2025-12-07,True
BID-2025-001454,PR-2025-00510,PRC-VND-0011,31297000.0,2025-12-14,True
BID-2025-001455,PR-2025-00510,PRC-VND-0116,32380000.0,2025-12-09,True
BID-2025-001456,PR-2025-00510,PRC-VND-0061,32414000.0,2025-12-08,True
BID-2025-001457,PR-2025-00510,PRC-VND-0086,31445000.0,2025-12-12,True
BID-2025-001458,PR-2025-00090,PRC-VND-0150,10560000.0,2025-12-06,False
BID-2025-001459,PR-2025-00090,PRC-VND-0095,12437000.0,2025-12-10,True
BID-2025-001460,PR-2025-00090,PRC-VND-0050,13392000.0,2025-12-08,True
BID-2025-001461,PR-2025-00090,PRC-VND-0055,11720000.0,2025-12-08,True
BID-2025-001462,PR-2025-00090,PRC-VND-0005,11857000.0,2025-12-09,True
BID-2025-001463,PR-2025-00090,PRC-VND-0035,12895000.0,2025-12-12,False
BID-2025-001464,PR-2025-00068,PRC-VND-0044,15446000.0,2025-12-16,False
BID-2025-001465,PR-2025-00068,PRC-VND-0014,13330000.0,2025-12-16,True
BID-2025-001466,PR-2025-00068,PRC-VND-0024,13780000.0,2025-12-15,True
BID-2025-001467,PR-2025-00068,PRC-VND-0094,14353000.0,2025-12-14,True
BID-2025-001468,PR-2025-00068,PRC-VND-0129,12992000.0,2025-12-12,False
BID-2025-001469,PR-2025-00080,PRC-VND-0002,4243000.0,2025-12-13,True
BID-2025-001470,PR-2025-00080,PRC-VND-0052,4927000.0,2025-12-14,True
BID-2025-001471,PR-2025-00080,PRC-VND-0127,3977000.0,2025-12-12,False
BID-2025-001472,PR-2025-00080,PRC-VND-0022,4423000.0,2025-12-13,True
BID-2025-001473,PR-2025-00080,PRC-VND-0132,4865000.0,2025-12-06,True
BID-2025-001474,PR-2025-00080,PRC-VND-0137,3864000.0,2025-12-14,True
BID-2025-001475,PR-2025-00406,PRC-VND-0136,24459000.0,2025-12-16,True
BID-2025-001476,PR-2025-00406,PRC-VND-0126,19696000.0,2025-12-15,True
BID-2025-001477,PR-2025-00406,PRC-VND-0001,25397000.0,2025-12-18,True
BID-2025-001478,PR-2025-00406,PRC-VND-0061,19961000.0,2025-12-12,False
BID-2025-001479,PR-2025-00406,PRC-VND-0011,21943000.0,2025-12-14,True
BID-2025-001480,PR-2025-00517,PRC-VND-0015,24403000.0,2025-12-09,True
BID-2025-001481,PR-2025-00517,PRC-VND-0035,23551000.0,2025-12-09,True
BID-2025-001482,PR-2025-00517,PRC-VND-0055,21452000.0,2025-12-11,False
BID-2025-001483,PR-2025-00517,PRC-VND-0100,25103000.0,2025-12-13,True
BID-2025-001484,PR-2025-00517,PRC-VND-0145,26660000.0,2025-12-10,True
BID-2025-001485,PR-2025-00396,PRC-VND-0112,13156000.0,2025-12-15,True
BID-2025-001486,PR-2025-00396,PRC-VND-0022,14387000.0,2025-12-23,True
BID-2025-001487,PR-2025-00396,PRC-VND-0132,16090000.0,2025-12-19,True
BID-2025-001488,PR-2025-00763,PRC-VND-0123,33260000.0,2025-12-13,True
BID-2025-001489,PR-2025-00763,PRC-VND-0073,37846000.0,2025-12-16,True
BID-2025-001490,PR-2025-00763,PRC-VND-0043,38665000.0,2025-12-16,False
BID-2025-001491,PR-2025-00763,PRC-VND-0028,37628000.0,2025-12-16,True
BID-2025-001492,PR-2025-00763,PRC-VND-0138,36310000.0,2025-12-15,True
BID-2025-001493,PR-2025-00763,PRC-VND-0003,36830000.0,2025-12-19,True
BID-2025-001494,PR-2025-00800,PRC-VND-0060,30285000.0,2025-12-26,True
BID-2025-001495,PR-2025-00800,PRC-VND-0130,35580000.0,2025-12-22,True
BID-2025-001496,PR-2025-00800,PRC-VND-0015,35163000.0,2025-12-21,True
BID-2025-001497,PR-2025-00800,PRC-VND-0065,33644000.0,2025-12-27,True
BID-2025-001498,PR-2025-00800,PRC-VND-0010,38293000.0,2025-12-19,False
BID-2025-001499,PR-2025-00013,PRC-VND-0089,26427000.0,2025-12-30,True
BID-2025-001500,PR-2025-00013,PRC-VND-0129,31093000.0,2025-12-23,True
BID-2025-001501,PR-2025-00013,PRC-VND-0039,29652000.0,2025-12-28,True
BID-2025-001502,PR-2025-00013,PRC-VND-0099,29742000.0,2025-12-27,True
BID-2025-001503,PR-2025-00013,PRC-VND-0134,25274000.0,2025-12-24,True
BID-2025-001504,PR-2025-00013,PRC-VND-0004,25251000.0,2025-12-27,True
BID-2025-001505,PR-2025-00332,PRC-VND-0105,6495000.0,2025-12-28,True
BID-2025-001506,PR-2025-00332,PRC-VND-0145,7052000.0,2025-12-30,True
BID-2025-001507,PR-2025-00332,PRC-VND-0095,5286000.0,2025-12-30,True
BID-2025-001508,PR-2025-00332,PRC-VND-0020,5591000.0,2025-12-27,True
BID-2025-001509,PR-2025-00463,PRC-VND-0110,32110000.0,2025-12-23,False
BID-2025-001510,PR-2025-00463,PRC-VND-0015,29141000.0,2025-12-21,True
BID-2025-001511,PR-2025-00463,PRC-VND-0115,29553000.0,2025-12-16,True
BID-2025-001512,PR-2025-00463,PRC-VND-0140,24183000.0,2025-12-22,True
BID-2025-001513,PR-2025-00463,PRC-VND-0030,28855000.0,2025-12-22,True
BID-2025-001514,PR-2025-00463,PRC-VND-0045,26796000.0,2025-12-21,True
BID-2025-001515,PR-2025-00524,PRC-VND-0026,43097000.0,2025-12-19,False
BID-2025-001516,PR-2025-00524,PRC-VND-0141,39382000.0,2025-12-26,True
BID-2025-001517,PR-2025-00524,PRC-VND-0001,41083000.0,2025-12-24,True
BID-2025-001518,PR-2025-00790,PRC-VND-0066,12857000.0,2025-12-11,True
BID-2025-001519,PR-2025-00790,PRC-VND-0081,12653000.0,2025-12-15,False
BID-2025-001520,PR-2025-00790,PRC-VND-0126,13376000.0,2025-12-09,True
BID-2025-001521,PR-2025-00790,PRC-VND-0036,10390000.0,2025-12-14,True
BID-2025-001522,PR-2025-00790,PRC-VND-0056,10827000.0,2025-12-09,True
BID-2025-001523,PR-2025-00790,PRC-VND-0086,11143000.0,2025-12-12,False
BID-2025-001524,PR-2025-00084,PRC-VND-0057,25616000.0,2025-12-17,True
BID-2025-001525,PR-2025-00084,PRC-VND-0052,24613000.0,2025-12-14,False
BID-2025-001526,PR-2025-00084,PRC-VND-0062,26800000.0,2025-12-11,True
BID-2025-001527,PR-2025-00084,PRC-VND-0142,26383000.0,2025-12-12,True
BID-2025-001528,PR-2025-00084,PRC-VND-0087,20784000.0,2025-12-17,False
BID-2025-001529,PR-2025-00581,PRC-VND-0128,26706000.0,2025-12-17,False
BID-2025-001530,PR-2025-00581,PRC-VND-0063,25088000.0,2025-12-18,True
BID-2025-001531,PR-2025-00581,PRC-VND-0068,27430000.0,2025-12-22,True
BID-2025-001532,PR-2025-00581,PRC-VND-0083,26974000.0,2025-12-20,True
BID-2025-001533,PR-2025-00581,PRC-VND-0088,27641000.0,2025-12-19,False
BID-2025-001534,PR-2025-00581,PRC-VND-0123,21680000.0,2025-12-20,True
BID-2025-001535,PR-2025-00018,PRC-VND-0003,7969000.0,2025-12-30,True
BID-2025-001536,PR-2025-00018,PRC-VND-0143,10491000.0,2025-12-26,False
BID-2025-001537,PR-2025-00018,PRC-VND-0073,10122000.0,2025-12-26,False
BID-2025-001538,PR-2025-00018,PRC-VND-0088,9650000.0,2026-01-02,True
BID-2025-001539,PR-2025-00186,PRC-VND-0131,20200000.0,2026-01-04,False
BID-2025-001540,PR-2025-00186,PRC-VND-0116,19925000.0,2025-12-28,False
BID-2025-001541,PR-2025-00186,PRC-VND-0041,19370000.0,2026-01-03,True
BID-2025-001542,PR-2025-00208,PRC-VND-0111,33473000.0,2025-12-27,True
BID-2025-001543,PR-2025-00208,PRC-VND-0046,30393000.0,2026-01-02,False
BID-2025-001544,PR-2025-00208,PRC-VND-0026,28200000.0,2025-12-24,True
BID-2025-001545,PR-2025-00208,PRC-VND-0106,29849000.0,2025-12-27,False
BID-2025-001546,PR-2025-00561,PRC-VND-0054,20848000.0,2025-12-22,False
BID-2025-001547,PR-2025-00561,PRC-VND-0049,21370000.0,2025-12-17,True
BID-2025-001548,PR-2025-00561,PRC-VND-0059,25837000.0,2025-12-24,False
BID-2025-001549,PR-2025-00311,PRC-VND-0127,16836000.0,2026-01-05,True
BID-2025-001550,PR-2025-00311,PRC-VND-0047,12607000.0,2026-01-06,True
BID-2025-001551,PR-2025-00311,PRC-VND-0087,16110000.0,2026-01-02,True
BID-2025-001552,PR-2025-00311,PRC-VND-0112,13320000.0,2026-01-02,False
BID-2025-001553,PR-2025-00053,PRC-VND-0080,35334000.0,2025-12-22,True
BID-2025-001554,PR-2025-00053,PRC-VND-0145,33948000.0,2025-12-29,True
BID-2025-001555,PR-2025-00053,PRC-VND-0125,38393000.0,2025-12-28,True
BID-2025-001556,PR-2025-00053,PRC-VND-0070,35003000.0,2025-12-23,False
BID-2025-001557,PR-2025-00053,PRC-VND-0060,36071000.0,2025-12-24,True
BID-2025-001558,PR-2025-00053,PRC-VND-0010,36486000.0,2025-12-30,True
BID-2025-001559,PR-2025-00336,PRC-VND-0014,27882000.0,2025-12-26,False
BID-2025-001560,PR-2025-00336,PRC-VND-0039,24685000.0,2025-12-27,True
BID-2025-001561,PR-2025-00336,PRC-VND-0024,23615000.0,2025-12-31,True
BID-2025-001562,PR-2025-00482,PRC-VND-0014,12975000.0,2025-12-24,True
BID-2025-001563,PR-2025-00482,PRC-VND-0134,16038000.0,2025-12-29,True
BID-2025-001564,PR-2025-00482,PRC-VND-0059,15105000.0,2025-12-29,True
BID-2025-001565,PR-2025-00482,PRC-VND-0119,15638000.0,2025-12-26,True
BID-2025-001566,PR-2025-00482,PRC-VND-0129,14940000.0,2025-12-27,True
BID-2025-001567,PR-2025-00482,PRC-VND-0064,13491000.0,2025-12-26,True
BID-2025-001568,PR-2025-00228,PRC-VND-0033,25345000.0,2026-01-02,True
BID-2025-001569,PR-2025-00228,PRC-VND-0028,23984000.0,2026-01-03,True
BID-2025-001570,PR-2025-00228,PRC-VND-0118,26008000.0,2025-12-31,True
BID-2025-001571,PR-2025-00228,PRC-VND-0138,27400000.0,2026-01-02,True
BID-2025-001572,PR-2025-00252,PRC-VND-0016,31668000.0,2026-01-11,True
BID-2025-001573,PR-2025-00252,PRC-VND-0146,30606000.0,2026-01-09,True
BID-2025-001574,PR-2025-00252,PRC-VND-0001,35123000.0,2026-01-07,True
BID-2025-001575,PR-2025-00252,PRC-VND-0011,29701000.0,2026-01-10,True
BID-2025-001576,PR-2025-00252,PRC-VND-0026,33039000.0,2026-01-10,True
BID-2025-001577,PR-2025-00479,PRC-VND-0105,27196000.0,2025-12-31,True
BID-2025-001578,PR-2025-00479,PRC-VND-0110,27232000.0,2025-12-26,False
BID-2025-001579,PR-2025-00479,PRC-VND-0085,24512000.0,2025-12-24,True
BID-2025-001580,PR-2025-00479,PRC-VND-0015,23106000.0,2025-12-29,True
BID-2025-001581,PR-2025-00479,PRC-VND-0010,26842000.0,2025-12-25,True
BID-2025-001582,PR-2025-00047,PRC-VND-0102,804000.0,2026-01-05,True
BID-2025-001583,PR-2025-00047,PRC-VND-0097,724000.0,2026-01-08,True
BID-2025-001584,PR-2025-00047,PRC-VND-0057,712000.0,2026-01-08,False
BID-2025-001585,PR-2025-00047,PRC-VND-0032,776000.0,2026-01-09,True
BID-2025-001586,PR-2025-00152,PRC-VND-0068,26907000.0,2026-01-07,True
BID-2025-001587,PR-2025-00152,PRC-VND-0048,29821000.0,2026-01-05,True
BID-2025-001588,PR-2025-00152,PRC-VND-0023,25585000.0,2026-01-06,True
BID-2025-001589,PR-2025-00262,PRC-VND-0136,31301000.0,2026-01-05,True
BID-2025-001590,PR-2025-00262,PRC-VND-0091,33981000.0,2026-01-01,True
BID-2025-001591,PR-2025-00262,PRC-VND-0066,32968000.0,2026-01-04,True
BID-2025-001592,PR-2025-00262,PRC-VND-0001,28374000.0,2026-01-07,True
BID-2025-001593,PR-2025-00262,PRC-VND-0076,27569000.0,2026-01-06,True
BID-2025-001594,PR-2025-00262,PRC-VND-0141,27761000.0,2026-01-10,True
BID-2025-001595,PR-2025-00384,PRC-VND-0115,34410000.0,2026-01-08,False
BID-2025-001596,PR-2025-00384,PRC-VND-0125,34186000.0,2026-01-07,True
BID-2025-001597,PR-2025-00384,PRC-VND-0050,35991000.0,2026-01-10,False
BID-2025-001598,PR-2025-00384,PRC-VND-0145,29523000.0,2026-01-16,True
BID-2025-001599,PR-2025-00384,PRC-VND-0025,31985000.0,2026-01-08,True
BID-2025-001600,PR-2025-00472,PRC-VND-0003,11795000.0,2026-01-06,True
BID-2025-001601,PR-2025-00472,PRC-VND-0103,14018000.0,2026-01-10,True
BID-2025-001602,PR-2025-00472,PRC-VND-0123,12277000.0,2026-01-11,True
BID-2025-001603,PR-2025-00472,PRC-VND-0053,11852000.0,2026-01-13,False
BID-2025-001604,PR-2025-00472,PRC-VND-0118,14481000.0,2026-01-12,True
BID-2025-001605,PR-2025-00472,PRC-VND-0033,14963000.0,2026-01-08,True
BID-2025-001606,PR-2025-00446,PRC-VND-0132,1678000.0,2026-01-07,True
BID-2025-001607,PR-2025-00446,PRC-VND-0097,1317000.0,2026-01-14,True
BID-2025-001608,PR-2025-00446,PRC-VND-0027,1718000.0,2026-01-11,True
BID-2025-001609,PR-2025-00446,PRC-VND-0127,1388000.0,2026-01-14,False
BID-2025-001610,PR-2025-00248,PRC-VND-0080,14107000.0,2026-01-14,False
BID-2025-001611,PR-2025-00248,PRC-VND-0035,13262000.0,2026-01-17,True
BID-2025-001612,PR-2025-00248,PRC-VND-0050,12939000.0,2026-01-15,True
BID-2025-001613,PR-2025-00248,PRC-VND-0145,10958000.0,2026-01-15,True
BID-2025-001614,PR-2025-00248,PRC-VND-0100,13669000.0,2026-01-16,False
BID-2025-001615,PR-2025-00003,PRC-VND-0011,38027000.0,2026-01-12,True
BID-2025-001616,PR-2025-00003,PRC-VND-0001,39146000.0,2026-01-07,True
BID-2025-001617,PR-2025-00003,PRC-VND-0066,38044000.0,2026-01-10,True
BID-2025-001618,PR-2025-00003,PRC-VND-0016,33872000.0,2026-01-08,True
BID-2025-001619,PR-2025-00003,PRC-VND-0026,36846000.0,2026-01-06,True
BID-2025-001620,PR-2025-00003,PRC-VND-0111,34030000.0,2026-01-06,True
BID-2025-001621,PR-2025-00113,PRC-VND-0043,27730000.0,2026-01-08,True
BID-2025-001622,PR-2025-00113,PRC-VND-0088,28970000.0,2026-01-06,True
BID-2025-001623,PR-2025-00113,PRC-VND-0113,31686000.0,2026-01-04,True
BID-2025-001624,PR-2025-00113,PRC-VND-0028,28182000.0,2026-01-08,False
BID-2025-001625,PR-2025-00113,PRC-VND-0068,30097000.0,2026-01-01,True
BID-2025-001626,PR-2025-00194,PRC-VND-0027,16469000.0,2026-01-07,True
BID-2025-001627,PR-2025-00194,PRC-VND-0122,16973000.0,2026-01-04,False
BID-2025-001628,PR-2025-00194,PRC-VND-0147,16803000.0,2025-12-31,True
BID-2025-001629,PR-2025-00074,PRC-VND-0090,3112000.0,2026-01-09,True
BID-2025-001630,PR-2025-00074,PRC-VND-0115,3054000.0,2026-01-09,True
BID-2025-001631,PR-2025-00074,PRC-VND-0010,2363000.0,2026-01-06,True
BID-2025-001632,PR-2025-00306,PRC-VND-0136,34792000.0,2026-01-07,True
BID-2025-001633,PR-2025-00306,PRC-VND-0096,28283000.0,2026-01-04,True
BID-2025-001634,PR-2025-00306,PRC-VND-0021,31534000.0,2026-01-06,True
BID-2025-001635,PR-2025-00306,PRC-VND-0036,36799000.0,2026-01-04,False
BID-2025-001636,PR-2025-00306,PRC-VND-0026,29253000.0,2026-01-12,True
BID-2025-001637,PR-2025-00565,PRC-VND-0031,7727000.0,2026-01-10,False
BID-2025-001638,PR-2025-00565,PRC-VND-0121,7179000.0,2026-01-16,True
BID-2025-001639,PR-2025-00565,PRC-VND-0136,9143000.0,2026-01-10,False
BID-2025-001640,PR-2025-00565,PRC-VND-0001,7396000.0,2026-01-09,True
BID-2025-001641,PR-2025-00042,PRC-VND-0038,21947000.0,2026-01-15,True
BID-2025-001642,PR-2025-00042,PRC-VND-0148,24086000.0,2026-01-17,True
BID-2025-001643,PR-2025-00042,PRC-VND-0063,21400000.0,2026-01-17,True
BID-2025-001644,PR-2025-00042,PRC-VND-0043,19755000.0,2026-01-17,True
BID-2025-001645,PR-2025-00099,PRC-VND-0117,7281000.0,2026-01-18,True
BID-2025-001646,PR-2025-00099,PRC-VND-0112,7843000.0,2026-01-22,True
BID-2025-001647,PR-2025-00099,PRC-VND-0127,7600000.0,2026-01-22,True
BID-2025-001648,PR-2025-00099,PRC-VND-0032,7564000.0,2026-01-20,True
BID-2025-001649,PR-2025-00099,PRC-VND-0047,7722000.0,2026-01-23,True
BID-2025-001650,PR-2025-00274,PRC-VND-0020,35760000.0,2026-01-13,True
BID-2025-001651,PR-2025-00274,PRC-VND-0110,32757000.0,2026-01-19,True
BID-2025-001652,PR-2025-00274,PRC-VND-0045,35422000.0,2026-01-15,True
BID-2025-001653,PR-2025-00274,PRC-VND-0130,36389000.0,2026-01-12,True
BID-2025-001654,PR-2025-00274,PRC-VND-0060,31421000.0,2026-01-18,False
BID-2025-001655,PR-2025-00108,PRC-VND-0099,44300000.0,2026-01-23,True
BID-2025-001656,PR-2025-00108,PRC-VND-0144,37466000.0,2026-01-16,True
BID-2025-001657,PR-2025-00108,PRC-VND-0079,38850000.0,2026-01-23,False
BID-2025-001658,PR-2025-00108,PRC-VND-0084,38053000.0,2026-01-23,True
BID-2025-001659,PR-2025-00108,PRC-VND-0109,47066000.0,2026-01-21,True
BID-2025-001660,PR-2025-00662,PRC-VND-0009,21801000.0,2026-01-14,False
BID-2025-001661,PR-2025-00662,PRC-VND-0094,26503000.0,2026-01-21,True
BID-2025-001662,PR-2025-00662,PRC-VND-0059,26142000.0,2026-01-18,True
BID-2025-001663,PR-2025-00662,PRC-VND-0044,26669000.0,2026-01-21,True
BID-2025-001664,PR-2025-00662,PRC-VND-0084,21136000.0,2026-01-20,True
BID-2025-001665,PR-2025-00662,PRC-VND-0129,26511000.0,2026-01-15,True
BID-2025-001666,PR-2025-00054,PRC-VND-0010,13304000.0,2026-01-09,False
BID-2025-001667,PR-2025-00054,PRC-VND-0140,14886000.0,2026-01-08,True
BID-2025-001668,PR-2025-00054,PRC-VND-0145,13685000.0,2026-01-08,True
BID-2025-001669,PR-2025-00054,PRC-VND-0055,14565000.0,2026-01-07,True
BID-2025-001670,PR-2025-00137,PRC-VND-0018,38055000.0,2026-01-09,True
BID-2025-001671,PR-2025-00137,PRC-VND-0093,39601000.0,2026-01-07,False
BID-2025-001672,PR-2025-00137,PRC-VND-0103,45621000.0,2026-01-04,False
BID-2025-001673,PR-2025-00137,PRC-VND-0068,47542000.0,2026-01-04,True
BID-2025-001674,PR-2025-00137,PRC-VND-0058,40654000.0,2026-01-05,False
BID-2025-001675,PR-2025-00253,PRC-VND-0044,29508000.0,2026-01-25,True
BID-2025-001676,PR-2025-00253,PRC-VND-0054,33823000.0,2026-01-24,True
BID-2025-001677,PR-2025-00253,PRC-VND-0119,36445000.0,2026-01-23,True
BID-2025-001678,PR-2025-00253,PRC-VND-0149,33392000.0,2026-01-20,True
BID-2025-001679,PR-2025-00253,PRC-VND-0099,31761000.0,2026-01-26,True
BID-2025-001680,PR-2025-00253,PRC-VND-0109,32032000.0,2026-01-24,False
BID-2025-001681,PR-2025-00263,PRC-VND-0126,15397000.0,2026-01-13,True
BID-2025-001682,PR-2025-00263,PRC-VND-0081,12915000.0,2026-01-14,True
BID-2025-001683,PR-2025-00263,PRC-VND-0016,15556000.0,2026-01-15,True
BID-2025-001684,PR-2025-00263,PRC-VND-0116,12909000.0,2026-01-18,True
BID-2025-001685,PR-2025-00263,PRC-VND-0021,15319000.0,2026-01-16,True
BID-2025-001686,PR-2025-00269,PRC-VND-0150,22160000.0,2026-01-19,True
BID-2025-001687,PR-2025-00269,PRC-VND-0100,19424000.0,2026-01-22,True
BID-2025-001688,PR-2025-00269,PRC-VND-0045,19106000.0,2026-01-18,True
BID-2025-001689,PR-2025-00429,PRC-VND-0056,3720000.0,2026-01-15,True
BID-2025-001690,PR-2025-00429,PRC-VND-0136,4025000.0,2026-01-17,True
BID-2025-001691,PR-2025-00429,PRC-VND-0061,4664000.0,2026-01-18,True
BID-2025-001692,PR-2025-00429,PRC-VND-0021,4009000.0,2026-01-14,True
BID-2025-001693,PR-2025-00429,PRC-VND-0066,4827000.0,2026-01-21,False
BID-2025-001694,PR-2025-00600,PRC-VND-0010,23276000.0,2026-01-10,True
BID-2025-001695,PR-2025-00600,PRC-VND-0125,23070000.0,2026-01-08,True
BID-2025-001696,PR-2025-00600,PRC-VND-0075,26766000.0,2026-01-11,True
BID-2025-001697,PR-2025-00600,PRC-VND-0135,25315000.0,2026-01-09,True
BID-2026-000001,PR-2026-00037,PRC-VND-0101,8159000.0,2026-01-28,True
BID-2026-000002,PR-2026-00037,PRC-VND-0086,8062000.0,2026-01-26,True
BID-2026-000003,PR-2026-00037,PRC-VND-0021,8400000.0,2026-01-24,True
BID-2026-000004,PR-2026-00093,PRC-VND-0113,10030000.0,2026-01-18,True
BID-2026-000005,PR-2026-00093,PRC-VND-0043,7782000.0,2026-01-20,True
BID-2026-000006,PR-2026-00093,PRC-VND-0028,8259000.0,2026-01-20,True
BID-2026-000007,PR-2026-00184,PRC-VND-0076,26744000.0,2026-01-24,True
BID-2026-000008,PR-2026-00184,PRC-VND-0041,31169000.0,2026-01-27,True
BID-2026-000009,PR-2026-00184,PRC-VND-0121,24875000.0,2026-01-24,True
BID-2026-000010,PR-2026-00304,PRC-VND-0142,4793000.0,2026-01-13,True
BID-2026-000011,PR-2026-00304,PRC-VND-0092,5648000.0,2026-01-16,True
BID-2026-000012,PR-2026-00304,PRC-VND-0027,6043000.0,2026-01-19,True
BID-2026-000013,PR-2026-00304,PRC-VND-0107,6378000.0,2026-01-17,True
BID-2026-000014,PR-2026-00304,PRC-VND-0042,5237000.0,2026-01-18,True
BID-2026-000015,PR-2026-00304,PRC-VND-0017,4928000.0,2026-01-18,True
BID-2026-000016,PR-2026-00353,PRC-VND-0128,7548000.0,2026-02-01,False
BID-2026-000017,PR-2026-00353,PRC-VND-0028,7567000.0,2026-01-27,True
BID-2026-000018,PR-2026-00353,PRC-VND-0098,8321000.0,2026-02-01,True
BID-2026-000019,PR-2026-00023,PRC-VND-0018,29263000.0,2026-01-31,True
BID-2026-000020,PR-2026-00023,PRC-VND-0068,31722000.0,2026-02-06,True
BID-2026-000021,PR-2026-00023,PRC-VND-0148,33219000.0,2026-02-04,True
BID-2026-000022,PR-2026-00023,PRC-VND-0008,29439000.0,2026-02-06,True
BID-2026-000023,PR-2026-00215,PRC-VND-0119,19402000.0,2026-01-19,True
BID-2026-000024,PR-2026-00215,PRC-VND-0134,15936000.0,2026-01-19,True
BID-2026-000025,PR-2026-00215,PRC-VND-0059,20267000.0,2026-01-24,True
BID-2026-000026,PR-2026-00215,PRC-VND-0014,18440000.0,2026-01-23,True
BID-2026-000027,PR-2026-00441,PRC-VND-0056,34110000.0,2026-02-03,True
BID-2026-000028,PR-2026-00441,PRC-VND-0001,40660000.0,2026-01-27,True
BID-2026-000029,PR-2026-00441,PRC-VND-0091,34119000.0,2026-01-29,True
BID-2026-000030,PR-2026-00079,PRC-VND-0101,417000.0,2026-01-28,False
BID-2026-000031,PR-2026-00079,PRC-VND-0076,520000.0,2026-01-27,True
BID-2026-000032,PR-2026-00079,PRC-VND-0051,531000.0,2026-01-26,True
BID-2026-000033,PR-2026-00079,PRC-VND-0091,512000.0,2026-01-29,True
BID-2026-000034,PR-2026-00079,PRC-VND-0136,521000.0,2026-01-23,True
BID-2026-000035,PR-2026-00249,PRC-VND-0118,39321000.0,2026-01-23,True
BID-2026-000036,PR-2026-00249,PRC-VND-0123,36097000.0,2026-01-22,True
BID-2026-000037,PR-2026-00249,PRC-VND-0098,39577000.0,2026-01-31,False
BID-2026-000038,PR-2026-00249,PRC-VND-0028,39672000.0,2026-01-30,True
BID-2026-000039,PR-2026-00246,PRC-VND-0044,7217000.0,2026-02-03,False
BID-2026-000040,PR-2026-00246,PRC-VND-0009,6653000.0,2026-02-02,True
BID-2026-000041,PR-2026-00246,PRC-VND-0094,5605000.0,2026-02-09,True
BID-2026-000042,PR-2026-00322,PRC-VND-0093,6644000.0,2026-02-07,True
BID-2026-000043,PR-2026-00322,PRC-VND-0043,6464000.0,2026-02-05,True
BID-2026-000044,PR-2026-00322,PRC-VND-0118,5570000.0,2026-02-10,True
BID-2026-000045,PR-2026-00322,PRC-VND-0018,5948000.0,2026-02-06,True
BID-2026-000046,PR-2026-00322,PRC-VND-0128,5994000.0,2026-02-05,True
BID-2026-000047,PR-2026-00628,PRC-VND-0149,11561000.0,2026-02-01,False
BID-2026-000048,PR-2026-00628,PRC-VND-0134,12862000.0,2026-02-04,True
BID-2026-000049,PR-2026-00628,PRC-VND-0139,12224000.0,2026-01-27,True
BID-2026-000050,PR-2026-00628,PRC-VND-0009,10839000.0,2026-01-27,True
BID-2026-000051,PR-2026-00628,PRC-VND-0144,13800000.0,2026-02-02,True
BID-2026-000052,PR-2026-00312,PRC-VND-0103,35524000.0,2026-02-16,False
BID-2026-000053,PR-2026-00312,PRC-VND-0058,36940000.0,2026-02-13,True
BID-2026-000054,PR-2026-00312,PRC-VND-0133,32199000.0,2026-02-17,False
BID-2026-000055,PR-2026-00312,PRC-VND-0073,35902000.0,2026-02-15,True
BID-2026-000056,PR-2026-00312,PRC-VND-0118,32912000.0,2026-02-14,True
BID-2026-000057,PR-2026-00312,PRC-VND-0108,30481000.0,2026-02-09,True
BID-2026-000058,PR-2026-00104,PRC-VND-0060,22672000.0,2026-02-10,True
BID-2026-000059,PR-2026-00104,PRC-VND-0030,18494000.0,2026-02-12,False
BID-2026-000060,PR-2026-00104,PRC-VND-0095,22275000.0,2026-02-12,True
BID-2026-000061,PR-2026-00104,PRC-VND-0080,23943000.0,2026-02-15,True
BID-2026-000062,PR-2026-00043,PRC-VND-0112,17425000.0,2026-02-09,True
BID-2026-000063,PR-2026-00043,PRC-VND-0012,19818000.0,2026-02-15,True
BID-2026-000064,PR-2026-00043,PRC-VND-0027,20165000.0,2026-02-16,True
BID-2026-000065,PR-2026-00614,PRC-VND-0025,3896000.0,2026-02-11,True
BID-2026-000066,PR-2026-00614,PRC-VND-0045,3009000.0,2026-02-10,True
BID-2026-000067,PR-2026-00614,PRC-VND-0035,3269000.0,2026-02-06,True
BID-2026-000068,PR-2026-00614,PRC-VND-0145,3342000.0,2026-02-06,True
BID-2026-000069,PR-2026-00614,PRC-VND-0090,2994000.0,2026-02-05,True
BID-2026-000070,PR-2026-00534,PRC-VND-0123,41267000.0,2026-02-25,False
BID-2026-000071,PR-2026-00534,PRC-VND-0108,35641000.0,2026-02-26,True
BID-2026-000072,PR-2026-00534,PRC-VND-0103,44594000.0,2026-02-18,True
BID-2026-000073,PR-2026-00534,PRC-VND-0003,35629000.0,2026-02-26,True
BID-2026-000074,PR-2026-00534,PRC-VND-0063,38244000.0,2026-02-17,False
BID-2026-000075,PR-2026-00238,PRC-VND-0016,28058000.0,2026-02-19,True
BID-2026-000076,PR-2026-00238,PRC-VND-0011,23801000.0,2026-02-12,False
BID-2026-000077,PR-2026-00238,PRC-VND-0031,23647000.0,2026-02-12,True
BID-2026-000078,PR-2026-00238,PRC-VND-0051,25837000.0,2026-02-19,True
BID-2026-000079,PR-2026-00238,PRC-VND-0121,26307000.0,2026-02-13,True
BID-2026-000080,PR-2026-00238,PRC-VND-0091,27275000.0,2026-02-16,True
BID-2026-000081,PR-2026-00597,PRC-VND-0048,4304000.0,2026-02-15,True
BID-2026-000082,PR-2026-00597,PRC-VND-0073,5414000.0,2026-02-18,True
BID-2026-000083,PR-2026-00597,PRC-VND-0088,5375000.0,2026-02-17,True
BID-2026-000084,PR-2026-00597,PRC-VND-0118,5220000.0,2026-02-16,False
BID-2026-000085,PR-2026-00085,PRC-VND-0031,32527000.0,2026-02-27,True
BID-2026-000086,PR-2026-00085,PRC-VND-0011,34734000.0,2026-02-24,True
BID-2026-000087,PR-2026-00085,PRC-VND-0111,38954000.0,2026-02-24,True
BID-2026-000088,PR-2026-00085,PRC-VND-0016,38473000.0,2026-02-20,True
BID-2026-000089,PR-2026-00085,PRC-VND-0021,32318000.0,2026-02-26,True
BID-2026-000090,PR-2026-00085,PRC-VND-0096,35179000.0,2026-02-25,False
BID-2026-000091,PR-2026-00202,PRC-VND-0047,23945000.0,2026-03-07,True
BID-2026-000092,PR-2026-00202,PRC-VND-0107,21168000.0,2026-03-04,True
BID-2026-000093,PR-2026-00202,PRC-VND-0067,25788000.0,2026-03-07,True
BID-2026-000094,PR-2026-00202,PRC-VND-0062,25610000.0,2026-03-07,False
BID-2026-000095,PR-2026-00202,PRC-VND-0117,25999000.0,2026-03-08,False
BID-2026-000096,PR-2026-00560,PRC-VND-0025,2033000.0,2026-03-05,True
BID-2026-000097,PR-2026-00560,PRC-VND-0095,1904000.0,2026-03-03,True
BID-2026-000098,PR-2026-00560,PRC-VND-0035,2162000.0,2026-02-27,True
BID-2026-000099,PR-2026-00375,PRC-VND-0031,5258000.0,2026-03-03,True
BID-2026-000100,PR-2026-00375,PRC-VND-0081,5612000.0,2026-03-02,True
BID-2026-000101,PR-2026-00375,PRC-VND-0146,5848000.0,2026-02-28,True
BID-2026-000102,PR-2026-00375,PRC-VND-0141,4934000.0,2026-02-24,True
BID-2026-000103,PR-2026-00456,PRC-VND-0043,18849000.0,2026-02-28,True
BID-2026-000104,PR-2026-00456,PRC-VND-0008,21406000.0,2026-03-05,True
BID-2026-000105,PR-2026-00456,PRC-VND-0068,25451000.0,2026-03-02,True
BID-2026-000106,PR-2026-00456,PRC-VND-0048,24889000.0,2026-02-26,True
BID-2026-000107,PR-2026-00456,PRC-VND-0108,19023000.0,2026-02-28,True
BID-2026-000108,PR-2026-00774,PRC-VND-0127,968000.0,2026-03-03,False
BID-2026-000109,PR-2026-00774,PRC-VND-0142,1004000.0,2026-03-04,True
BID-2026-000110,PR-2026-00774,PRC-VND-0002,976000.0,2026-03-03,True
BID-2026-000111,PR-2026-00774,PRC-VND-0057,1057000.0,2026-03-06,True
BID-2026-000112,PR-2026-00774,PRC-VND-0052,984000.0,2026-03-07,True
BID-2026-000113,PR-2026-00423,PRC-VND-0118,37049000.0,2026-03-11,False
BID-2026-000114,PR-2026-00423,PRC-VND-0008,42753000.0,2026-03-05,True
BID-2026-000115,PR-2026-00423,PRC-VND-0128,35248000.0,2026-03-09,False
BID-2026-000116,PR-2026-00423,PRC-VND-0038,44723000.0,2026-03-12,True
BID-2026-000117,PR-2026-00464,PRC-VND-0079,24468000.0,2026-03-04,True
BID-2026-000118,PR-2026-00464,PRC-VND-0089,26375000.0,2026-03-12,True
BID-2026-000119,PR-2026-00464,PRC-VND-0059,27640000.0,2026-03-08,True
BID-2026-000120,PR-2026-00464,PRC-VND-0074,25885000.0,2026-03-08,True
BID-2026-000121,PR-2026-00464,PRC-VND-0064,28246000.0,2026-03-09,True
BID-2026-000122,PR-2026-00714,PRC-VND-0110,8490000.0,2026-03-02,True
BID-2026-000123,PR-2026-00714,PRC-VND-0065,6740000.0,2026-02-24,True
BID-2026-000124,PR-2026-00714,PRC-VND-0100,6565000.0,2026-02-28,True
BID-2026-000125,PR-2026-00714,PRC-VND-0075,8517000.0,2026-02-27,True
BID-2026-000126,PR-2026-00714,PRC-VND-0045,6906000.0,2026-03-03,True
BID-2026-000127,PR-2026-00714,PRC-VND-0040,7462000.0,2026-03-03,True
BID-2026-000128,PR-2026-00116,PRC-VND-0019,26448000.0,2026-03-13,True
BID-2026-000129,PR-2026-00116,PRC-VND-0029,23350000.0,2026-03-08,True
BID-2026-000130,PR-2026-00116,PRC-VND-0134,21267000.0,2026-03-13,True
BID-2026-000131,PR-2026-00522,PRC-VND-0102,921000.0,2026-03-09,True
BID-2026-000132,PR-2026-00522,PRC-VND-0137,996000.0,2026-03-10,True
BID-2026-000133,PR-2026-00522,PRC-VND-0072,991000.0,2026-03-02,True
BID-2026-000134,PR-2026-00664,PRC-VND-0109,46770000.0,2026-03-02,True
BID-2026-000135,PR-2026-00664,PRC-VND-0034,37378000.0,2026-03-05,True
BID-2026-000136,PR-2026-00664,PRC-VND-0129,44435000.0,2026-03-02,True
BID-2026-000137,PR-2026-00664,PRC-VND-0144,38870000.0,2026-03-06,True
BID-2026-000138,PR-2026-00227,PRC-VND-0042,28725000.0,2026-03-04,True
BID-2026-000139,PR-2026-00227,PRC-VND-0112,29895000.0,2026-02-23,True
BID-2026-000140,PR-2026-00227,PRC-VND-0012,27909000.0,2026-02-28,True
BID-2026-000141,PR-2026-00325,PRC-VND-0045,25682000.0,2026-03-10,True
BID-2026-000142,PR-2026-00325,PRC-VND-0055,25003000.0,2026-03-12,True
BID-2026-000143,PR-2026-00325,PRC-VND-0090,27104000.0,2026-03-12,True
BID-2026-000144,PR-2026-00325,PRC-VND-0060,29687000.0,2026-03-05,True
BID-2026-000145,PR-2026-00325,PRC-VND-0070,26579000.0,2026-03-07,True
BID-2026-000146,PR-2026-00325,PRC-VND-0005,29132000.0,2026-03-12,True
BID-2026-000147,PR-2026-00712,PRC-VND-0072,33923000.0,2026-03-03,True
BID-2026-000148,PR-2026-00712,PRC-VND-0137,38031000.0,2026-03-03,True
BID-2026-000149,PR-2026-00712,PRC-VND-0132,31231000.0,2026-03-04,True
BID-2026-000150,PR-2026-00430,PRC-VND-0009,10338000.0,2026-03-02,True
BID-2026-000151,PR-2026-00430,PRC-VND-0024,10004000.0,2026-03-05,True
BID-2026-000152,PR-2026-00430,PRC-VND-0094,10533000.0,2026-03-06,True
BID-2026-000153,PR-2026-00430,PRC-VND-0114,8623000.0,2026-03-02,False
BID-2026-000154,PR-2026-00641,PRC-VND-0138,12379000.0,2026-03-12,True
BID-2026-000155,PR-2026-00641,PRC-VND-0058,16424000.0,2026-03-13,True
BID-2026-000156,PR-2026-00641,PRC-VND-0008,15413000.0,2026-03-13,False
BID-2026-000157,PR-2026-00391,PRC-VND-0009,42413000.0,2026-03-11,False
BID-2026-000158,PR-2026-00391,PRC-VND-0069,37555000.0,2026-03-10,True
BID-2026-000159,PR-2026-00391,PRC-VND-0134,38331000.0,2026-03-15,True
BID-2026-000160,PR-2026-00391,PRC-VND-0059,41515000.0,2026-03-09,True
BID-2026-000161,PR-2026-00391,PRC-VND-0104,46242000.0,2026-03-17,True
BID-2026-000162,PR-2026-00391,PRC-VND-0034,46162000.0,2026-03-17,True
BID-2026-000163,PR-2026-00771,PRC-VND-0057,9418000.0,2026-03-06,True
BID-2026-000164,PR-2026-00771,PRC-VND-0007,8508000.0,2026-03-04,True
BID-2026-000165,PR-2026-00771,PRC-VND-0102,9495000.0,2026-03-03,False
BID-2026-000166,PR-2026-00771,PRC-VND-0147,9592000.0,2026-03-07,True
BID-2026-000167,PR-2026-00771,PRC-VND-0112,9261000.0,2026-03-08,True
BID-2026-000168,PR-2026-00771,PRC-VND-0127,9213000.0,2026-03-05,True
BID-2026-000169,PR-2026-00092,PRC-VND-0003,11954000.0,2026-03-05,True
BID-2026-000170,PR-2026-00092,PRC-VND-0148,12423000.0,2026-03-11,False
BID-2026-000171,PR-2026-00092,PRC-VND-0033,12852000.0,2026-03-14,False
BID-2026-000172,PR-2026-00092,PRC-VND-0118,12750000.0,2026-03-09,True
BID-2026-000173,PR-2026-00401,PRC-VND-0015,15833000.0,2026-03-17,True
BID-2026-000174,PR-2026-00401,PRC-VND-0090,17179000.0,2026-03-13,True
BID-2026-000175,PR-2026-00401,PRC-VND-0055,13183000.0,2026-03-14,True
BID-2026-000176,PR-2026-00401,PRC-VND-0060,12991000.0,2026-03-10,True
BID-2026-000177,PR-2026-00401,PRC-VND-0070,15712000.0,2026-03-17,True
BID-2026-000178,PR-2026-00520,PRC-VND-0091,35688000.0,2026-03-07,True
BID-2026-000179,PR-2026-00520,PRC-VND-0111,31044000.0,2026-03-09,True
BID-2026-000180,PR-2026-00520,PRC-VND-0126,38734000.0,2026-03-07,False
BID-2026-000181,PR-2026-00520,PRC-VND-0136,30007000.0,2026-03-15,True
BID-2026-000182,PR-2026-00520,PRC-VND-0001,32333000.0,2026-03-15,True
BID-2026-000183,PR-2026-00520,PRC-VND-0106,34846000.0,2026-03-12,True
BID-2026-000184,PR-2026-00151,PRC-VND-0011,19727000.0,2026-03-05,True
BID-2026-000185,PR-2026-00151,PRC-VND-0061,22335000.0,2026-03-11,True
BID-2026-000186,PR-2026-00151,PRC-VND-0141,19321000.0,2026-03-12,True
BID-2026-000187,PR-2026-00151,PRC-VND-0081,18551000.0,2026-03-06,True
BID-2026-000188,PR-2026-00259,PRC-VND-0094,20345000.0,2026-03-13,True
BID-2026-000189,PR-2026-00259,PRC-VND-0009,19079000.0,2026-03-11,True
BID-2026-000190,PR-2026-00259,PRC-VND-0069,20691000.0,2026-03-08,True
BID-2026-000191,PR-2026-00283,PRC-VND-0016,28316000.0,2026-03-12,True
BID-2026-000192,PR-2026-00283,PRC-VND-0041,25865000.0,2026-03-13,True
BID-2026-000193,PR-2026-00283,PRC-VND-0116,29932000.0,2026-03-20,True
BID-2026-000194,PR-2026-00283,PRC-VND-0081,30073000.0,2026-03-12,True
BID-2026-000195,PR-2026-00514,PRC-VND-0111,9958000.0,2026-03-07,True
BID-2026-000196,PR-2026-00514,PRC-VND-0026,11596000.0,2026-03-09,True
BID-2026-000197,PR-2026-00514,PRC-VND-0106,10788000.0,2026-03-15,True
BID-2026-000198,PR-2026-00514,PRC-VND-0066,11911000.0,2026-03-14,False
BID-2026-000199,PR-2026-00514,PRC-VND-0141,9738000.0,2026-03-12,True
BID-2026-000200,PR-2026-00514,PRC-VND-0006,11263000.0,2026-03-12,True
BID-2026-000201,PR-2026-00769,PRC-VND-0039,15661000.0,2026-03-20,True
BID-2026-000202,PR-2026-00769,PRC-VND-0054,14180000.0,2026-03-24,True
BID-2026-000203,PR-2026-00769,PRC-VND-0149,18915000.0,2026-03-17,True
BID-2026-000204,PR-2026-00769,PRC-VND-0049,14091000.0,2026-03-21,True
BID-2026-000205,PR-2026-00769,PRC-VND-0009,19022000.0,2026-03-21,False
BID-2026-000206,PR-2026-00373,PRC-VND-0137,13463000.0,2026-03-21,True
BID-2026-000207,PR-2026-00373,PRC-VND-0147,12225000.0,2026-03-23,True
BID-2026-000208,PR-2026-00373,PRC-VND-0077,12419000.0,2026-03-14,True
BID-2026-000209,PR-2026-00373,PRC-VND-0057,13314000.0,2026-03-16,True
BID-2026-000210,PR-2026-00373,PRC-VND-0047,11300000.0,2026-03-18,False
BID-2026-000211,PR-2026-00382,PRC-VND-0126,36662000.0,2026-03-24,True
BID-2026-000212,PR-2026-00382,PRC-VND-0091,35716000.0,2026-03-20,True
BID-2026-000213,PR-2026-00382,PRC-VND-0121,36857000.0,2026-03-22,False
BID-2026-000214,PR-2026-00019,PRC-VND-0116,33226000.0,2026-03-20,True
BID-2026-000215,PR-2026-00019,PRC-VND-0046,33813000.0,2026-03-16,True
BID-2026-000216,PR-2026-00019,PRC-VND-0061,38541000.0,2026-03-21,True
BID-2026-000217,PR-2026-00286,PRC-VND-0055,16658000.0,2026-03-17,True
BID-2026-000218,PR-2026-00286,PRC-VND-0110,17163000.0,2026-03-24,True
BID-2026-000219,PR-2026-00286,PRC-VND-0020,16613000.0,2026-03-19,True
BID-2026-000220,PR-2026-00752,PRC-VND-0024,11467000.0,2026-03-19,True
BID-2026-000221,PR-2026-00752,PRC-VND-0119,11864000.0,2026-03-21,True
BID-2026-000222,PR-2026-00752,PRC-VND-0004,11980000.0,2026-03-23,True
BID-2026-000223,PR-2026-00591,PRC-VND-0092,41019000.0,2026-03-28,False
BID-2026-000224,PR-2026-00591,PRC-VND-0117,36118000.0,2026-03-20,True
BID-2026-000225,PR-2026-00591,PRC-VND-0147,44005000.0,2026-03-20,True
BID-2026-000226,PR-2026-00591,PRC-VND-0142,38448000.0,2026-03-28,True
BID-2026-000227,PR-2026-00591,PRC-VND-0047,43438000.0,2026-03-22,False
BID-2026-000228,PR-2026-00591,PRC-VND-0062,36619000.0,2026-03-19,True
BID-2026-000229,PR-2026-00466,PRC-VND-0134,24148000.0,2026-03-24,True
BID-2026-000230,PR-2026-00466,PRC-VND-0089,23602000.0,2026-03-21,True
BID-2026-000231,PR-2026-00466,PRC-VND-0109,27179000.0,2026-03-23,True
BID-2026-000232,PR-2026-00466,PRC-VND-0119,20837000.0,2026-03-30,True
BID-2026-000233,PR-2026-00466,PRC-VND-0029,25735000.0,2026-03-25,False
BID-2026-000234,PR-2026-00466,PRC-VND-0094,21995000.0,2026-03-22,False
BID-2026-000235,PR-2026-00652,PRC-VND-0044,19942000.0,2026-03-16,True
BID-2026-000236,PR-2026-00652,PRC-VND-0064,21259000.0,2026-03-24,False
BID-2026-000237,PR-2026-00652,PRC-VND-0089,15972000.0,2026-03-21,True
BID-2026-000238,PR-2026-00603,PRC-VND-0147,19413000.0,2026-03-23,True
BID-2026-000239,PR-2026-00603,PRC-VND-0097,21355000.0,2026-03-25,False
BID-2026-000240,PR-2026-00603,PRC-VND-0107,19306000.0,2026-03-21,True
BID-2026-000241,PR-2026-00603,PRC-VND-0117,22305000.0,2026-03-27,True
BID-2026-000242,PR-2026-00603,PRC-VND-0082,24064000.0,2026-03-19,True
BID-2026-000243,PR-2026-00603,PRC-VND-0017,24608000.0,2026-03-20,True
BID-2026-000244,PR-2026-00658,PRC-VND-0023,12740000.0,2026-03-25,True
BID-2026-000245,PR-2026-00658,PRC-VND-0098,16444000.0,2026-03-29,True
BID-2026-000246,PR-2026-00658,PRC-VND-0088,12366000.0,2026-03-28,True
BID-2026-000247,PR-2026-00658,PRC-VND-0103,14404000.0,2026-04-01,True
BID-2026-000248,PR-2026-00658,PRC-VND-0078,13016000.0,2026-03-27,True
BID-2026-000249,PR-2026-00575,PRC-VND-0013,18893000.0,2026-03-17,True
BID-2026-000250,PR-2026-00575,PRC-VND-0018,21258000.0,2026-03-23,False
BID-2026-000251,PR-2026-00575,PRC-VND-0098,19509000.0,2026-03-23,True
BID-2026-000252,PR-2026-00575,PRC-VND-0003,20170000.0,2026-03-18,True
BID-2026-000253,PR-2026-00575,PRC-VND-0143,19808000.0,2026-03-17,True
BID-2026-000254,PR-2026-00624,PRC-VND-0067,31870000.0,2026-03-24,True
BID-2026-000255,PR-2026-00624,PRC-VND-0032,33111000.0,2026-03-20,False
BID-2026-000256,PR-2026-00624,PRC-VND-0052,27989000.0,2026-03-20,True
BID-2026-000257,PR-2026-00624,PRC-VND-0132,31935000.0,2026-03-26,True
BID-2026-000258,PR-2026-00051,PRC-VND-0116,32899000.0,2026-04-01,True
BID-2026-000259,PR-2026-00051,PRC-VND-0101,26357000.0,2026-04-03,True
BID-2026-000260,PR-2026-00051,PRC-VND-0071,28534000.0,2026-04-03,False
BID-2026-000261,PR-2026-00051,PRC-VND-0076,26173000.0,2026-03-31,True
BID-2026-000262,PR-2026-00493,PRC-VND-0106,35398000.0,2026-04-03,False
BID-2026-000263,PR-2026-00493,PRC-VND-0126,31281000.0,2026-04-05,True
BID-2026-000264,PR-2026-00493,PRC-VND-0101,32062000.0,2026-04-06,True
BID-2026-000265,PR-2026-00493,PRC-VND-0051,32431000.0,2026-04-03,True
BID-2026-000266,PR-2026-00493,PRC-VND-0081,37207000.0,2026-04-07,True
BID-2026-000267,PR-2026-00635,PRC-VND-0025,32500000.0,2026-03-23,True
BID-2026-000268,PR-2026-00635,PRC-VND-0135,30957000.0,2026-03-30,True
BID-2026-000269,PR-2026-00635,PRC-VND-0010,38047000.0,2026-03-27,True
BID-2026-000270,PR-2026-00635,PRC-VND-0040,30271000.0,2026-03-31,True
BID-2026-000271,PR-2026-00635,PRC-VND-0050,34709000.0,2026-03-26,True
BID-2026-000272,PR-2026-00629,PRC-VND-0084,6560000.0,2026-04-07,False
BID-2026-000273,PR-2026-00629,PRC-VND-0014,7043000.0,2026-04-09,True
BID-2026-000274,PR-2026-00629,PRC-VND-0024,6246000.0,2026-04-02,True
BID-2026-000275,PR-2026-00629,PRC-VND-0069,7425000.0,2026-04-08,True
BID-2026-000276,PR-2026-00766,PRC-VND-0146,12237000.0,2026-04-01,True
BID-2026-000277,PR-2026-00766,PRC-VND-0001,11773000.0,2026-03-25,True
BID-2026-000278,PR-2026-00766,PRC-VND-0116,12569000.0,2026-03-24,True
BID-2026-000279,PR-2026-00766,PRC-VND-0111,10389000.0,2026-03-25,False
BID-2026-000280,PR-2026-00766,PRC-VND-0036,13240000.0,2026-03-29,True
BID-2026-000281,PR-2026-00182,PRC-VND-0005,12031000.0,2026-04-04,False
BID-2026-000282,PR-2026-00182,PRC-VND-0090,12746000.0,2026-04-07,True
BID-2026-000283,PR-2026-00182,PRC-VND-0135,12229000.0,2026-04-09,True
BID-2026-000284,PR-2026-00226,PRC-VND-0118,40601000.0,2026-04-01,True
BID-2026-000285,PR-2026-00226,PRC-VND-0013,32647000.0,2026-03-31,True
BID-2026-000286,PR-2026-00226,PRC-VND-0018,33079000.0,2026-03-25,True
BID-2026-000287,PR-2026-00226,PRC-VND-0023,35837000.0,2026-04-02,True
BID-2026-000288,PR-2026-00226,PRC-VND-0113,35879000.0,2026-04-01,True
BID-2026-000289,PR-2026-00157,PRC-VND-0149,27419000.0,2026-04-07,False
BID-2026-000290,PR-2026-00157,PRC-VND-0019,28857000.0,2026-04-07,False
BID-2026-000291,PR-2026-00157,PRC-VND-0074,29197000.0,2026-03-31,True
BID-2026-000292,PR-2026-00356,PRC-VND-0147,11713000.0,2026-04-14,True
BID-2026-000293,PR-2026-00356,PRC-VND-0137,10158000.0,2026-04-06,False
BID-2026-000294,PR-2026-00356,PRC-VND-0107,12291000.0,2026-04-10,True
BID-2026-000295,PR-2026-00356,PRC-VND-0002,10349000.0,2026-04-07,True
BID-2026-000296,PR-2026-00356,PRC-VND-0017,11446000.0,2026-04-15,True
BID-2026-000297,PR-2026-00356,PRC-VND-0072,9690000.0,2026-04-08,True
BID-2026-000298,PR-2026-00367,PRC-VND-0076,35766000.0,2026-04-02,True
BID-2026-000299,PR-2026-00367,PRC-VND-0111,33425000.0,2026-04-06,True
BID-2026-000300,PR-2026-00367,PRC-VND-0146,30227000.0,2026-04-07,False
BID-2026-000301,PR-2026-00367,PRC-VND-0106,31036000.0,2026-04-05,False
BID-2026-000302,PR-2026-00367,PRC-VND-0031,30426000.0,2026-04-02,True
BID-2026-000303,PR-2026-00367,PRC-VND-0026,37053000.0,2026-04-04,True
BID-2026-000304,PR-2026-00787,PRC-VND-0067,43371000.0,2026-04-07,True
BID-2026-000305,PR-2026-00787,PRC-VND-0097,39685000.0,2026-04-10,True
BID-2026-000306,PR-2026-00787,PRC-VND-0007,38513000.0,2026-04-12,True
BID-2026-000307,PR-2026-00787,PRC-VND-0082,41657000.0,2026-04-09,True
BID-2026-000308,PR-2026-00787,PRC-VND-0012,38865000.0,2026-04-10,True
BID-2026-000309,PR-2026-00787,PRC-VND-0037,35158000.0,2026-04-07,True
BID-2026-000310,PR-2026-00594,PRC-VND-0081,3196000.0,2026-04-04,False
BID-2026-000311,PR-2026-00594,PRC-VND-0001,3522000.0,2026-04-09,True
BID-2026-000312,PR-2026-00594,PRC-VND-0021,4088000.0,2026-04-07,False
BID-2026-000313,PR-2026-00594,PRC-VND-0126,3503000.0,2026-04-05,True
BID-2026-000314,PR-2026-00594,PRC-VND-0046,3295000.0,2026-04-04,True
BID-2026-000315,PR-2026-00740,PRC-VND-0102,31943000.0,2026-04-03,True
BID-2026-000316,PR-2026-00740,PRC-VND-0067,27624000.0,2026-04-03,True
BID-2026-000317,PR-2026-00740,PRC-VND-0117,30332000.0,2026-04-02,True
BID-2026-000318,PR-2026-00740,PRC-VND-0057,29797000.0,2026-04-04,True
BID-2026-000319,PR-2026-00740,PRC-VND-0142,25375000.0,2026-04-04,False
BID-2026-000320,PR-2026-00740,PRC-VND-0077,26724000.0,2026-03-28,True
BID-2026-000321,PR-2026-00340,PRC-VND-0120,27348000.0,2026-04-16,True
BID-2026-000322,PR-2026-00340,PRC-VND-0080,23207000.0,2026-04-11,True
BID-2026-000323,PR-2026-00340,PRC-VND-0015,22751000.0,2026-04-12,True
BID-2026-000324,PR-2026-00340,PRC-VND-0105,22988000.0,2026-04-16,True
BID-2026-000325,PR-2026-00061,PRC-VND-0062,42896000.0,2026-04-10,True
BID-2026-000326,PR-2026-00061,PRC-VND-0102,35995000.0,2026-04-08,True
BID-2026-000327,PR-2026-00061,PRC-VND-0132,37145000.0,2026-04-05,True
BID-2026-000328,PR-2026-00061,PRC-VND-0092,34554000.0,2026-04-05,True
BID-2026-000329,PR-2026-00061,PRC-VND-0067,32757000.0,2026-04-06,False
BID-2026-000330,PR-2026-00061,PRC-VND-0037,38913000.0,2026-04-11,True
BID-2026-000331,PR-2026-00330,PRC-VND-0108,20508000.0,2026-04-14,True
BID-2026-000332,PR-2026-00330,PRC-VND-0073,16922000.0,2026-04-16,True
BID-2026-000333,PR-2026-00330,PRC-VND-0033,21254000.0,2026-04-09,True
BID-2026-000334,PR-2026-00330,PRC-VND-0038,21564000.0,2026-04-16,True
BID-2026-000335,PR-2026-00330,PRC-VND-0058,18161000.0,2026-04-17,True
BID-2026-000336,PR-2026-00330,PRC-VND-0098,17208000.0,2026-04-11,True
BID-2026-000337,PR-2026-00462,PRC-VND-0105,38172000.0,2026-04-17,True
BID-2026-000338,PR-2026-00462,PRC-VND-0005,37772000.0,2026-04-24,False
BID-2026-000339,PR-2026-00462,PRC-VND-0085,31548000.0,2026-04-16,True
BID-2026-000340,PR-2026-00405,PRC-VND-0129,28197000.0,2026-04-13,True
BID-2026-000341,PR-2026-00405,PRC-VND-0109,31578000.0,2026-04-13,True
BID-2026-000342,PR-2026-00405,PRC-VND-0114,27075000.0,2026-04-14,False
BID-2026-000343,PR-2026-00405,PRC-VND-0039,30190000.0,2026-04-18,True
BID-2026-000344,PR-2026-00405,PRC-VND-0034,24207000.0,2026-04-16,True
BID-2026-000345,PR-2026-00405,PRC-VND-0069,25406000.0,2026-04-15,True
BID-2026-000346,PR-2026-00316,PRC-VND-0028,18727000.0,2026-04-24,False
BID-2026-000347,PR-2026-00316,PRC-VND-0143,21395000.0,2026-04-20,True
BID-2026-000348,PR-2026-00316,PRC-VND-0048,21186000.0,2026-04-25,True
BID-2026-000349,PR-2026-00316,PRC-VND-0128,18783000.0,2026-04-25,True
BID-2026-000350,PR-2026-00797,PRC-VND-0089,11460000.0,2026-04-19,True
BID-2026-000351,PR-2026-00797,PRC-VND-0064,11911000.0,2026-04-16,False
BID-2026-000352,PR-2026-00797,PRC-VND-0084,12329000.0,2026-04-12,True
BID-2026-000353,PR-2026-00797,PRC-VND-0014,13495000.0,2026-04-11,True
BID-2026-000354,PR-2026-00797,PRC-VND-0069,12047000.0,2026-04-15,True
BID-2026-000355,PR-2026-00797,PRC-VND-0149,15075000.0,2026-04-19,True
BID-2026-000356,PR-2026-00668,PRC-VND-0070,2583000.0,2026-04-19,False
BID-2026-000357,PR-2026-00668,PRC-VND-0085,2387000.0,2026-04-16,True
BID-2026-000358,PR-2026-00668,PRC-VND-0050,2213000.0,2026-04-16,True
BID-2026-000359,PR-2026-00650,PRC-VND-0092,27232000.0,2026-04-22,True
BID-2026-000360,PR-2026-00650,PRC-VND-0062,32214000.0,2026-04-28,True
BID-2026-000361,PR-2026-00650,PRC-VND-0007,28231000.0,2026-04-23,True
BID-2026-000362,PR-2026-00650,PRC-VND-0067,31516000.0,2026-04-19,True
BID-2026-000363,PR-2026-00750,PRC-VND-0138,30605000.0,2026-04-23,True
BID-2026-000364,PR-2026-00750,PRC-VND-0103,27127000.0,2026-04-26,True
BID-2026-000365,PR-2026-00750,PRC-VND-0093,30449000.0,2026-04-27,False
BID-2026-000366,PR-2026-00750,PRC-VND-0143,26641000.0,2026-04-21,True
BID-2026-000367,PR-2026-00750,PRC-VND-0063,33355000.0,2026-04-23,True
BID-2026-000368,PR-2026-00750,PRC-VND-0003,31522000.0,2026-04-26,True
BID-2026-000369,PR-2026-00266,PRC-VND-0115,21248000.0,2026-04-29,True
BID-2026-000370,PR-2026-00266,PRC-VND-0055,24929000.0,2026-04-29,False
BID-2026-000371,PR-2026-00266,PRC-VND-0095,22426000.0,2026-04-27,True
BID-2026-000372,PR-2026-00266,PRC-VND-0005,19250000.0,2026-04-29,True
BID-2026-000373,PR-2026-00566,PRC-VND-0072,39849000.0,2026-04-26,False
BID-2026-000374,PR-2026-00566,PRC-VND-0102,41943000.0,2026-05-04,True
BID-2026-000375,PR-2026-00566,PRC-VND-0052,34698000.0,2026-05-01,False
BID-2026-000376,PR-2026-00566,PRC-VND-0012,40469000.0,2026-05-03,True
BID-2026-000377,PR-2026-00566,PRC-VND-0127,41859000.0,2026-05-01,True
BID-2026-000378,PR-2026-00566,PRC-VND-0037,39898000.0,2026-04-29,True
BID-2026-000379,PR-2026-00046,PRC-VND-0032,25753000.0,2026-05-07,True
BID-2026-000380,PR-2026-00046,PRC-VND-0062,28893000.0,2026-05-07,False
BID-2026-000381,PR-2026-00046,PRC-VND-0022,25075000.0,2026-05-04,True
BID-2026-000382,PR-2026-00046,PRC-VND-0132,28247000.0,2026-05-04,True
BID-2026-000383,PR-2026-00046,PRC-VND-0037,24855000.0,2026-05-04,True
BID-2026-000384,PR-2026-00261,PRC-VND-0067,27018000.0,2026-05-05,True
BID-2026-000385,PR-2026-00261,PRC-VND-0052,30734000.0,2026-05-08,True
BID-2026-000386,PR-2026-00261,PRC-VND-0037,31631000.0,2026-05-04,True
BID-2026-000387,PR-2026-00261,PRC-VND-0082,24780000.0,2026-05-05,True
BID-2026-000388,PR-2026-00239,PRC-VND-0041,35278000.0,2026-04-30,True
BID-2026-000389,PR-2026-00239,PRC-VND-0076,29573000.0,2026-04-30,True
BID-2026-000390,PR-2026-00239,PRC-VND-0031,32575000.0,2026-04-22,False
BID-2026-000391,PR-2026-00239,PRC-VND-0116,32591000.0,2026-04-25,True
BID-2026-000392,PR-2026-00239,PRC-VND-0061,30371000.0,2026-04-25,True
BID-2026-000393,PR-2026-00239,PRC-VND-0011,34225000.0,2026-04-27,True
BID-2026-000394,PR-2026-00518,PRC-VND-0094,24414000.0,2026-05-12,True
BID-2026-000395,PR-2026-00518,PRC-VND-0004,19880000.0,2026-05-04,False
BID-2026-000396,PR-2026-00518,PRC-VND-0009,23983000.0,2026-05-04,True
BID-2026-000397,PR-2026-00518,PRC-VND-0099,20014000.0,2026-05-08,False
BID-2026-000398,PR-2026-00518,PRC-VND-0149,24162000.0,2026-05-11,True
BID-2026-000399,PR-2026-00076,PRC-VND-0115,5868000.0,2026-05-04,False
BID-2026-000400,PR-2026-00076,PRC-VND-0145,5681000.0,2026-05-08,True
BID-2026-000401,PR-2026-00076,PRC-VND-0035,4980000.0,2026-05-09,True
BID-2026-000402,PR-2026-00076,PRC-VND-0100,5058000.0,2026-05-02,True
BID-2026-000403,PR-2026-00223,PRC-VND-0090,11670000.0,2026-05-12,True
BID-2026-000404,PR-2026-00223,PRC-VND-0150,11490000.0,2026-05-10,False
BID-2026-000405,PR-2026-00223,PRC-VND-0035,11254000.0,2026-05-09,False
BID-2026-000406,PR-2026-00223,PRC-VND-0125,11066000.0,2026-05-16,False
BID-2026-000407,PR-2026-00223,PRC-VND-0105,11411000.0,2026-05-12,True
BID-2026-000408,PR-2026-00786,PRC-VND-0053,15936000.0,2026-05-12,False
BID-2026-000409,PR-2026-00786,PRC-VND-0103,16027000.0,2026-05-08,False
BID-2026-000410,PR-2026-00786,PRC-VND-0093,13478000.0,2026-05-10,True
BID-2026-000411,PR-2026-00333,PRC-VND-0134,553000.0,2026-05-04,True
BID-2026-000412,PR-2026-00333,PRC-VND-0114,686000.0,2026-05-08,True
BID-2026-000413,PR-2026-00333,PRC-VND-0144,578000.0,2026-05-05,True
BID-2026-000414,PR-2026-00333,PRC-VND-0084,699000.0,2026-05-06,False
BID-2026-000415,PR-2026-00333,PRC-VND-0079,600000.0,2026-05-09,False
BID-2026-000416,PR-2026-00506,PRC-VND-0030,25053000.0,2026-05-07,True
BID-2026-000417,PR-2026-00506,PRC-VND-0120,21760000.0,2026-05-13,True
BID-2026-000418,PR-2026-00506,PRC-VND-0095,24383000.0,2026-05-07,True
BID-2026-000419,PR-2026-00506,PRC-VND-0090,19621000.0,2026-05-14,False
BID-2026-000420,PR-2026-00506,PRC-VND-0065,25140000.0,2026-05-07,True
BID-2026-000421,PR-2026-00143,PRC-VND-0063,45205000.0,2026-05-03,True
BID-2026-000422,PR-2026-00143,PRC-VND-0003,36036000.0,2026-05-06,False
BID-2026-000423,PR-2026-00143,PRC-VND-0048,44323000.0,2026-05-06,True
BID-2026-000424,PR-2026-00427,PRC-VND-0069,35328000.0,2026-05-16,True
BID-2026-000425,PR-2026-00427,PRC-VND-0059,30896000.0,2026-05-16,True
BID-2026-000426,PR-2026-00427,PRC-VND-0109,34530000.0,2026-05-16,True
BID-2026-000427,PR-2026-00427,PRC-VND-0039,34974000.0,2026-05-17,True
BID-2026-000428,PR-2026-00427,PRC-VND-0119,32249000.0,2026-05-14,True
BID-2026-000429,PR-2026-00427,PRC-VND-0074,32775000.0,2026-05-21,True
BID-2026-000430,PR-2026-00146,PRC-VND-0031,3677000.0,2026-05-08,True
BID-2026-000431,PR-2026-00146,PRC-VND-0001,3978000.0,2026-05-12,True
BID-2026-000432,PR-2026-00146,PRC-VND-0096,3462000.0,2026-05-15,True
BID-2026-000433,PR-2026-00146,PRC-VND-0091,3687000.0,2026-05-07,True
BID-2026-000434,PR-2026-00146,PRC-VND-0016,3526000.0,2026-05-12,False
BID-2026-000435,PR-2026-00615,PRC-VND-0062,5564000.0,2026-05-12,True
BID-2026-000436,PR-2026-00615,PRC-VND-0037,7065000.0,2026-05-07,True
BID-2026-000437,PR-2026-00615,PRC-VND-0002,7196000.0,2026-05-11,True
BID-2026-000438,PR-2026-00615,PRC-VND-0107,5442000.0,2026-05-04,True
BID-2026-000439,PR-2026-00615,PRC-VND-0142,6228000.0,2026-05-11,True
BID-2026-000440,PR-2026-00403,PRC-VND-0085,39797000.0,2026-05-26,True
BID-2026-000441,PR-2026-00403,PRC-VND-0115,42459000.0,2026-05-27,True
BID-2026-000442,PR-2026-00403,PRC-VND-0100,38363000.0,2026-05-20,True
BID-2026-000443,PR-2026-00403,PRC-VND-0075,45195000.0,2026-05-25,True
BID-2026-000444,PR-2026-00403,PRC-VND-0055,37678000.0,2026-05-22,True
BID-2026-000445,PR-2026-00701,PRC-VND-0071,20587000.0,2026-05-20,True
BID-2026-000446,PR-2026-00701,PRC-VND-0096,24550000.0,2026-05-17,True
BID-2026-000447,PR-2026-00701,PRC-VND-0006,21734000.0,2026-05-21,True
BID-2026-000448,PR-2026-00701,PRC-VND-0046,20212000.0,2026-05-16,False
BID-2026-000449,PR-2026-00701,PRC-VND-0001,19874000.0,2026-05-15,True
BID-2026-000450,PR-2026-00011,PRC-VND-0050,20184000.0,2026-05-09,True
BID-2026-000451,PR-2026-00011,PRC-VND-0015,18759000.0,2026-05-07,True
BID-2026-000452,PR-2026-00011,PRC-VND-0025,16873000.0,2026-05-05,True
BID-2026-000453,PR-2026-00011,PRC-VND-0060,17655000.0,2026-05-10,True
BID-2026-000454,PR-2026-00739,PRC-VND-0113,21339000.0,2026-05-13,True
BID-2026-000455,PR-2026-00739,PRC-VND-0118,24939000.0,2026-05-19,True
BID-2026-000456,PR-2026-00739,PRC-VND-0093,24686000.0,2026-05-18,True
BID-2026-000457,PR-2026-00739,PRC-VND-0043,22772000.0,2026-05-12,False
BID-2026-000458,PR-2026-00739,PRC-VND-0013,22565000.0,2026-05-12,True
BID-2026-000459,PR-2026-00136,PRC-VND-0016,24241000.0,2026-05-19,False
BID-2026-000460,PR-2026-00136,PRC-VND-0121,24300000.0,2026-05-13,True
BID-2026-000461,PR-2026-00136,PRC-VND-0071,22293000.0,2026-05-14,False
BID-2026-000462,PR-2026-00136,PRC-VND-0101,25902000.0,2026-05-21,False
BID-2026-000463,PR-2026-00528,PRC-VND-0078,39991000.0,2026-05-12,True
BID-2026-000464,PR-2026-00528,PRC-VND-0138,36851000.0,2026-05-17,False
BID-2026-000465,PR-2026-00528,PRC-VND-0038,32945000.0,2026-05-19,True
BID-2026-000466,PR-2026-00528,PRC-VND-0123,34821000.0,2026-05-11,True
BID-2026-000467,PR-2026-00528,PRC-VND-0008,39082000.0,2026-05-16,True
BID-2026-000468,PR-2026-00711,PRC-VND-0062,19505000.0,2026-05-17,False
BID-2026-000469,PR-2026-00711,PRC-VND-0082,17443000.0,2026-05-21,True
BID-2026-000470,PR-2026-00711,PRC-VND-0057,18570000.0,2026-05-14,True
BID-2026-000471,PR-2026-00251,PRC-VND-0048,9507000.0,2026-05-21,True
BID-2026-000472,PR-2026-00251,PRC-VND-0073,9826000.0,2026-05-17,True
BID-2026-000473,PR-2026-00251,PRC-VND-0068,9955000.0,2026-05-24,False
BID-2026-000474,PR-2026-00251,PRC-VND-0123,10037000.0,2026-05-18,True
BID-2026-000475,PR-2026-00251,PRC-VND-0023,10306000.0,2026-05-21,False
BID-2026-000476,PR-2026-00730,PRC-VND-0102,9027000.0,2026-05-16,True
BID-2026-000477,PR-2026-00730,PRC-VND-0117,9424000.0,2026-05-21,True
BID-2026-000478,PR-2026-00730,PRC-VND-0062,9893000.0,2026-05-18,True
BID-2026-000479,PR-2026-00730,PRC-VND-0132,11752000.0,2026-05-20,True
BID-2026-000480,PR-2026-00730,PRC-VND-0002,9125000.0,2026-05-19,True
BID-2026-000481,PR-2026-00730,PRC-VND-0072,10675000.0,2026-05-20,True
BID-2026-000482,PR-2026-00317,PRC-VND-0150,25404000.0,2026-05-30,True
BID-2026-000483,PR-2026-00317,PRC-VND-0070,26535000.0,2026-05-25,False
BID-2026-000484,PR-2026-00317,PRC-VND-0110,28049000.0,2026-05-29,True
BID-2026-000485,PR-2026-00604,PRC-VND-0007,37151000.0,2026-05-25,True
BID-2026-000486,PR-2026-00604,PRC-VND-0037,35780000.0,2026-05-29,True
BID-2026-000487,PR-2026-00604,PRC-VND-0117,33746000.0,2026-05-28,True
BID-2026-000488,PR-2026-00604,PRC-VND-0112,34012000.0,2026-05-31,True
BID-2026-000489,PR-2026-00604,PRC-VND-0137,30278000.0,2026-05-24,True
BID-2026-000490,PR-2026-00604,PRC-VND-0017,30214000.0,2026-05-30,True
BID-2026-000491,PR-2026-00612,PRC-VND-0132,20848000.0,2026-05-30,True
BID-2026-000492,PR-2026-00612,PRC-VND-0007,23267000.0,2026-05-25,False
BID-2026-000493,PR-2026-00612,PRC-VND-0147,21571000.0,2026-05-26,True
BID-2026-000494,PR-2026-00612,PRC-VND-0087,19841000.0,2026-05-30,True
BID-2026-000495,PR-2026-00230,PRC-VND-0053,9587000.0,2026-05-28,True
BID-2026-000496,PR-2026-00230,PRC-VND-0023,9428000.0,2026-05-24,True
BID-2026-000497,PR-2026-00230,PRC-VND-0008,8432000.0,2026-05-28,True
BID-2026-000498,PR-2026-00230,PRC-VND-0138,8976000.0,2026-05-25,True
BID-2026-000499,PR-2026-00272,PRC-VND-0034,8777000.0,2026-05-25,True
BID-2026-000500,PR-2026-00272,PRC-VND-0124,8879000.0,2026-05-21,False
BID-2026-000501,PR-2026-00272,PRC-VND-0099,8470000.0,2026-05-28,False
BID-2026-000502,PR-2026-00272,PRC-VND-0104,8568000.0,2026-05-21,True
BID-2026-000503,PR-2026-00389,PRC-VND-0008,5934000.0,2026-06-01,True
BID-2026-000504,PR-2026-00389,PRC-VND-0043,6847000.0,2026-06-03,True
BID-2026-000505,PR-2026-00389,PRC-VND-0113,5281000.0,2026-06-06,True
BID-2026-000506,PR-2026-00389,PRC-VND-0088,6799000.0,2026-06-03,False
BID-2026-000507,PR-2026-00389,PRC-VND-0143,6602000.0,2026-05-28,False
BID-2026-000508,PR-2026-00760,PRC-VND-0114,3381000.0,2026-05-24,True
BID-2026-000509,PR-2026-00760,PRC-VND-0064,3318000.0,2026-05-23,True
BID-2026-000510,PR-2026-00760,PRC-VND-0009,2831000.0,2026-05-24,True
BID-2026-000511,PR-2026-00760,PRC-VND-0004,3062000.0,2026-05-23,True
BID-2026-000512,PR-2026-00760,PRC-VND-0074,2932000.0,2026-05-19,True
BID-2026-000513,PR-2026-00596,PRC-VND-0030,16303000.0,2026-06-08,True
BID-2026-000514,PR-2026-00596,PRC-VND-0145,19257000.0,2026-06-09,True
BID-2026-000515,PR-2026-00596,PRC-VND-0045,18396000.0,2026-06-07,False
BID-2026-000516,PR-2026-00596,PRC-VND-0110,17079000.0,2026-06-04,True
BID-2026-000517,PR-2026-00596,PRC-VND-0015,20742000.0,2026-06-09,True
BID-2026-000518,PR-2026-00596,PRC-VND-0090,20458000.0,2026-06-04,True
BID-2026-000519,PR-2026-00721,PRC-VND-0013,24910000.0,2026-06-02,False
BID-2026-000520,PR-2026-00721,PRC-VND-0088,22122000.0,2026-06-02,True
BID-2026-000521,PR-2026-00721,PRC-VND-0048,20683000.0,2026-06-01,False
BID-2026-000522,PR-2026-00776,PRC-VND-0002,37104000.0,2026-05-26,True
BID-2026-000523,PR-2026-00776,PRC-VND-0057,41385000.0,2026-05-27,True
BID-2026-000524,PR-2026-00776,PRC-VND-0122,43591000.0,2026-05-31,False
BID-2026-000525,PR-2026-00776,PRC-VND-0032,44333000.0,2026-05-30,True
BID-2026-000526,PR-2026-00564,PRC-VND-0047,14447000.0,2026-06-06,True
BID-2026-000527,PR-2026-00564,PRC-VND-0077,13078000.0,2026-06-04,True
BID-2026-000528,PR-2026-00564,PRC-VND-0067,13608000.0,2026-05-31,True
BID-2026-000529,PR-2026-00564,PRC-VND-0127,11962000.0,2026-06-07,True
BID-2026-000530,PR-2026-00564,PRC-VND-0147,11305000.0,2026-06-01,True
BID-2026-000531,PR-2026-00250,PRC-VND-0073,24076000.0,2026-06-09,True
BID-2026-000532,PR-2026-00250,PRC-VND-0003,21553000.0,2026-06-07,False
BID-2026-000533,PR-2026-00250,PRC-VND-0133,23452000.0,2026-06-13,True
BID-2026-000534,PR-2026-00250,PRC-VND-0143,20932000.0,2026-06-13,True
BID-2026-000535,PR-2026-00250,PRC-VND-0118,20986000.0,2026-06-15,False
BID-2026-000536,PR-2026-00250,PRC-VND-0063,21602000.0,2026-06-14,True
BID-2026-000537,PR-2026-00722,PRC-VND-0055,2161000.0,2026-05-29,True
BID-2026-000538,PR-2026-00722,PRC-VND-0085,1761000.0,2026-06-01,True
BID-2026-000539,PR-2026-00722,PRC-VND-0075,2269000.0,2026-06-03,True
BID-2026-000540,PR-2026-00722,PRC-VND-0060,2017000.0,2026-05-29,True
BID-2026-000541,PR-2026-00722,PRC-VND-0130,2290000.0,2026-05-31,True
BID-2026-000542,PR-2026-00722,PRC-VND-0020,2216000.0,2026-05-31,True
BID-2026-000543,PR-2026-00180,PRC-VND-0038,18070000.0,2026-06-11,False
BID-2026-000544,PR-2026-00180,PRC-VND-0133,17542000.0,2026-06-10,False
BID-2026-000545,PR-2026-00180,PRC-VND-0093,17362000.0,2026-06-11,True
BID-2026-000546,PR-2026-00180,PRC-VND-0138,17621000.0,2026-06-10,True
BID-2026-000547,PR-2026-00180,PRC-VND-0113,16091000.0,2026-06-13,False
BID-2026-000548,PR-2026-00180,PRC-VND-0103,16851000.0,2026-06-09,True
BID-2026-000549,PR-2026-00617,PRC-VND-0074,39706000.0,2026-06-06,True
BID-2026-000550,PR-2026-00617,PRC-VND-0059,39229000.0,2026-06-03,True
BID-2026-000551,PR-2026-00617,PRC-VND-0069,35855000.0,2026-06-02,True
BID-2026-000552,PR-2026-00275,PRC-VND-0042,26736000.0,2026-06-05,True
BID-2026-000553,PR-2026-00275,PRC-VND-0062,29539000.0,2026-06-14,True
BID-2026-000554,PR-2026-00275,PRC-VND-0007,28967000.0,2026-06-14,True
BID-2026-000555,PR-2026-00275,PRC-VND-0077,26304000.0,2026-06-07,False
BID-2026-000556,PR-2026-00275,PRC-VND-0047,33659000.0,2026-06-14,True
BID-2026-000557,PR-2026-00132,PRC-VND-0039,752000.0,2026-06-12,True
BID-2026-000558,PR-2026-00132,PRC-VND-0089,740000.0,2026-06-13,True
BID-2026-000559,PR-2026-00132,PRC-VND-0034,798000.0,2026-06-15,True
BID-2026-000560,PR-2026-00132,PRC-VND-0054,879000.0,2026-06-14,True
BID-2026-000561,PR-2026-00132,PRC-VND-0139,743000.0,2026-06-15,True
BID-2026-000562,PR-2026-00132,PRC-VND-0059,847000.0,2026-06-09,True
BID-2026-000563,PR-2026-00526,PRC-VND-0060,8387000.0,2026-06-04,True
BID-2026-000564,PR-2026-00526,PRC-VND-0025,8992000.0,2026-06-03,True
BID-2026-000565,PR-2026-00526,PRC-VND-0015,8403000.0,2026-06-04,True
BID-2026-000566,PR-2026-00164,PRC-VND-0015,3237000.0,2026-06-12,True
BID-2026-000567,PR-2026-00164,PRC-VND-0125,3477000.0,2026-06-14,True
BID-2026-000568,PR-2026-00164,PRC-VND-0150,3616000.0,2026-06-16,True
BID-2026-000569,PR-2026-00537,PRC-VND-0056,45373000.0,2026-06-14,True
BID-2026-000570,PR-2026-00537,PRC-VND-0051,39030000.0,2026-06-14,False
BID-2026-000571,PR-2026-00537,PRC-VND-0041,47528000.0,2026-06-13,True
BID-2026-000572,PR-2026-00537,PRC-VND-0011,42525000.0,2026-06-13,True
BID-2026-000573,PR-2026-00537,PRC-VND-0071,45292000.0,2026-06-12,True
BID-2026-000574,PR-2026-00537,PRC-VND-0111,47243000.0,2026-06-09,True
BID-2026-000575,PR-2026-00254,PRC-VND-0134,23208000.0,2026-06-16,True
BID-2026-000576,PR-2026-00254,PRC-VND-0064,25179000.0,2026-06-21,True
BID-2026-000577,PR-2026-00254,PRC-VND-0039,25176000.0,2026-06-18,True
BID-2026-000578,PR-2026-00254,PRC-VND-0129,19799000.0,2026-06-17,True
BID-2026-000579,PR-2026-00732,PRC-VND-0114,22509000.0,2026-06-16,True
BID-2026-000580,PR-2026-00732,PRC-VND-0034,20032000.0,2026-06-10,True
BID-2026-000581,PR-2026-00732,PRC-VND-0149,19965000.0,2026-06-15,True
BID-2026-000582,PR-2026-00732,PRC-VND-0039,23746000.0,2026-06-13,True
BID-2026-000583,PR-2026-00732,PRC-VND-0109,19067000.0,2026-06-11,False
BID-2026-000584,PR-2026-00732,PRC-VND-0024,19481000.0,2026-06-11,True
BID-2026-000585,PR-2026-00363,PRC-VND-0105,30641000.0,2026-06-15,False
BID-2026-000586,PR-2026-00363,PRC-VND-0075,29932000.0,2026-06-14,True
BID-2026-000587,PR-2026-00363,PRC-VND-0135,31543000.0,2026-06-17,True
BID-2026-000588,PR-2026-00542,PRC-VND-0046,26688000.0,2026-06-18,True
BID-2026-000589,PR-2026-00542,PRC-VND-0091,31836000.0,2026-06-19,True
BID-2026-000590,PR-2026-00542,PRC-VND-0061,27314000.0,2026-06-15,True
BID-2026-000591,PR-2026-00542,PRC-VND-0071,31004000.0,2026-06-21,True
BID-2026-000592,PR-2026-00542,PRC-VND-0021,25260000.0,2026-06-20,True
BID-2026-000593,PR-2026-00103,PRC-VND-0100,25667000.0,2026-06-09,True
BID-2026-000594,PR-2026-00103,PRC-VND-0005,28418000.0,2026-06-09,True
BID-2026-000595,PR-2026-00103,PRC-VND-0045,26655000.0,2026-06-11,True
BID-2026-000596,PR-2026-00536,PRC-VND-0070,14081000.0,2026-06-15,True
BID-2026-000597,PR-2026-00536,PRC-VND-0090,18144000.0,2026-06-14,True
BID-2026-000598,PR-2026-00536,PRC-VND-0095,18652000.0,2026-06-12,True
BID-2026-000599,PR-2026-00536,PRC-VND-0150,16814000.0,2026-06-17,True
BID-2026-000600,PR-2026-00536,PRC-VND-0105,14712000.0,2026-06-17,True
BID-2026-000601,PR-2026-00536,PRC-VND-0075,14285000.0,2026-06-19,True
BID-2026-000602,PR-2026-00584,PRC-VND-0117,38513000.0,2026-06-20,True
BID-2026-000603,PR-2026-00584,PRC-VND-0032,39931000.0,2026-06-20,True
BID-2026-000604,PR-2026-00584,PRC-VND-0137,29935000.0,2026-06-20,True
BID-2026-000605,PR-2026-00584,PRC-VND-0097,31290000.0,2026-06-17,True
BID-2026-000606,PR-2026-00584,PRC-VND-0027,35145000.0,2026-06-17,False
BID-2026-000607,PR-2026-00584,PRC-VND-0127,32606000.0,2026-06-19,True
BID-2026-000608,PR-2026-00145,PRC-VND-0102,24313000.0,2026-06-16,True
BID-2026-000609,PR-2026-00145,PRC-VND-0047,30429000.0,2026-06-21,True
BID-2026-000610,PR-2026-00145,PRC-VND-0062,29683000.0,2026-06-18,True
BID-2026-000611,PR-2026-00145,PRC-VND-0142,24561000.0,2026-06-16,False
BID-2026-000612,PR-2026-00358,PRC-VND-0096,42754000.0,2026-06-18,True
BID-2026-000613,PR-2026-00358,PRC-VND-0121,37540000.0,2026-06-18,True
BID-2026-000614,PR-2026-00358,PRC-VND-0086,42171000.0,2026-06-14,True
BID-2026-000615,PR-2026-00439,PRC-VND-0107,31258000.0,2026-07-02,True
BID-2026-000616,PR-2026-00439,PRC-VND-0082,35507000.0,2026-07-01,True
BID-2026-000617,PR-2026-00439,PRC-VND-0057,36574000.0,2026-06-30,True
BID-2026-000618,PR-2026-00642,PRC-VND-0120,16857000.0,2026-07-03,True
BID-2026-000619,PR-2026-00642,PRC-VND-0115,13760000.0,2026-06-26,False
BID-2026-000620,PR-2026-00642,PRC-VND-0090,14516000.0,2026-06-24,True
BID-2026-000621,PR-2026-00642,PRC-VND-0040,16024000.0,2026-06-24,True
BID-2026-000622,PR-2026-00483,PRC-VND-0025,16777000.0,2026-06-26,True
BID-2026-000623,PR-2026-00483,PRC-VND-0135,15571000.0,2026-06-27,True
BID-2026-000624,PR-2026-00483,PRC-VND-0075,15370000.0,2026-06-27,True
BID-2026-000625,PR-2026-00483,PRC-VND-0110,14164000.0,2026-06-25,False
BID-2026-000626,PR-2026-00483,PRC-VND-0045,14819000.0,2026-06-28,False
BID-2026-000627,PR-2026-00483,PRC-VND-0060,15027000.0,2026-07-02,False
BID-2026-000628,PR-2026-00098,PRC-VND-0022,28221000.0,2026-07-06,False
BID-2026-000629,PR-2026-00098,PRC-VND-0117,25703000.0,2026-07-03,True
BID-2026-000630,PR-2026-00098,PRC-VND-0102,26994000.0,2026-07-01,True
BID-2026-000631,PR-2026-00098,PRC-VND-0062,23632000.0,2026-07-03,False
BID-2026-000632,PR-2026-00281,PRC-VND-0073,38779000.0,2026-06-21,True
BID-2026-000633,PR-2026-00281,PRC-VND-0113,38889000.0,2026-06-26,True
BID-2026-000634,PR-2026-00281,PRC-VND-0023,34622000.0,2026-06-21,True
BID-2026-000635,PR-2026-00585,PRC-VND-0085,33495000.0,2026-07-04,True
BID-2026-000636,PR-2026-00585,PRC-VND-0005,26984000.0,2026-07-03,True
BID-2026-000637,PR-2026-00585,PRC-VND-0090,28753000.0,2026-07-05,True
BID-2026-000638,PR-2026-00585,PRC-VND-0145,30921000.0,2026-07-01,True
BID-2026-000639,PR-2026-00654,PRC-VND-0017,31764000.0,2026-06-27,True
BID-2026-000640,PR-2026-00654,PRC-VND-0032,36659000.0,2026-06-26,True
BID-2026-000641,PR-2026-00654,PRC-VND-0037,31396000.0,2026-06-27,True
BID-2026-000642,PR-2026-00654,PRC-VND-0022,35736000.0,2026-07-02,True
BID-2026-000643,PR-2026-00654,PRC-VND-0137,33510000.0,2026-06-26,False
BID-2026-000644,PR-2026-00654,PRC-VND-0117,36095000.0,2026-06-30,False
BID-2026-000645,PR-2026-00222,PRC-VND-0008,9920000.0,2026-06-27,True
BID-2026-000646,PR-2026-00222,PRC-VND-0103,9184000.0,2026-06-25,True
BID-2026-000647,PR-2026-00222,PRC-VND-0123,11362000.0,2026-06-28,True
BID-2026-000648,PR-2026-00222,PRC-VND-0033,8344000.0,2026-07-04,True
BID-2026-000649,PR-2026-00173,PRC-VND-0033,17140000.0,2026-07-07,True
BID-2026-000650,PR-2026-00173,PRC-VND-0053,15816000.0,2026-07-07,False
BID-2026-000651,PR-2026-00173,PRC-VND-0068,18679000.0,2026-07-04,True
BID-2026-000652,PR-2026-00173,PRC-VND-0003,17546000.0,2026-07-11,True
BID-2026-000653,PR-2026-00173,PRC-VND-0098,16293000.0,2026-07-08,True
BID-2026-000654,PR-2026-00111,PRC-VND-0064,15043000.0,2026-07-06,True
BID-2026-000655,PR-2026-00111,PRC-VND-0014,13046000.0,2026-07-03,True
BID-2026-000656,PR-2026-00111,PRC-VND-0004,16340000.0,2026-07-08,True
BID-2026-000657,PR-2026-00187,PRC-VND-0010,5512000.0,2026-07-06,True
BID-2026-000658,PR-2026-00187,PRC-VND-0115,6053000.0,2026-07-04,True
BID-2026-000659,PR-2026-00187,PRC-VND-0080,6011000.0,2026-07-07,True
BID-2026-000660,PR-2026-00123,PRC-VND-0042,42541000.0,2026-06-26,False
BID-2026-000661,PR-2026-00123,PRC-VND-0112,47538000.0,2026-06-30,True
BID-2026-000662,PR-2026-00123,PRC-VND-0137,43932000.0,2026-06-30,True
BID-2026-000663,PR-2026-00123,PRC-VND-0142,43894000.0,2026-07-05,True
BID-2026-000664,PR-2026-00123,PRC-VND-0127,43347000.0,2026-07-03,True
BID-2026-000665,PR-2026-00001,PRC-VND-0089,15290000.0,2026-07-11,True
BID-2026-000666,PR-2026-00001,PRC-VND-0029,15719000.0,2026-07-10,True
BID-2026-000667,PR-2026-00001,PRC-VND-0054,12669000.0,2026-07-08,True
BID-2026-000668,PR-2026-00165,PRC-VND-0127,6004000.0,2026-07-11,True
BID-2026-000669,PR-2026-00165,PRC-VND-0067,4753000.0,2026-07-07,True
BID-2026-000670,PR-2026-00165,PRC-VND-0047,5675000.0,2026-07-07,True
BID-2026-000671,PR-2026-00331,PRC-VND-0022,15232000.0,2026-07-03,True
BID-2026-000672,PR-2026-00331,PRC-VND-0142,13198000.0,2026-07-07,True
BID-2026-000673,PR-2026-00331,PRC-VND-0067,15350000.0,2026-07-07,True
BID-2026-000674,PR-2026-00515,PRC-VND-0118,24711000.0,2026-07-11,False
BID-2026-000675,PR-2026-00515,PRC-VND-0088,24163000.0,2026-07-07,True
BID-2026-000676,PR-2026-00515,PRC-VND-0098,30816000.0,2026-07-12,True
BID-2026-000677,PR-2026-00515,PRC-VND-0003,31849000.0,2026-07-07,True
BID-2026-000678,PR-2026-00515,PRC-VND-0078,27132000.0,2026-07-09,False
BID-2026-000679,PR-2026-00515,PRC-VND-0128,27439000.0,2026-07-12,True
BID-2026-000680,PR-2026-00611,PRC-VND-0106,9218000.0,2026-07-03,True
BID-2026-000681,PR-2026-00611,PRC-VND-0031,9381000.0,2026-07-07,True
BID-2026-000682,PR-2026-00611,PRC-VND-0076,8296000.0,2026-07-07,True
BID-2026-000683,PR-2026-00611,PRC-VND-0131,10777000.0,2026-07-09,True
BID-2026-000684,PR-2026-00611,PRC-VND-0001,8074000.0,2026-07-09,True
BID-2026-000685,PR-2026-00209,PRC-VND-0122,20133000.0,2026-07-12,True
BID-2026-000686,PR-2026-00209,PRC-VND-0102,20585000.0,2026-07-12,True
BID-2026-000687,PR-2026-00209,PRC-VND-0112,23124000.0,2026-07-06,True
BID-2026-000688,PR-2026-00209,PRC-VND-0037,21805000.0,2026-07-08,False
BID-2026-000689,PR-2026-00209,PRC-VND-0137,21181000.0,2026-07-13,True
BID-2026-000690,PR-2026-00209,PRC-VND-0127,23099000.0,2026-07-12,True
BID-2026-000691,PR-2026-00066,PRC-VND-0138,7563000.0,2026-07-10,True
BID-2026-000692,PR-2026-00066,PRC-VND-0023,8109000.0,2026-07-14,True
BID-2026-000693,PR-2026-00066,PRC-VND-0143,8711000.0,2026-07-16,False
BID-2026-000694,PR-2026-00066,PRC-VND-0063,9466000.0,2026-07-15,True
BID-2026-000695,PR-2026-00066,PRC-VND-0053,8935000.0,2026-07-14,True
BID-2026-000696,PR-2026-00125,PRC-VND-0018,6862000.0,2026-07-17,False
BID-2026-000697,PR-2026-00125,PRC-VND-0128,7632000.0,2026-07-19,True
BID-2026-000698,PR-2026-00125,PRC-VND-0053,8606000.0,2026-07-14,True
BID-2026-000699,PR-2026-00125,PRC-VND-0033,8760000.0,2026-07-19,False
BID-2026-000700,PR-2026-00125,PRC-VND-0083,6926000.0,2026-07-17,False
BID-2026-000701,PR-2026-00723,PRC-VND-0022,5778000.0,2026-07-15,False
BID-2026-000702,PR-2026-00723,PRC-VND-0142,4352000.0,2026-07-13,True
BID-2026-000703,PR-2026-00723,PRC-VND-0137,4277000.0,2026-07-07,True
BID-2026-000704,PR-2026-00723,PRC-VND-0102,5414000.0,2026-07-10,True
BID-2026-000705,PR-2026-00723,PRC-VND-0122,5778000.0,2026-07-15,True
BID-2026-000706,PR-2026-00236,PRC-VND-0030,1806000.0,2026-07-23,False
BID-2026-000707,PR-2026-00236,PRC-VND-0080,1855000.0,2026-07-19,True
BID-2026-000708,PR-2026-00236,PRC-VND-0095,1539000.0,2026-07-23,True
BID-2026-000709,PR-2026-00236,PRC-VND-0085,1528000.0,2026-07-17,True
BID-2026-000710,PR-2026-00166,PRC-VND-0069,33497000.0,2026-07-21,True
BID-2026-000711,PR-2026-00166,PRC-VND-0054,35999000.0,2026-07-19,True
BID-2026-000712,PR-2026-00166,PRC-VND-0029,41599000.0,2026-07-17,False
BID-2026-000713,PR-2026-00699,PRC-VND-0112,21133000.0,2026-07-09,False
BID-2026-000714,PR-2026-00699,PRC-VND-0147,24551000.0,2026-07-06,True
BID-2026-000715,PR-2026-00699,PRC-VND-0107,22553000.0,2026-07-07,False
BID-2026-000716,PR-2026-00699,PRC-VND-0087,21256000.0,2026-07-14,True
BID-2026-000717,PR-2026-00618,PRC-VND-0150,18406000.0,2026-07-29,True
BID-2026-000718,PR-2026-00618,PRC-VND-0040,20008000.0,2026-07-29,True
BID-2026-000719,PR-2026-00618,PRC-VND-0025,19552000.0,2026-07-26,True
BID-2026-000720,PR-2026-00618,PRC-VND-0115,20237000.0,2026-07-29,False
BID-2026-000721,PR-2026-00618,PRC-VND-0110,19441000.0,2026-07-28,True
BID-2026-000722,PR-2026-00290,PRC-VND-0142,16579000.0,2026-07-12,True
BID-2026-000723,PR-2026-00290,PRC-VND-0097,16065000.0,2026-07-17,True
BID-2026-000724,PR-2026-00290,PRC-VND-0112,15073000.0,2026-07-15,True
BID-2026-000725,PR-2026-00290,PRC-VND-0117,19475000.0,2026-07-17,True
BID-2026-000726,PR-2026-00290,PRC-VND-0007,17108000.0,2026-07-11,True
BID-2026-000727,PR-2026-00290,PRC-VND-0017,19054000.0,2026-07-11,True
BID-2026-000728,PR-2026-00557,PRC-VND-0013,9119000.0,2026-07-18,True
BID-2026-000729,PR-2026-00557,PRC-VND-0008,10767000.0,2026-07-23,False
BID-2026-000730,PR-2026-00557,PRC-VND-0133,9617000.0,2026-07-17,True
BID-2026-000731,PR-2026-00496,PRC-VND-0002,933000.0,2026-07-14,True
BID-2026-000732,PR-2026-00496,PRC-VND-0037,1059000.0,2026-07-16,True
BID-2026-000733,PR-2026-00496,PRC-VND-0097,1108000.0,2026-07-14,True
BID-2026-000734,PR-2026-00496,PRC-VND-0022,930000.0,2026-07-13,True
BID-2026-000735,PR-2026-00169,PRC-VND-0096,40734000.0,2026-07-15,True
BID-2026-000736,PR-2026-00169,PRC-VND-0031,30074000.0,2026-07-12,True
BID-2026-000737,PR-2026-00169,PRC-VND-0011,31753000.0,2026-07-16,True
BID-2026-000738,PR-2026-00474,PRC-VND-0086,37815000.0,2026-07-26,True
BID-2026-000739,PR-2026-00474,PRC-VND-0056,39800000.0,2026-07-22,True
BID-2026-000740,PR-2026-00474,PRC-VND-0001,35680000.0,2026-07-19,True
BID-2026-000741,PR-2026-00474,PRC-VND-0141,37101000.0,2026-07-20,True
BID-2026-000742,PR-2026-00155,PRC-VND-0133,27507000.0,2026-07-29,False
BID-2026-000743,PR-2026-00155,PRC-VND-0023,27157000.0,2026-07-30,False
BID-2026-000744,PR-2026-00155,PRC-VND-0118,23573000.0,2026-07-29,True
BID-2026-000745,PR-2026-00669,PRC-VND-0117,8141000.0,2026-07-24,True
BID-2026-000746,PR-2026-00669,PRC-VND-0047,10407000.0,2026-07-25,False
BID-2026-000747,PR-2026-00669,PRC-VND-0072,10464000.0,2026-07-27,True
BID-2026-000748,PR-2026-00669,PRC-VND-0082,9805000.0,2026-07-25,True
BID-2026-000749,PR-2026-00680,PRC-VND-0097,39619000.0,2026-07-20,True
BID-2026-000750,PR-2026-00680,PRC-VND-0127,41895000.0,2026-07-22,True
BID-2026-000751,PR-2026-00680,PRC-VND-0082,40092000.0,2026-07-19,True
BID-2026-000752,PR-2026-00680,PRC-VND-0057,37609000.0,2026-07-25,True
BID-2026-000753,PR-2026-00680,PRC-VND-0107,35702000.0,2026-07-21,True
BID-2026-000754,PR-2026-00734,PRC-VND-0019,18921000.0,2026-07-28,False
BID-2026-000755,PR-2026-00734,PRC-VND-0049,18182000.0,2026-07-24,True
BID-2026-000756,PR-2026-00734,PRC-VND-0064,17642000.0,2026-07-23,True
BID-2026-000757,PR-2026-00734,PRC-VND-0134,17306000.0,2026-07-23,True
BID-2026-000758,PR-2026-00734,PRC-VND-0099,15459000.0,2026-07-30,True
BID-2026-000759,PR-2026-00033,PRC-VND-0120,15534000.0,2026-07-21,True
BID-2026-000760,PR-2026-00033,PRC-VND-0050,17762000.0,2026-07-18,True
BID-2026-000761,PR-2026-00033,PRC-VND-0045,14407000.0,2026-07-14,False
BID-2026-000762,PR-2026-00033,PRC-VND-0145,17082000.0,2026-07-17,True
BID-2026-000763,PR-2026-00033,PRC-VND-0025,14201000.0,2026-07-20,True
BID-2026-000764,PR-2026-00033,PRC-VND-0080,18448000.0,2026-07-14,True
BID-2026-000765,PR-2026-00204,PRC-VND-0077,5260000.0,2026-07-20,False
BID-2026-000766,PR-2026-00204,PRC-VND-0137,5493000.0,2026-07-18,True
BID-2026-000767,PR-2026-00204,PRC-VND-0122,5703000.0,2026-07-15,False
BID-2026-000768,PR-2026-00204,PRC-VND-0017,5532000.0,2026-07-21,True
BID-2026-000769,PR-2026-00204,PRC-VND-0057,5210000.0,2026-07-21,True
BID-2026-000770,PR-2026-00204,PRC-VND-0032,4675000.0,2026-07-23,True
BID-2026-000771,PR-2026-00318,PRC-VND-0043,34532000.0,2026-07-24,False
BID-2026-000772,PR-2026-00318,PRC-VND-0063,32257000.0,2026-07-26,True
BID-2026-000773,PR-2026-00318,PRC-VND-0003,31836000.0,2026-07-25,True
BID-2026-000774,PR-2026-00780,PRC-VND-0149,3366000.0,2026-07-25,True
BID-2026-000775,PR-2026-00780,PRC-VND-0059,3964000.0,2026-07-27,False
BID-2026-000776,PR-2026-00780,PRC-VND-0099,3731000.0,2026-07-27,True
BID-2026-000777,PR-2026-00780,PRC-VND-0144,3988000.0,2026-07-21,True
BID-2026-000778,PR-2026-00780,PRC-VND-0049,3998000.0,2026-07-23,True
BID-2026-000779,PR-2026-00780,PRC-VND-0039,4039000.0,2026-07-27,True
BID-2026-000780,PR-2026-00504,PRC-VND-0078,37383000.0,2026-08-01,False
BID-2026-000781,PR-2026-00504,PRC-VND-0098,38049000.0,2026-08-02,True
BID-2026-000782,PR-2026-00504,PRC-VND-0058,32158000.0,2026-08-04,True
BID-2026-000783,PR-2026-00504,PRC-VND-0023,33848000.0,2026-08-04,False
BID-2026-000784,PR-2026-00504,PRC-VND-0063,36665000.0,2026-08-01,True
BID-2026-000785,PR-2026-00504,PRC-VND-0073,38046000.0,2026-07-28,True
BID-2026-000786,PR-2026-00135,PRC-VND-0027,26640000.0,2026-08-05,True
BID-2026-000787,PR-2026-00135,PRC-VND-0087,29763000.0,2026-08-05,True
BID-2026-000788,PR-2026-00135,PRC-VND-0057,25816000.0,2026-08-07,True
BID-2026-000789,PR-2026-00218,PRC-VND-0041,18484000.0,2026-07-24,True
BID-2026-000790,PR-2026-00218,PRC-VND-0056,19498000.0,2026-07-26,False
BID-2026-000791,PR-2026-00218,PRC-VND-0131,19546000.0,2026-07-23,True
BID-2026-000792,PR-2026-00218,PRC-VND-0126,16293000.0,2026-07-24,True
BID-2026-000793,PR-2026-00218,PRC-VND-0141,16351000.0,2026-07-22,True
BID-2026-000794,PR-2026-00218,PRC-VND-0066,16322000.0,2026-07-24,True
BID-2026-000795,PR-2026-00573,PRC-VND-0063,9149000.0,2026-07-29,False
BID-2026-000796,PR-2026-00573,PRC-VND-0023,11645000.0,2026-07-30,True
BID-2026-000797,PR-2026-00573,PRC-VND-0143,9010000.0,2026-07-30,True
BID-2026-000798,PR-2026-00573,PRC-VND-0093,11270000.0,2026-07-31,True
BID-2026-000799,PR-2026-00097,PRC-VND-0031,22849000.0,2026-08-01,True
BID-2026-000800,PR-2026-00097,PRC-VND-0011,25277000.0,2026-08-06,True
BID-2026-000801,PR-2026-00097,PRC-VND-0071,21971000.0,2026-08-04,True
BID-2026-000802,PR-2026-00097,PRC-VND-0146,20473000.0,2026-08-06,True
BID-2026-000803,PR-2026-00097,PRC-VND-0041,20848000.0,2026-08-08,True
BID-2026-000804,PR-2026-00440,PRC-VND-0086,3079000.0,2026-07-29,False
BID-2026-000805,PR-2026-00440,PRC-VND-0146,2937000.0,2026-07-30,False
BID-2026-000806,PR-2026-00440,PRC-VND-0041,2883000.0,2026-07-31,True
BID-2026-000807,PR-2026-00440,PRC-VND-0051,3498000.0,2026-07-28,True
BID-2026-000808,PR-2026-00260,PRC-VND-0026,42544000.0,2026-08-02,True
BID-2026-000809,PR-2026-00260,PRC-VND-0021,36263000.0,2026-07-30,True
BID-2026-000810,PR-2026-00260,PRC-VND-0111,45275000.0,2026-07-29,True
BID-2026-000811,PR-2026-00260,PRC-VND-0046,39386000.0,2026-07-29,True
BID-2026-000812,PR-2026-00260,PRC-VND-0131,45917000.0,2026-07-26,True
BID-2026-000813,PR-2026-00260,PRC-VND-0031,45448000.0,2026-07-26,True
BID-2026-000814,PR-2026-00320,PRC-VND-0097,37570000.0,2026-08-04,True
BID-2026-000815,PR-2026-00320,PRC-VND-0042,36753000.0,2026-08-06,True
BID-2026-000816,PR-2026-00320,PRC-VND-0007,31062000.0,2026-07-31,True
BID-2026-000817,PR-2026-00320,PRC-VND-0032,31316000.0,2026-07-30,True
BID-2026-000818,PR-2026-00320,PRC-VND-0047,32123000.0,2026-07-30,True
BID-2026-000819,PR-2026-00320,PRC-VND-0147,30230000.0,2026-08-02,True
BID-2026-000820,PR-2026-00410,PRC-VND-0083,22466000.0,2026-08-01,True
BID-2026-000821,PR-2026-00410,PRC-VND-0113,20293000.0,2026-08-06,True
BID-2026-000822,PR-2026-00410,PRC-VND-0133,22890000.0,2026-08-02,False
BID-2026-000823,PR-2026-00410,PRC-VND-0048,23393000.0,2026-07-31,True
BID-2026-000824,PR-2026-00410,PRC-VND-0043,23716000.0,2026-08-04,True
BID-2026-000825,PR-2026-00410,PRC-VND-0118,19158000.0,2026-07-31,True
BID-2026-000826,PR-2026-00544,PRC-VND-0067,21633000.0,2026-07-31,False
BID-2026-000827,PR-2026-00544,PRC-VND-0127,20555000.0,2026-07-30,True
BID-2026-000828,PR-2026-00544,PRC-VND-0077,21493000.0,2026-08-03,False
BID-2026-000829,PR-2026-00544,PRC-VND-0007,19772000.0,2026-08-08,True
BID-2026-000830,PR-2026-00544,PRC-VND-0102,19745000.0,2026-08-02,True
BID-2026-000831,PR-2026-00696,PRC-VND-0032,26959000.0,2026-08-05,True
BID-2026-000832,PR-2026-00696,PRC-VND-0002,33374000.0,2026-08-07,True
BID-2026-000833,PR-2026-00696,PRC-VND-0117,26234000.0,2026-08-06,True
BID-2026-000834,PR-2026-00696,PRC-VND-0042,28455000.0,2026-08-08,True
BID-2026-000835,PR-2026-00696,PRC-VND-0102,27063000.0,2026-07-31,True
BID-2026-000836,PR-2026-00759,PRC-VND-0126,25081000.0,2026-07-25,False
BID-2026-000837,PR-2026-00759,PRC-VND-0096,22652000.0,2026-07-22,True
BID-2026-000838,PR-2026-00759,PRC-VND-0001,27954000.0,2026-07-23,True
BID-2026-000839,PR-2026-00770,PRC-VND-0057,36346000.0,2026-07-25,True
BID-2026-000840,PR-2026-00770,PRC-VND-0072,37588000.0,2026-08-02,False
BID-2026-000841,PR-2026-00770,PRC-VND-0032,36412000.0,2026-07-27,True
BID-2026-000842,PR-2026-00770,PRC-VND-0047,48329000.0,2026-08-01,True
BID-2026-000843,PR-2026-00770,PRC-VND-0147,37398000.0,2026-08-01,True
BID-2026-000844,PR-2026-00726,PRC-VND-0093,42050000.0,2026-08-06,True
BID-2026-000845,PR-2026-00726,PRC-VND-0088,43665000.0,2026-08-03,True
BID-2026-000846,PR-2026-00726,PRC-VND-0003,42057000.0,2026-08-09,True
BID-2026-000847,PR-2026-00726,PRC-VND-0128,37968000.0,2026-08-06,True
BID-2026-000848,PR-2026-00726,PRC-VND-0058,40471000.0,2026-08-09,False
BID-2026-000849,PR-2026-00726,PRC-VND-0113,36626000.0,2026-08-06,True
BID-2026-000850,PR-2026-00758,PRC-VND-0017,21809000.0,2026-08-04,True
BID-2026-000851,PR-2026-00758,PRC-VND-0082,25176000.0,2026-08-05,True
BID-2026-000852,PR-2026-00758,PRC-VND-0002,26102000.0,2026-08-03,True
BID-2026-000853,PR-2026-00758,PRC-VND-0122,22732000.0,2026-08-02,True
BID-2026-000854,PR-2026-00376,PRC-VND-0079,13088000.0,2026-07-31,False
BID-2026-000855,PR-2026-00376,PRC-VND-0039,13469000.0,2026-08-05,True
BID-2026-000856,PR-2026-00376,PRC-VND-0054,11112000.0,2026-08-05,True
BID-2026-000857,PR-2026-00695,PRC-VND-0059,46486000.0,2026-08-03,False
BID-2026-000858,PR-2026-00695,PRC-VND-0029,37630000.0,2026-08-02,True
BID-2026-000859,PR-2026-00695,PRC-VND-0099,39240000.0,2026-08-09,True
BID-2026-000860,PR-2026-00695,PRC-VND-0129,39333000.0,2026-08-03,True
BID-2026-000861,PR-2026-00695,PRC-VND-0089,46779000.0,2026-08-05,True
BID-2026-000862,PR-2026-00443,PRC-VND-0043,4862000.0,2026-08-05,True
BID-2026-000863,PR-2026-00443,PRC-VND-0143,6179000.0,2026-08-02,True
BID-2026-000864,PR-2026-00443,PRC-VND-0113,4959000.0,2026-08-05,True
BID-2026-000865,PR-2026-00443,PRC-VND-0123,5154000.0,2026-08-07,True
BID-2026-000866,PR-2026-00196,PRC-VND-0063,8087000.0,2026-08-08,True
BID-2026-000867,PR-2026-00196,PRC-VND-0038,7214000.0,2026-08-09,True
BID-2026-000868,PR-2026-00196,PRC-VND-0018,7756000.0,2026-07-31,True
BID-2026-000869,PR-2026-00196,PRC-VND-0058,7552000.0,2026-07-31,True
BID-2026-000870,PR-2026-00196,PRC-VND-0088,7669000.0,2026-08-01,False
BID-2026-000871,PR-2026-00196,PRC-VND-0048,8337000.0,2026-08-09,False
BID-2026-000872,PR-2026-00633,PRC-VND-0045,31793000.0,2026-08-13,True
BID-2026-000873,PR-2026-00633,PRC-VND-0080,32410000.0,2026-08-11,False
BID-2026-000874,PR-2026-00633,PRC-VND-0025,28699000.0,2026-08-14,True
BID-2026-000875,PR-2026-00633,PRC-VND-0095,25029000.0,2026-08-12,True
BID-2026-000876,PR-2026-00633,PRC-VND-0050,25424000.0,2026-08-20,True
BID-2026-000877,PR-2026-00778,PRC-VND-0019,23366000.0,2026-08-16,True
BID-2026-000878,PR-2026-00778,PRC-VND-0069,19832000.0,2026-08-11,True
BID-2026-000879,PR-2026-00778,PRC-VND-0119,22563000.0,2026-08-10,True
BID-2026-000880,PR-2026-00130,PRC-VND-0103,24551000.0,2026-08-15,True
BID-2026-000881,PR-2026-00130,PRC-VND-0098,26197000.0,2026-08-10,True
BID-2026-000882,PR-2026-00130,PRC-VND-0023,23271000.0,2026-08-17,True
BID-2026-000883,PR-2026-00130,PRC-VND-0073,19436000.0,2026-08-10,True
BID-2026-000884,PR-2026-00130,PRC-VND-0088,25745000.0,2026-08-08,True
BID-2026-000885,PR-2026-00161,PRC-VND-0104,3125000.0,2026-08-20,True
BID-2026-000886,PR-2026-00161,PRC-VND-0134,2861000.0,2026-08-13,True
BID-2026-000887,PR-2026-00161,PRC-VND-0069,3219000.0,2026-08-13,True
BID-2026-000888,PR-2026-00161,PRC-VND-0079,3301000.0,2026-08-12,True
BID-2026-000889,PR-2026-00161,PRC-VND-0129,3287000.0,2026-08-16,True
BID-2026-000890,PR-2026-00613,PRC-VND-0038,5734000.0,2026-08-10,False
BID-2026-000891,PR-2026-00613,PRC-VND-0043,6269000.0,2026-08-05,True
BID-2026-000892,PR-2026-00613,PRC-VND-0013,6643000.0,2026-08-04,True
BID-2026-000893,PR-2026-00775,PRC-VND-0002,21042000.0,2026-08-08,True
BID-2026-000894,PR-2026-00775,PRC-VND-0067,22113000.0,2026-08-09,True
BID-2026-000895,PR-2026-00775,PRC-VND-0117,18864000.0,2026-08-12,True
BID-2026-000896,PR-2026-00775,PRC-VND-0057,18944000.0,2026-08-04,False
BID-2026-000897,PR-2026-00775,PRC-VND-0127,21797000.0,2026-08-09,False
BID-2026-000898,PR-2026-00745,PRC-VND-0134,27706000.0,2026-08-11,True
BID-2026-000899,PR-2026-00745,PRC-VND-0019,22810000.0,2026-08-11,False
BID-2026-000900,PR-2026-00745,PRC-VND-0074,22330000.0,2026-08-07,True
BID-2026-000901,PR-2026-00073,PRC-VND-0007,34036000.0,2026-08-06,True
BID-2026-000902,PR-2026-00073,PRC-VND-0047,28198000.0,2026-08-02,True
BID-2026-000903,PR-2026-00073,PRC-VND-0127,32196000.0,2026-08-04,True
BID-2026-000904,PR-2026-00073,PRC-VND-0032,35647000.0,2026-08-11,True
BID-2026-000905,PR-2026-00073,PRC-VND-0077,29396000.0,2026-08-09,True
BID-2026-000906,PR-2026-00073,PRC-VND-0027,28023000.0,2026-08-10,True
BID-2026-000907,PR-2026-00324,PRC-VND-0073,41553000.0,2026-08-13,True
BID-2026-000908,PR-2026-00324,PRC-VND-0033,37755000.0,2026-08-11,False
BID-2026-000909,PR-2026-00324,PRC-VND-0088,36690000.0,2026-08-14,False
BID-2026-000910,PR-2026-00324,PRC-VND-0103,41951000.0,2026-08-18,True
BID-2026-000911,PR-2026-00324,PRC-VND-0008,36961000.0,2026-08-13,False
BID-2026-000912,PR-2026-00110,PRC-VND-0007,14593000.0,2026-08-22,True
BID-2026-000913,PR-2026-00110,PRC-VND-0147,13003000.0,2026-08-15,True
BID-2026-000914,PR-2026-00110,PRC-VND-0032,14395000.0,2026-08-16,True
BID-2026-000915,PR-2026-00110,PRC-VND-0077,12570000.0,2026-08-14,True
BID-2026-000916,PR-2026-00188,PRC-VND-0059,18680000.0,2026-08-14,True
BID-2026-000917,PR-2026-00188,PRC-VND-0104,19027000.0,2026-08-14,False
BID-2026-000918,PR-2026-00188,PRC-VND-0039,16081000.0,2026-08-14,True
BID-2026-000919,PR-2026-00188,PRC-VND-0014,17558000.0,2026-08-20,True
BID-2026-000920,PR-2026-00188,PRC-VND-0054,16612000.0,2026-08-19,True
BID-2026-000921,PR-2026-00761,PRC-VND-0017,44954000.0,2026-08-17,True
BID-2026-000922,PR-2026-00761,PRC-VND-0102,44608000.0,2026-08-20,True
BID-2026-000923,PR-2026-00761,PRC-VND-0087,43262000.0,2026-08-19,True
BID-2026-000924,PR-2026-00761,PRC-VND-0007,44062000.0,2026-08-17,True
BID-2026-000925,PR-2026-00583,PRC-VND-0057,11272000.0,2026-08-18,False
BID-2026-000926,PR-2026-00583,PRC-VND-0017,13834000.0,2026-08-11,True
BID-2026-000927,PR-2026-00583,PRC-VND-0047,12228000.0,2026-08-19,True
BID-2026-000928,PR-2026-00725,PRC-VND-0149,15719000.0,2026-08-10,True
BID-2026-000929,PR-2026-00725,PRC-VND-0089,15889000.0,2026-08-06,True
BID-2026-000930,PR-2026-00725,PRC-VND-0104,13724000.0,2026-08-15,True
BID-2026-000931,PR-2026-00725,PRC-VND-0069,15210000.0,2026-08-12,True
BID-2026-000932,PR-2026-00725,PRC-VND-0139,12277000.0,2026-08-06,True
BID-2026-000933,PR-2026-00725,PRC-VND-0094,15086000.0,2026-08-15,False
BID-2026-000934,PR-2026-00212,PRC-VND-0039,37883000.0,2026-08-15,True
BID-2026-000935,PR-2026-00212,PRC-VND-0114,44974000.0,2026-08-16,True
BID-2026-000936,PR-2026-00212,PRC-VND-0019,39727000.0,2026-08-12,True
BID-2026-000937,PR-2026-00212,PRC-VND-0059,41152000.0,2026-08-09,True
BID-2026-000938,PR-2026-00212,PRC-VND-0024,43816000.0,2026-08-10,True
BID-2026-000939,PR-2026-00201,PRC-VND-0083,23200000.0,2026-08-22,True
BID-2026-000940,PR-2026-00201,PRC-VND-0053,23947000.0,2026-08-24,True
BID-2026-000941,PR-2026-00201,PRC-VND-0033,27412000.0,2026-08-18,True
BID-2026-000942,PR-2026-00201,PRC-VND-0133,28649000.0,2026-08-26,True
BID-2026-000943,PR-2026-00201,PRC-VND-0093,25387000.0,2026-08-19,False
BID-2026-000944,PR-2026-00211,PRC-VND-0123,17226000.0,2026-08-19,True
BID-2026-000945,PR-2026-00211,PRC-VND-0093,18542000.0,2026-08-24,False
BID-2026-000946,PR-2026-00211,PRC-VND-0013,21133000.0,2026-08-20,True
BID-2026-000947,PR-2026-00270,PRC-VND-0077,37195000.0,2026-08-18,True
BID-2026-000948,PR-2026-00270,PRC-VND-0057,35815000.0,2026-08-12,False
BID-2026-000949,PR-2026-00270,PRC-VND-0107,36047000.0,2026-08-17,True
BID-2026-000950,PR-2026-00270,PRC-VND-0047,46376000.0,2026-08-12,True
BID-2026-000951,PR-2026-00270,PRC-VND-0007,43597000.0,2026-08-16,True
BID-2026-000952,PR-2026-00174,PRC-VND-0082,33380000.0,2026-08-30,True
BID-2026-000953,PR-2026-00174,PRC-VND-0107,34179000.0,2026-08-25,False
BID-2026-000954,PR-2026-00174,PRC-VND-0142,34666000.0,2026-08-29,True
BID-2026-000955,PR-2026-00174,PRC-VND-0077,28691000.0,2026-08-29,True
BID-2026-000956,PR-2026-00174,PRC-VND-0042,33662000.0,2026-08-29,True
BID-2026-000957,PR-2026-00174,PRC-VND-0002,28173000.0,2026-08-30,True
BID-2026-000958,PR-2026-00671,PRC-VND-0150,1163000.0,2026-08-26,True
BID-2026-000959,PR-2026-00671,PRC-VND-0065,1021000.0,2026-09-01,True
BID-2026-000960,PR-2026-00671,PRC-VND-0010,1164000.0,2026-09-01,True
