memo_id,memo_type,subject,addressed_to,raised_by,originating_department,purpose_statement,category,amount_ngn,action_required,response_deadline,current_stage,current_approver_role,submitted_date,last_action_date,related_partner_id,related_requisition_id,related_budget_id
MEM-2025-00011,Informational,Update on data platform rollout,All Staff,Bashir Aliyu,IT & Infrastructure,To inform staff regarding data platform rollout.,Operational,,For information,2025-08-12,Issued,,2025-08-05,2025-08-05,,,
MEM-2025-00374,Approval Request,Request for approval: server capacity expansion,Managing Director,Emeka Nwosu,IT & Infrastructure,To seek executive approval for server capacity expansion.,Procurement,47580000.00,Approval required,2025-09-04,Approved,,2025-08-05,2025-08-11,,PR-2025-00121,BGT-2025-ITI-CPX
MEM-2025-00599,Informational,Notification: public holiday working arrangements,All Staff,Bashir Aliyu,Human Resources,To inform staff regarding public holiday working arrangements.,Administrative,,For information,2025-08-26,Issued,,2025-08-05,2025-08-05,,,
MEM-2025-00085,Directive,New whistleblowing reporting channel,Heads of Department,Emeka Nwosu,Executive Admin,"To notify all affected staff of the revised position on new whistleblowing reporting channel, and the date it takes effect.",Policy,,Compliance required,2025-08-20,Issued,,2025-08-06,2025-08-06,,,
MEM-2025-00409,Approval Request,Approval of revised per diem rates,Managing Director,Kemi Oladele,Finance & Treasury,To seek executive approval for revised per diem rates.,Policy,,Approval required,2025-08-28,Approved,,2025-08-07,2025-08-25,,,
MEM-2025-00440,Directive,Mandatory quarterly reconciliation of partner returns,All Staff,Zainab Yakubu,Lending Operations,"To notify all affected staff of the revised position on mandatory quarterly reconciliation of partner returns, and the date it takes effect.",Operational,,Compliance required,,Issued,,2025-08-07,2025-08-07,,,
MEM-2025-00007,Directive,Updated staff travel and per diem policy,Heads of Department,Comfort Akinwale,Human Resources,"To notify all affected staff of the revised position on updated staff travel and per diem policy, and the date it takes effect.",HR,,Compliance required,2025-08-15,Issued,,2025-08-08,2025-08-08,,,
MEM-2025-00241,Directive,Updated procurement documentation standards,All Staff,Bashir Aliyu,Procurement & Logistics,"To notify all affected staff of the revised position on updated procurement documentation standards, and the date it takes effect.",Procurement,,Compliance required,,Issued,,2025-08-08,2025-08-08,,,
MEM-2025-00354,Informational,Quarterly portfolio performance briefing,All Staff,Kemi Oladele,Lending Operations,To inform staff regarding quarterly portfolio performance briefing.,Operational,,For information,2025-08-21,Issued,,2025-08-11,2025-08-11,,,
MEM-2025-00406,Approval Request,Request for approval: data platform subscription,Managing Director,Emeka Nwosu,IT & Infrastructure,To seek executive approval for data platform subscription.,Procurement,26080000.00,Approval required,,Rejected,,2025-08-11,2025-08-12,,PR-2025-00172,BGT-2025-ITI-CPX
MEM-2025-00042,Informational,Notification: scheduled system maintenance,All Staff,Ibrahim Bello,IT & Infrastructure,To inform staff regarding scheduled system maintenance.,Operational,,For information,,Issued,,2025-08-13,2025-08-13,,,
MEM-2025-00141,Directive,Mandatory data protection refresher training,Heads of Department,Bashir Aliyu,Risk & Compliance,"To notify all affected staff of the revised position on mandatory data protection refresher training, and the date it takes effect.",Policy,,Compliance required,2025-09-12,Issued,,2025-08-13,2025-08-13,,,
MEM-2025-00050,Informational,Notification: revised bank mandate signatories,All Staff,Ngozi Chukwu,Finance & Treasury,To inform staff regarding revised bank mandate signatories.,Financial,,For information,2025-08-25,Issued,,2025-08-15,2025-08-15,,,
MEM-2025-00268,Approval Request,Approval of study leave application,Managing Director,Comfort Akinwale,Human Resources,To seek executive approval for study leave application.,HR,,Approval required,2025-08-22,Rejected,,2025-08-15,2025-08-29,,,
MEM-2025-00560,Approval Request,Request for approval: server capacity expansion,Managing Director,Aisha Lawal,IT & Infrastructure,To seek executive approval for server capacity expansion.,Procurement,43050000.00,Approval required,,Approved,,2025-08-15,2025-09-03,,PR-2025-00039,BGT-2025-ITI-PFE
MEM-2025-00236,Approval Request,Request for approval: quarterly board pack printing,Managing Director,Peter Adeniyi,Executive Admin,To seek executive approval for quarterly board pack printing.,Administrative,2840000.00,Approval required,2025-09-08,Approved,,2025-08-18,2025-08-20,,,BGT-2025-EXA-PFE
MEM-2025-00358,Directive,Revised expense claim procedure,Heads of Department,Bashir Aliyu,Finance & Treasury,"To notify all affected staff of the revised position on revised expense claim procedure, and the date it takes effect.",Financial,,Compliance required,2025-09-17,Issued,,2025-08-18,2025-08-18,,,
MEM-2025-00508,Informational,Notification: public holiday working arrangements,All Staff,Yusuf Danjuma,Human Resources,To inform staff regarding public holiday working arrangements.,Administrative,,For information,2025-08-25,Issued,,2025-08-18,2025-08-18,,,
MEM-2025-00335,Directive,Revised delegation of authority thresholds,All Staff,Adaeze Okonkwo,Finance & Treasury,"To notify all affected staff of the revised position on revised delegation of authority thresholds, and the date it takes effect.",Policy,,Compliance required,,Issued,,2025-08-19,2025-08-19,,,
MEM-2025-00458,Informational,Update on supervising ministry engagement,All Staff,Peter Adeniyi,Executive Admin,To inform staff regarding supervising ministry engagement.,Administrative,,For information,2025-08-30,Issued,,2025-08-20,2025-08-20,,,
MEM-2025-00537,Directive,Revised expense claim procedure,All Staff,Kemi Oladele,Finance & Treasury,"To notify all affected staff of the revised position on revised expense claim procedure, and the date it takes effect.",Financial,,Compliance required,,Issued,,2025-08-20,2025-08-20,,,
MEM-2025-00018,Informational,Notification: revised office operating hours,All Staff,Ibrahim Bello,Human Resources,To inform staff regarding revised office operating hours.,Administrative,,For information,2025-08-31,Issued,,2025-08-21,2025-08-21,,,
MEM-2025-00023,Approval Request,Approval of policy exception — single source award,Managing Director,Adaeze Okonkwo,Procurement & Logistics,To seek executive approval for policy exception — single source award.,Policy,,Approval required,2025-09-11,Approved,,2025-08-21,2025-08-27,,PR-2024-00191,
MEM-2025-00024,Informational,Staff wellness programme announcement,All Staff,Grace Ibekwe,Human Resources,To inform staff regarding staff wellness programme announcement.,HR,,For information,,Issued,,2025-08-21,2025-08-21,,,
MEM-2025-00298,Directive,Updated business continuity procedures,All Staff,Kemi Oladele,IT & Infrastructure,"To notify all affected staff of the revised position on updated business continuity procedures, and the date it takes effect.",Operational,,Compliance required,,Issued,,2025-08-21,2025-08-21,,,
MEM-2025-00549,Approval Request,Request for approval: data platform subscription,Managing Director,Musa Garba,IT & Infrastructure,To seek executive approval for data platform subscription.,Procurement,32230000.00,Approval required,2025-09-01,Approved,,2025-08-22,2025-09-10,,PR-2025-00426,BGT-2025-ITI-PFE
MEM-2025-00031,Approval Request,Request for approval: partner capacity workshop,Managing Director,Zainab Yakubu,Lending Operations,To seek executive approval for partner capacity workshop.,Partner,27120000.00,Approval required,,Approved,,2025-08-25,2025-09-08,PFI-06,,BGT-2025-LEN-CPX
MEM-2025-00140,Approval Request,Approval of annual insurance renewal,Managing Director,Ngozi Chukwu,Finance & Treasury,To seek executive approval for annual insurance renewal.,Financial,17060000.00,Approval required,2025-09-15,Approved,,2025-08-25,2025-09-08,,,
MEM-2025-00205,Informational,Notification: scheduled system maintenance,All Staff,Emeka Nwosu,IT & Infrastructure,To inform staff regarding scheduled system maintenance.,Operational,,For information,2025-09-24,Issued,,2025-08-25,2025-08-25,,,
MEM-2025-00311,Approval Request,Approval of study leave application,Managing Director,Adaeze Okonkwo,Human Resources,To seek executive approval for study leave application.,HR,,Approval required,2025-09-04,Rejected,,2025-08-25,2025-09-01,,,
MEM-2025-00404,Approval Request,Request for exception to procurement threshold,Managing Director,Ibrahim Bello,Procurement & Logistics,To seek executive approval for request for exception to procurement threshold.,Procurement,13390000.00,Approval required,2025-09-08,Rejected,,2025-08-25,2025-08-27,,PR-2025-00052,BGT-2025-PRL-PFE
MEM-2025-00430,Approval Request,Approval to release retention on completed contract,Managing Director,Emeka Nwosu,Finance & Treasury,To seek executive approval for release retention on completed contract.,Financial,11190000.00,Approval required,2025-09-08,Approved,,2025-08-25,2025-09-01,,,
MEM-2025-00003,Directive,Updated staff travel and per diem policy,Heads of Department,Peter Adeniyi,Human Resources,"To notify all affected staff of the revised position on updated staff travel and per diem policy, and the date it takes effect.",HR,,Compliance required,2025-09-16,Issued,,2025-08-26,2025-08-26,,,
MEM-2025-00210,Directive,Revised partner reporting submission calendar,All Staff,Chinedu Eze,Lending Operations,"To notify all affected staff of the revised position on revised partner reporting submission calendar, and the date it takes effect.",Partner,,Compliance required,2025-09-02,Issued,,2025-08-26,2025-08-26,,,
MEM-2025-00309,Informational,Update on data platform rollout,All Staff,Mark Uche,IT & Infrastructure,To inform staff regarding data platform rollout.,Operational,,For information,,Issued,,2025-08-26,2025-08-26,,,
MEM-2025-00407,Directive,Mandatory quarterly reconciliation of partner returns,Heads of Department,Adaeze Okonkwo,Lending Operations,"To notify all affected staff of the revised position on mandatory quarterly reconciliation of partner returns, and the date it takes effect.",Operational,,Compliance required,,Issued,,2025-08-26,2025-08-26,,,
MEM-2025-00269,Informational,Notification: revised bank mandate signatories,All Staff,Kemi Oladele,Finance & Treasury,To inform staff regarding revised bank mandate signatories.,Financial,,For information,,Issued,,2025-08-27,2025-08-27,,,
MEM-2025-00020,Approval Request,Request for approval: partner capacity workshop,Managing Director,Funmi Adeyemi,Lending Operations,To seek executive approval for partner capacity workshop.,Partner,30080000.00,Approval required,2025-09-05,Approved,,2025-08-29,2025-09-08,PFI-26,,BGT-2025-LEN-CCA
MEM-2025-00056,Approval Request,Approval of revised per diem rates,Managing Director,Comfort Akinwale,Finance & Treasury,To seek executive approval for revised per diem rates.,Policy,,Approval required,2025-09-12,Rejected,,2025-08-29,2025-09-15,,,
MEM-2025-00122,Directive,Updated information security access policy,Heads of Department,Emeka Nwosu,IT & Infrastructure,"To notify all affected staff of the revised position on updated information security access policy, and the date it takes effect.",Policy,,Compliance required,2025-10-01,Issued,,2025-09-01,2025-09-01,,,
MEM-2025-00280,Directive,Revised delegation for regional office spending,Heads of Department,Kemi Oladele,Finance & Treasury,"To notify all affected staff of the revised position on revised delegation for regional office spending, and the date it takes effect.",Financial,,Compliance required,2025-09-08,Issued,,2025-09-01,2025-09-01,,,
MEM-2025-00504,Approval Request,Approval of recruitment for vacant credit officer roles,Managing Director,Bashir Aliyu,Human Resources,To seek executive approval for recruitment for vacant credit officer roles.,HR,,Approval required,2025-09-11,Rejected,,2025-09-01,2025-09-02,,,
MEM-2025-00009,Directive,Mandatory data protection refresher training,Heads of Department,Bashir Aliyu,Risk & Compliance,"To notify all affected staff of the revised position on mandatory data protection refresher training, and the date it takes effect.",Policy,,Compliance required,2025-09-09,Issued,,2025-09-02,2025-09-02,,,
MEM-2025-00108,Informational,Notification: audit fieldwork commencement,All Staff,Mark Uche,Risk & Compliance,To inform staff regarding audit fieldwork commencement.,Operational,,For information,2025-09-16,Issued,,2025-09-02,2025-09-02,,,
MEM-2025-00006,Directive,Updated leave application procedure,Heads of Department,Mark Uche,Human Resources,"To notify all affected staff of the revised position on updated leave application procedure, and the date it takes effect.",HR,,Compliance required,2025-09-10,Issued,,2025-09-03,2025-09-03,,,
MEM-2025-00037,Directive,Revised partner reporting submission calendar,Heads of Department,Comfort Akinwale,Lending Operations,"To notify all affected staff of the revised position on revised partner reporting submission calendar, and the date it takes effect.",Partner,,Compliance required,2025-09-13,Issued,,2025-09-03,2025-09-03,,,
MEM-2025-00163,Informational,Update on regional office relocation,All Staff,Ibrahim Bello,Procurement & Logistics,To inform staff regarding regional office relocation.,Administrative,,For information,,Issued,,2025-09-04,2025-09-04,,,
MEM-2025-00373,Informational,Update on regional office relocation,All Staff,Ibrahim Bello,Procurement & Logistics,To inform staff regarding regional office relocation.,Administrative,,For information,,Issued,,2025-09-05,2025-09-05,,,
MEM-2025-00334,Approval Request,Request for approval: market research engagement,Managing Director,Funmi Adeyemi,Growth & Strategy,To seek executive approval for market research engagement.,Procurement,6620000.00,Approval required,2025-10-08,Approved,,2025-09-08,2025-09-16,,,
MEM-2025-00375,Informational,Notification: revised office operating hours,All Staff,Grace Ibekwe,Human Resources,To inform staff regarding revised office operating hours.,Administrative,,For information,2025-09-22,Issued,,2025-09-08,2025-09-08,,,
MEM-2025-00475,Approval Request,Request for approval: partner performance incentive,Managing Director,Adaeze Okonkwo,Lending Operations,To seek executive approval for partner performance incentive.,Partner,32970000.00,Approval required,2025-10-08,Approved,,2025-09-08,2025-09-22,PFI-36,,BGT-2025-LEN-PFE
MEM-2025-00517,Approval Request,Request for approval: disbursement to new PFI cohort,Managing Director,Adaeze Okonkwo,Lending Operations,To seek executive approval for disbursement to new PFI cohort.,Financial,160670000.00,Approval required,2025-09-22,Approved,,2025-09-08,2025-09-24,,,BGT-2025-LEN-CCA
MEM-2025-00015,Approval Request,Request for approval: quarterly board pack printing,Managing Director,Grace Ibekwe,Executive Admin,To seek executive approval for quarterly board pack printing.,Administrative,1850000.00,Approval required,2025-10-09,Approved,,2025-09-09,2025-09-17,,,BGT-2025-EXA-OPX
MEM-2025-00235,Approval Request,Variation to facility management contract,Managing Director,Adaeze Okonkwo,Procurement & Logistics,To seek executive approval for variation to facility management contract.,Procurement,13180000.00,Approval required,2025-09-19,Approved,,2025-09-09,2025-09-15,,PR-2025-00697,BGT-2025-PRL-PFE
MEM-2025-00489,Approval Request,Approval of secondment to supervising ministry,Managing Director,Grace Ibekwe,Human Resources,To seek executive approval for secondment to supervising ministry.,HR,,Approval required,2025-09-19,Approved,,2025-09-09,2025-09-15,,,
MEM-2025-00570,Approval Request,Request for approval: external audit engagement,Managing Director,Yusuf Danjuma,Finance & Treasury,To seek executive approval for external audit engagement.,Financial,58680000.00,Approval required,,Approved,,2025-09-09,2025-09-22,,,
MEM-2025-00005,Approval Request,Approval to release retention on completed contract,Managing Director,Comfort Akinwale,Finance & Treasury,To seek executive approval for release retention on completed contract.,Financial,11200000.00,Approval required,2025-09-24,Approved,,2025-09-10,2025-09-17,,,
MEM-2025-00040,Directive,Mandatory quarterly reconciliation of partner returns,All Staff,Peter Adeniyi,Lending Operations,"To notify all affected staff of the revised position on mandatory quarterly reconciliation of partner returns, and the date it takes effect.",Operational,,Compliance required,,Issued,,2025-09-11,2025-09-11,,,
MEM-2025-00167,Directive,Updated staff travel and per diem policy,All Staff,Bashir Aliyu,Human Resources,"To notify all affected staff of the revised position on updated staff travel and per diem policy, and the date it takes effect.",HR,,Compliance required,,Issued,,2025-09-11,2025-09-11,,,
MEM-2025-00460,Directive,Revised delegation for regional office spending,All Staff,Ibrahim Bello,Finance & Treasury,"To notify all affected staff of the revised position on revised delegation for regional office spending, and the date it takes effect.",Financial,,Compliance required,2025-09-18,Issued,,2025-09-11,2025-09-11,,,
MEM-2025-00274,Directive,Revised delegation of authority thresholds,Heads of Department,Kemi Oladele,Finance & Treasury,"To notify all affected staff of the revised position on revised delegation of authority thresholds, and the date it takes effect.",Policy,,Compliance required,2025-09-19,Issued,,2025-09-12,2025-09-12,,,
MEM-2025-00045,Directive,Updated procurement documentation standards,All Staff,Emeka Nwosu,Procurement & Logistics,"To notify all affected staff of the revised position on updated procurement documentation standards, and the date it takes effect.",Procurement,,Compliance required,,Issued,,2025-09-15,2025-09-15,,,
MEM-2025-00109,Approval Request,Approval to release retention on completed contract,Managing Director,Adaeze Okonkwo,Finance & Treasury,To seek executive approval for release retention on completed contract.,Financial,6590000.00,Approval required,2025-09-22,Approved,,2025-09-15,2025-09-22,,,
MEM-2025-00116,Informational,Board meeting outcomes summary,All Staff,Ngozi Chukwu,Executive Admin,To inform staff regarding board meeting outcomes summary.,Administrative,,For information,,Issued,,2025-09-15,2025-09-15,,,
MEM-2025-00392,Approval Request,Request for approval: market research engagement,Managing Director,Funmi Adeyemi,Growth & Strategy,To seek executive approval for market research engagement.,Procurement,7230000.00,Approval required,2025-10-06,Approved,,2025-09-15,2025-09-22,,,
MEM-2025-00525,Directive,Updated staff travel and per diem policy,Heads of Department,Grace Ibekwe,Human Resources,"To notify all affected staff of the revised position on updated staff travel and per diem policy, and the date it takes effect.",HR,,Compliance required,2025-10-15,Issued,,2025-09-15,2025-09-15,,,
MEM-2025-00584,Approval Request,Approval of revised per diem rates,Managing Director,Ibrahim Bello,Finance & Treasury,To seek executive approval for revised per diem rates.,Policy,,Approval required,2025-10-06,Approved,,2025-09-15,2025-09-30,,,
MEM-2025-00588,Approval Request,Approval of secondment to supervising ministry,Managing Director,Zainab Yakubu,Human Resources,To seek executive approval for secondment to supervising ministry.,HR,,Approval required,2025-09-25,Approved,,2025-09-15,2025-09-23,,,
MEM-2025-00142,Approval Request,Request for exception to procurement threshold,Managing Director,Ibrahim Bello,Procurement & Logistics,To seek executive approval for request for exception to procurement threshold.,Procurement,15140000.00,Approval required,2025-09-26,Approved,,2025-09-16,2025-09-26,,PR-2024-00508,BGT-2025-PRL-CPX
MEM-2025-00187,Directive,Revised partner reporting submission calendar,Heads of Department,Ibrahim Bello,Lending Operations,"To notify all affected staff of the revised position on revised partner reporting submission calendar, and the date it takes effect.",Partner,2170000.00,Compliance required,,Issued,,2025-09-16,2025-09-16,,,BGT-2025-LEN-PFE
MEM-2025-00150,Directive,Updated information security access policy,All Staff,Emeka Nwosu,IT & Infrastructure,"To notify all affected staff of the revised position on updated information security access policy, and the date it takes effect.",Policy,,Compliance required,2025-10-17,Issued,,2025-09-17,2025-09-17,,,
MEM-2025-00160,Directive,Mandatory quarterly reconciliation of partner returns,Heads of Department,Segun Ogunleye,Lending Operations,"To notify all affected staff of the revised position on mandatory quarterly reconciliation of partner returns, and the date it takes effect.",Operational,,Compliance required,2025-10-09,Issued,,2025-09-18,2025-09-18,,,
MEM-2025-00548,Informational,Notification: audit fieldwork commencement,All Staff,Bashir Aliyu,Risk & Compliance,To inform staff regarding audit fieldwork commencement.,Operational,,For information,2025-10-18,Issued,,2025-09-18,2025-09-18,,,
MEM-2025-00104,Approval Request,Request for approval: regional office lease renewal,Managing Director,Tunde Balogun,Procurement & Logistics,To seek executive approval for regional office lease renewal.,Administrative,45630000.00,Approval required,,Approved,,2025-09-19,2025-10-03,,,BGT-2025-PRL-CPX
MEM-2025-00252,Informational,Update on partner onboarding pipeline,All Staff,Yusuf Danjuma,Growth & Strategy,To inform staff regarding partner onboarding pipeline.,Partner,,For information,,Issued,,2025-09-19,2025-09-19,,,
MEM-2025-00502,Approval Request,Approval to release retention on completed contract,Managing Director,Comfort Akinwale,Finance & Treasury,To seek executive approval for release retention on completed contract.,Financial,7700000.00,Approval required,2025-10-19,Approved,,2025-09-19,2025-09-22,,,
MEM-2025-00156,Approval Request,Approval to extend partner onboarding window,Managing Director,Adaeze Okonkwo,Lending Operations,To seek executive approval for extend partner onboarding window.,Partner,,Approval required,2025-09-29,Approved,,2025-09-22,2025-09-29,PFI-26,,
MEM-2025-00257,Approval Request,Request for approval: server capacity expansion,Managing Director,Comfort Akinwale,IT & Infrastructure,To seek executive approval for server capacity expansion.,Procurement,50650000.00,Approval required,,Approved,,2025-09-22,2025-10-13,,PR-2025-00381,BGT-2025-ITI-PFE
MEM-2025-00403,Directive,Updated staff travel and per diem policy,All Staff,Emeka Nwosu,Human Resources,"To notify all affected staff of the revised position on updated staff travel and per diem policy, and the date it takes effect.",HR,,Compliance required,2025-10-06,Issued,,2025-09-22,2025-09-22,,,
MEM-2025-00518,Directive,Revised delegation of authority thresholds,Heads of Department,Peter Adeniyi,Finance & Treasury,"To notify all affected staff of the revised position on revised delegation of authority thresholds, and the date it takes effect.",Policy,,Compliance required,,Issued,,2025-09-22,2025-09-22,,,
MEM-2025-00522,Directive,Revised delegation of authority thresholds,All Staff,Grace Ibekwe,Finance & Treasury,"To notify all affected staff of the revised position on revised delegation of authority thresholds, and the date it takes effect.",Policy,,Compliance required,,Issued,,2025-09-22,2025-09-22,,,
MEM-2025-00530,Approval Request,Variation to facility management contract,Managing Director,Ibrahim Bello,Procurement & Logistics,To seek executive approval for variation to facility management contract.,Procurement,8850000.00,Approval required,,Approved,,2025-09-22,2025-09-26,,PR-2025-00149,BGT-2025-PRL-CPX
MEM-2025-00566,Directive,Revised expense claim procedure,All Staff,Peter Adeniyi,Finance & Treasury,"To notify all affected staff of the revised position on revised expense claim procedure, and the date it takes effect.",Financial,,Compliance required,2025-09-29,Issued,,2025-09-22,2025-09-22,,,
MEM-2025-00138,Informational,Staff wellness programme announcement,All Staff,Grace Ibekwe,Human Resources,To inform staff regarding staff wellness programme announcement.,HR,,For information,2025-10-07,Issued,,2025-09-23,2025-09-23,,,
MEM-2025-00213,Directive,Updated procurement documentation standards,All Staff,Ibrahim Bello,Procurement & Logistics,"To notify all affected staff of the revised position on updated procurement documentation standards, and the date it takes effect.",Procurement,,Compliance required,2025-09-30,Issued,,2025-09-23,2025-09-23,,,
MEM-2025-00197,Directive,Revised delegation for regional office spending,Heads of Department,Kemi Oladele,Finance & Treasury,"To notify all affected staff of the revised position on revised delegation for regional office spending, and the date it takes effect.",Financial,,Compliance required,,Issued,,2025-09-24,2025-09-24,,,
MEM-2025-00290,Approval Request,Approval to suspend a partner institution,Managing Director,Emeka Nwosu,Risk & Compliance,To seek executive approval for suspend a partner institution.,Partner,,Approval required,,Approved,,2025-09-24,2025-09-30,PFI-30,,
MEM-2025-00459,Approval Request,Variation to facility management contract,Managing Director,Ibrahim Bello,Procurement & Logistics,To seek executive approval for variation to facility management contract.,Procurement,20250000.00,Approval required,,Approved,,2025-09-24,2025-10-09,,PR-2025-00644,BGT-2025-PRL-PFE
MEM-2025-00465,Approval Request,Approval of annual insurance renewal,Managing Director,Emeka Nwosu,Finance & Treasury,To seek executive approval for annual insurance renewal.,Financial,13870000.00,Approval required,,Approved,,2025-09-24,2025-09-30,,,
MEM-2025-00165,Directive,Revised partner reporting submission calendar,All Staff,Zainab Yakubu,Lending Operations,"To notify all affected staff of the revised position on revised partner reporting submission calendar, and the date it takes effect.",Partner,,Compliance required,2025-10-25,Issued,,2025-09-25,2025-09-25,,,
MEM-2025-00175,Directive,Mandatory data protection refresher training,All Staff,Halima Sani,Risk & Compliance,"To notify all affected staff of the revised position on mandatory data protection refresher training, and the date it takes effect.",Policy,,Compliance required,,Issued,,2025-09-25,2025-09-25,,,
MEM-2025-00162,Approval Request,Request for approval: regional outreach programme,Managing Director,Ngozi Chukwu,Growth & Strategy,To seek executive approval for regional outreach programme.,Operational,32920000.00,Approval required,2025-10-26,Approved,,2025-09-26,2025-10-07,,,
MEM-2025-00286,Directive,Revised delegation for regional office spending,Heads of Department,Zainab Yakubu,Finance & Treasury,"To notify all affected staff of the revised position on revised delegation for regional office spending, and the date it takes effect.",Financial,,Compliance required,,Issued,,2025-09-26,2025-09-26,,,
MEM-2025-00209,Directive,Updated procurement documentation standards,Heads of Department,Zainab Yakubu,Procurement & Logistics,"To notify all affected staff of the revised position on updated procurement documentation standards, and the date it takes effect.",Procurement,,Compliance required,,Issued,,2025-09-29,2025-09-29,,,
MEM-2025-00289,Directive,Revised partner reporting submission calendar,Heads of Department,Adaeze Okonkwo,Lending Operations,"To notify all affected staff of the revised position on revised partner reporting submission calendar, and the date it takes effect.",Partner,,Compliance required,2025-10-29,Issued,,2025-09-29,2025-09-29,,,
MEM-2025-00328,Approval Request,Request for approval: market research engagement,Managing Director,Funmi Adeyemi,Growth & Strategy,To seek executive approval for market research engagement.,Procurement,12810000.00,Approval required,,Approved,,2025-09-29,2025-10-01,,,
MEM-2025-00346,Approval Request,Approval to write off non-performing exposures,Managing Director,Bashir Aliyu,Risk & Compliance,To seek executive approval for write off non-performing exposures.,Financial,61460000.00,Approval required,2025-10-06,Approved,,2025-09-29,2025-10-13,,,BGT-2025-RSC-PFE
MEM-2025-00351,Approval Request,Request for approval: partner performance incentive,Managing Director,Adaeze Okonkwo,Lending Operations,To seek executive approval for partner performance incentive.,Partner,20990000.00,Approval required,,Rejected,,2025-09-29,2025-10-06,PFI-21,,BGT-2025-LEN-PFE
MEM-2025-00453,Informational,Notification: audit fieldwork commencement,All Staff,Comfort Akinwale,Risk & Compliance,To inform staff regarding audit fieldwork commencement.,Operational,,For information,2025-10-30,Issued,,2025-09-30,2025-09-30,,,
MEM-2025-00115,Directive,Revised partner reporting submission calendar,Heads of Department,Yusuf Danjuma,Lending Operations,"To notify all affected staff of the revised position on revised partner reporting submission calendar, and the date it takes effect.",Partner,,Compliance required,2025-10-15,Issued,,2025-10-01,2025-10-01,,,
MEM-2025-00173,Informational,Notification: public holiday working arrangements,All Staff,Musa Garba,Human Resources,To inform staff regarding public holiday working arrangements.,Administrative,,For information,,Issued,,2025-10-01,2025-10-01,,,
MEM-2025-00233,Informational,Notification: scheduled system maintenance,All Staff,Emeka Nwosu,IT & Infrastructure,To inform staff regarding scheduled system maintenance.,Operational,,For information,,Issued,,2025-10-02,2025-10-02,,,
MEM-2025-00355,Informational,Staff wellness programme announcement,All Staff,Zainab Yakubu,Human Resources,To inform staff regarding staff wellness programme announcement.,HR,,For information,2025-10-16,Issued,,2025-10-02,2025-10-02,,,
MEM-2025-00442,Directive,Revised partner reporting submission calendar,Heads of Department,Comfort Akinwale,Lending Operations,"To notify all affected staff of the revised position on revised partner reporting submission calendar, and the date it takes effect.",Partner,,Compliance required,,Issued,,2025-10-02,2025-10-02,,,
MEM-2025-00004,Directive,Updated leave application procedure,All Staff,Grace Ibekwe,Human Resources,"To notify all affected staff of the revised position on updated leave application procedure, and the date it takes effect.",HR,,Compliance required,,Issued,,2025-10-03,2025-10-03,,,
MEM-2025-00171,Directive,Updated information security access policy,Heads of Department,Aisha Lawal,IT & Infrastructure,"To notify all affected staff of the revised position on updated information security access policy, and the date it takes effect.",Policy,,Compliance required,2025-10-24,Issued,,2025-10-03,2025-10-03,,,
MEM-2025-00033,Approval Request,Request for approval: partner performance incentive,Managing Director,Adaeze Okonkwo,Lending Operations,To seek executive approval for partner performance incentive.,Partner,29210000.00,Approval required,,Approved,,2025-10-06,2025-10-22,PFI-20,,BGT-2025-LEN-CPX
MEM-2025-00112,Approval Request,Request for approval: partner capacity workshop,Managing Director,Adaeze Okonkwo,Lending Operations,To seek executive approval for partner capacity workshop.,Partner,29360000.00,Approval required,,Approved,,2025-10-06,2025-10-20,PFI-18,,BGT-2025-LEN-PFE
MEM-2025-00181,Approval Request,Approval of staff promotion schedule,Managing Director,Zainab Yakubu,Human Resources,To seek executive approval for staff promotion schedule.,HR,,Approval required,,Approved,,2025-10-06,2025-10-24,,,
MEM-2025-00389,Directive,New whistleblowing reporting channel,All Staff,Peter Adeniyi,Executive Admin,"To notify all affected staff of the revised position on new whistleblowing reporting channel, and the date it takes effect.",Policy,,Compliance required,2025-11-05,Issued,,2025-10-06,2025-10-06,,,
MEM-2025-00477,Directive,Revised expense claim procedure,Heads of Department,Halima Sani,Finance & Treasury,"To notify all affected staff of the revised position on revised expense claim procedure, and the date it takes effect.",Financial,,Compliance required,2025-10-16,Issued,,2025-10-06,2025-10-06,,,
MEM-2025-00498,Directive,Revised delegation of authority thresholds,All Staff,Grace Ibekwe,Finance & Treasury,"To notify all affected staff of the revised position on revised delegation of authority thresholds, and the date it takes effect.",Policy,,Compliance required,2025-10-13,Issued,,2025-10-06,2025-10-06,,,
MEM-2025-00107,Informational,Notification: revised bank mandate signatories,All Staff,Segun Ogunleye,Finance & Treasury,To inform staff regarding revised bank mandate signatories.,Financial,,For information,2025-10-21,Issued,,2025-10-07,2025-10-07,,,
MEM-2025-00137,Directive,Updated leave application procedure,All Staff,Chinedu Eze,Human Resources,"To notify all affected staff of the revised position on updated leave application procedure, and the date it takes effect.",HR,,Compliance required,2025-10-21,Issued,,2025-10-07,2025-10-07,,,
MEM-2025-00287,Informational,Update on regional office relocation,All Staff,Ibrahim Bello,Procurement & Logistics,To inform staff regarding regional office relocation.,Administrative,,For information,,Issued,,2025-10-07,2025-10-07,,,
MEM-2025-00506,Approval Request,Approval of secondment to supervising ministry,Managing Director,Grace Ibekwe,Human Resources,To seek executive approval for secondment to supervising ministry.,HR,,Approval required,,Approved,,2025-10-07,2025-10-17,,,
MEM-2025-00083,Approval Request,Request for approval: market research engagement,Managing Director,Funmi Adeyemi,Growth & Strategy,To seek executive approval for market research engagement.,Procurement,13180000.00,Approval required,2025-10-29,Rejected,,2025-10-08,2025-10-14,,,
MEM-2025-00425,Informational,Staff wellness programme announcement,All Staff,Grace Ibekwe,Human Resources,To inform staff regarding staff wellness programme announcement.,HR,,For information,2025-10-15,Issued,,2025-10-08,2025-10-08,,,
MEM-2025-00533,Directive,Revised partner reporting submission calendar,Heads of Department,Funmi Adeyemi,Lending Operations,"To notify all affected staff of the revised position on revised partner reporting submission calendar, and the date it takes effect.",Partner,,Compliance required,,Issued,,2025-10-08,2025-10-08,,,
MEM-2025-00092,Approval Request,Request for approval: regional outreach programme,Managing Director,Funmi Adeyemi,Growth & Strategy,To seek executive approval for regional outreach programme.,Operational,30290000.00,Approval required,2025-10-31,Approved,,2025-10-10,2025-10-28,,,
MEM-2025-00488,Directive,New whistleblowing reporting channel,Heads of Department,Musa Garba,Executive Admin,"To notify all affected staff of the revised position on new whistleblowing reporting channel, and the date it takes effect.",Policy,,Compliance required,2025-11-09,Issued,,2025-10-10,2025-10-10,,,
MEM-2025-00059,Informational,Board meeting outcomes summary,All Staff,Yusuf Danjuma,Executive Admin,To inform staff regarding board meeting outcomes summary.,Administrative,,For information,2025-10-20,Issued,,2025-10-13,2025-10-13,,,
MEM-2025-00117,Approval Request,Request for approval: impact evaluation consultancy,Managing Director,Grace Ibekwe,Growth & Strategy,To seek executive approval for impact evaluation consultancy.,Procurement,36950000.00,Approval required,,Rejected,,2025-10-13,2025-10-20,,,
MEM-2025-00559,Approval Request,Approval of study leave application,Managing Director,Bashir Aliyu,Human Resources,To seek executive approval for study leave application.,HR,,Approval required,,Approved,,2025-10-13,2025-10-20,,,
MEM-2025-00503,Approval Request,Request for approval: partner performance incentive,Managing Director,Adaeze Okonkwo,Lending Operations,To seek executive approval for partner performance incentive.,Partner,27950000.00,Approval required,,Approved,,2025-10-15,2025-10-27,PFI-01,,BGT-2025-LEN-OPX
MEM-2025-00532,Approval Request,Request for approval: external audit engagement,Managing Director,Mark Uche,Finance & Treasury,To seek executive approval for external audit engagement.,Financial,77500000.00,Approval required,,Approved,,2025-10-15,2025-10-20,,,
MEM-2025-00080,Directive,Updated staff travel and per diem policy,Heads of Department,Tunde Balogun,Human Resources,"To notify all affected staff of the revised position on updated staff travel and per diem policy, and the date it takes effect.",HR,,Compliance required,2025-10-30,Issued,,2025-10-16,2025-10-16,,,
MEM-2025-00098,Directive,Updated information security access policy,All Staff,Zainab Yakubu,IT & Infrastructure,"To notify all affected staff of the revised position on updated information security access policy, and the date it takes effect.",Policy,,Compliance required,2025-10-23,Issued,,2025-10-16,2025-10-16,,,
MEM-2025-00168,Approval Request,Approval of revised per diem rates,Managing Director,Ngozi Chukwu,Finance & Treasury,To seek executive approval for revised per diem rates.,Policy,,Approval required,2025-11-15,Approved,,2025-10-16,2025-10-28,,,
MEM-2025-00060,Directive,Updated business continuity procedures,All Staff,Emeka Nwosu,IT & Infrastructure,"To notify all affected staff of the revised position on updated business continuity procedures, and the date it takes effect.",Operational,,Compliance required,2025-11-16,Issued,,2025-10-17,2025-10-17,,,
MEM-2025-00088,Approval Request,Approval of Q3 partner monitoring field visits,Managing Director,Adaeze Okonkwo,Lending Operations,To seek executive approval for q3 partner monitoring field visits.,Operational,,Approval required,2025-10-27,Approved,,2025-10-17,2025-10-22,,,
MEM-2025-00297,Informational,Staff wellness programme announcement,All Staff,Halima Sani,Human Resources,To inform staff regarding staff wellness programme announcement.,HR,,For information,2025-10-27,Issued,,2025-10-17,2025-10-17,,,
MEM-2025-00337,Informational,Notification: revised office operating hours,All Staff,Mark Uche,Human Resources,To inform staff regarding revised office operating hours.,Administrative,,For information,2025-10-31,Issued,,2025-10-17,2025-10-17,,,
MEM-2025-00428,Directive,Revised partner reporting submission calendar,All Staff,Adaeze Okonkwo,Lending Operations,"To notify all affected staff of the revised position on revised partner reporting submission calendar, and the date it takes effect.",Partner,,Compliance required,,Issued,,2025-10-17,2025-10-17,,,
MEM-2025-00485,Approval Request,Request for approval: regional office lease renewal,Managing Director,Ibrahim Bello,Procurement & Logistics,To seek executive approval for regional office lease renewal.,Administrative,47540000.00,Approval required,,Rejected,,2025-10-17,2025-11-07,,,BGT-2025-PRL-CPX
MEM-2025-00002,Informational,Staff wellness programme announcement,All Staff,Blessing Ekanem,Human Resources,To inform staff regarding staff wellness programme announcement.,HR,,For information,2025-10-27,Issued,,2025-10-20,2025-10-20,,,
MEM-2025-00195,Approval Request,Approval to release retention on completed contract,Managing Director,Chinedu Eze,Finance & Treasury,To seek executive approval for release retention on completed contract.,Financial,18120000.00,Approval required,,Approved,,2025-10-20,2025-10-28,,,
MEM-2025-00198,Directive,Mandatory quarterly reconciliation of partner returns,Heads of Department,Adaeze Okonkwo,Lending Operations,"To notify all affected staff of the revised position on mandatory quarterly reconciliation of partner returns, and the date it takes effect.",Operational,,Compliance required,2025-11-19,Issued,,2025-10-20,2025-10-20,,,
MEM-2025-00254,Approval Request,Approval of annual insurance renewal,Managing Director,Kemi Oladele,Finance & Treasury,To seek executive approval for annual insurance renewal.,Financial,11970000.00,Approval required,2025-10-30,Approved,,2025-10-20,2025-10-27,,,
MEM-2025-00432,Directive,New whistleblowing reporting channel,All Staff,Ibrahim Bello,Executive Admin,"To notify all affected staff of the revised position on new whistleblowing reporting channel, and the date it takes effect.",Policy,,Compliance required,,Issued,,2025-10-20,2025-10-20,,,
MEM-2025-00271,Directive,Mandatory data protection refresher training,Heads of Department,Tunde Balogun,Risk & Compliance,"To notify all affected staff of the revised position on mandatory data protection refresher training, and the date it takes effect.",Policy,,Compliance required,2025-11-05,Issued,,2025-10-22,2025-10-22,,,
MEM-2025-00563,Informational,Update on data platform rollout,All Staff,Emeka Nwosu,IT & Infrastructure,To inform staff regarding data platform rollout.,Operational,,For information,2025-11-01,Issued,,2025-10-22,2025-10-22,,,
MEM-2025-00452,Approval Request,Approval to extend partner onboarding window,Managing Director,Adaeze Okonkwo,Lending Operations,To seek executive approval for extend partner onboarding window.,Partner,,Approval required,2025-11-06,Approved,,2025-10-23,2025-10-27,PFI-36,,
MEM-2025-00558,Approval Request,Request for approval: core banking licence renewal,Managing Director,Emeka Nwosu,IT & Infrastructure,To seek executive approval for core banking licence renewal.,Procurement,84030000.00,Approval required,2025-11-13,Approved,,2025-10-23,2025-10-31,,PR-2025-00451,BGT-2025-ITI-PFE
MEM-2025-00061,Directive,Updated information security access policy,Heads of Department,Halima Sani,IT & Infrastructure,"To notify all affected staff of the revised position on updated information security access policy, and the date it takes effect.",Policy,,Compliance required,2025-11-26,Issued,,2025-10-27,2025-10-27,,,
MEM-2025-00114,Approval Request,Approval of policy exception — single source award,Managing Director,Funmi Adeyemi,Procurement & Logistics,To seek executive approval for policy exception — single source award.,Policy,,Approval required,2025-11-06,Approved,,2025-10-27,2025-10-30,,PR-2025-00267,
MEM-2025-00130,Directive,Mandatory quarterly reconciliation of partner returns,All Staff,Yusuf Danjuma,Lending Operations,"To notify all affected staff of the revised position on mandatory quarterly reconciliation of partner returns, and the date it takes effect.",Operational,,Compliance required,2025-11-10,Issued,,2025-10-27,2025-10-27,,,
MEM-2025-00154,Approval Request,Request for approval: server capacity expansion,Managing Director,Blessing Ekanem,IT & Infrastructure,To seek executive approval for server capacity expansion.,Procurement,49520000.00,Approval required,,Approved,,2025-10-27,2025-11-07,,PR-2025-00121,BGT-2025-ITI-OPX
MEM-2025-00218,Approval Request,Approval of staff promotion schedule,Managing Director,Funmi Adeyemi,Human Resources,To seek executive approval for staff promotion schedule.,HR,,Approval required,2025-11-06,Approved,,2025-10-27,2025-11-10,,,
MEM-2025-00012,Informational,Update on regional office relocation,All Staff,Halima Sani,Procurement & Logistics,To inform staff regarding regional office relocation.,Administrative,,For information,,Issued,,2025-10-28,2025-10-28,,,
MEM-2025-00013,Directive,Updated staff travel and per diem policy,All Staff,Grace Ibekwe,Human Resources,"To notify all affected staff of the revised position on updated staff travel and per diem policy, and the date it takes effect.",HR,,Compliance required,,Issued,,2025-10-28,2025-10-28,,,
MEM-2025-00221,Informational,Update on regional office relocation,All Staff,Ibrahim Bello,Procurement & Logistics,To inform staff regarding regional office relocation.,Administrative,,For information,,Issued,,2025-10-28,2025-10-28,,,
MEM-2025-00327,Directive,Revised vendor compliance verification steps,Heads of Department,Ibrahim Bello,Procurement & Logistics,"To notify all affected staff of the revised position on revised vendor compliance verification steps, and the date it takes effect.",Procurement,,Compliance required,2025-11-07,Issued,,2025-10-28,2025-10-28,,,
MEM-2025-00402,Approval Request,Request for approval: quarterly board pack printing,Managing Director,Peter Adeniyi,Executive Admin,To seek executive approval for quarterly board pack printing.,Administrative,3520000.00,Approval required,2025-11-11,Approved,,2025-10-28,2025-11-03,,,BGT-2025-EXA-OPX
MEM-2025-00178,Approval Request,Request for approval: disbursement to new PFI cohort,Managing Director,Blessing Ekanem,Lending Operations,To seek executive approval for disbursement to new PFI cohort.,Financial,146110000.00,Approval required,2025-11-28,Rejected,,2025-10-29,2025-11-03,,,BGT-2025-LEN-CCA
MEM-2025-00025,Approval Request,Approval to write off non-performing exposures,Managing Director,Blessing Ekanem,Risk & Compliance,To seek executive approval for write off non-performing exposures.,Financial,119060000.00,Approval required,2025-11-29,Rejected,,2025-10-30,2025-11-06,,,BGT-2025-RSC-OPX
MEM-2025-00266,Approval Request,Request for approval: external audit engagement,Managing Director,Kemi Oladele,Finance & Treasury,To seek executive approval for external audit engagement.,Financial,73250000.00,Approval required,2025-11-29,Approved,,2025-10-30,2025-11-17,,,
MEM-2025-00048,Directive,Revised vendor compliance verification steps,Heads of Department,Ngozi Chukwu,Procurement & Logistics,"To notify all affected staff of the revised position on revised vendor compliance verification steps, and the date it takes effect.",Procurement,,Compliance required,2025-11-30,Issued,,2025-10-31,2025-10-31,,,
MEM-2025-00399,Informational,Notification: revised bank mandate signatories,All Staff,Blessing Ekanem,Finance & Treasury,To inform staff regarding revised bank mandate signatories.,Financial,,For information,2025-11-07,Issued,,2025-10-31,2025-10-31,,,
MEM-2025-00481,Approval Request,Approval of recruitment for vacant credit officer roles,Managing Director,Adaeze Okonkwo,Human Resources,To seek executive approval for recruitment for vacant credit officer roles.,HR,,Approval required,,Rejected,,2025-10-31,2025-11-03,,,
MEM-2025-00046,Informational,Notification: audit fieldwork commencement,All Staff,Grace Ibekwe,Risk & Compliance,To inform staff regarding audit fieldwork commencement.,Operational,,For information,2025-11-24,Issued,,2025-11-03,2025-11-03,,,
MEM-2025-00246,Informational,Update on partner onboarding pipeline,All Staff,Zainab Yakubu,Growth & Strategy,To inform staff regarding partner onboarding pipeline.,Partner,,For information,,Issued,,2025-11-03,2025-11-03,,,
MEM-2025-00341,Informational,Notification: audit fieldwork commencement,All Staff,Zainab Yakubu,Risk & Compliance,To inform staff regarding audit fieldwork commencement.,Operational,,For information,,Issued,,2025-11-03,2025-11-03,,,
MEM-2025-00434,Directive,Revised vendor compliance verification steps,Heads of Department,Ibrahim Bello,Procurement & Logistics,"To notify all affected staff of the revised position on revised vendor compliance verification steps, and the date it takes effect.",Procurement,,Compliance required,2025-11-10,Issued,,2025-11-03,2025-11-03,,,
MEM-2025-00436,Informational,Quarterly portfolio performance briefing,All Staff,Adaeze Okonkwo,Lending Operations,To inform staff regarding quarterly portfolio performance briefing.,Operational,,For information,2025-11-13,Issued,,2025-11-03,2025-11-03,,,
MEM-2025-00482,Approval Request,Approval of secondment to supervising ministry,Managing Director,Yusuf Danjuma,Human Resources,To seek executive approval for secondment to supervising ministry.,HR,,Approval required,2025-11-13,Approved,,2025-11-03,2025-11-18,,,
MEM-2025-00520,Approval Request,Approval of legal retainer renewal,Managing Director,Halima Sani,Executive Admin,To seek executive approval for legal retainer renewal.,Administrative,12750000.00,Approval required,,Approved,,2025-11-04,2025-11-12,,,BGT-2025-EXA-CPX
MEM-2025-00590,Approval Request,Request for approval: data platform subscription,Managing Director,Bashir Aliyu,IT & Infrastructure,To seek executive approval for data platform subscription.,Procurement,26260000.00,Approval required,2025-11-14,Rejected,,2025-11-04,2025-11-10,,PR-2025-00649,BGT-2025-ITI-OPX
MEM-2025-00249,Directive,Updated leave application procedure,Heads of Department,Chinedu Eze,Human Resources,"To notify all affected staff of the revised position on updated leave application procedure, and the date it takes effect.",HR,,Compliance required,2025-11-27,Issued,,2025-11-06,2025-11-06,,,
MEM-2025-00439,Approval Request,Approval of revised per diem rates,Managing Director,Aisha Lawal,Finance & Treasury,To seek executive approval for revised per diem rates.,Policy,,Approval required,2025-11-17,Approved,,2025-11-07,2025-11-24,,,
MEM-2025-00490,Approval Request,Request for exception to procurement threshold,Managing Director,Adaeze Okonkwo,Procurement & Logistics,To seek executive approval for request for exception to procurement threshold.,Procurement,20020000.00,Approval required,2025-11-21,Approved,,2025-11-07,2025-11-18,,PR-2025-00372,BGT-2025-PRL-OPX
MEM-2025-00267,Directive,Updated information security access policy,All Staff,Adaeze Okonkwo,IT & Infrastructure,"To notify all affected staff of the revised position on updated information security access policy, and the date it takes effect.",Policy,,Compliance required,2025-12-01,Issued,,2025-11-10,2025-11-10,,,
MEM-2025-00292,Approval Request,Approval to write off non-performing exposures,Managing Director,Halima Sani,Risk & Compliance,To seek executive approval for write off non-performing exposures.,Financial,103210000.00,Approval required,2025-11-25,Approved,,2025-11-11,2025-11-27,,,BGT-2025-RSC-CPX
MEM-2025-00417,Approval Request,Variation to facility management contract,Managing Director,Ibrahim Bello,Procurement & Logistics,To seek executive approval for variation to facility management contract.,Procurement,17980000.00,Approval required,2025-12-11,Approved,,2025-11-11,2025-11-24,,PR-2025-00293,BGT-2025-PRL-PFE
MEM-2025-00483,Approval Request,Approval of legal retainer renewal,Managing Director,Segun Ogunleye,Executive Admin,To seek executive approval for legal retainer renewal.,Administrative,13000000.00,Approval required,,Approved,,2025-11-12,2025-11-18,,,BGT-2025-EXA-OPX
MEM-2025-00049,Informational,Update on regional office relocation,All Staff,Ibrahim Bello,Procurement & Logistics,To inform staff regarding regional office relocation.,Administrative,,For information,2025-11-20,Issued,,2025-11-13,2025-11-13,,,
MEM-2025-00256,Approval Request,Request for approval: data platform subscription,Managing Director,Musa Garba,IT & Infrastructure,To seek executive approval for data platform subscription.,Procurement,17310000.00,Approval required,,Rejected,,2025-11-13,2025-11-20,,PR-2025-00408,BGT-2025-ITI-PFE
MEM-2025-00420,Approval Request,Request for approval: disaster recovery site,Managing Director,Emeka Nwosu,IT & Infrastructure,To seek executive approval for disaster recovery site.,Procurement,103660000.00,Approval required,2025-11-23,Approved,,2025-11-13,2025-12-02,,PR-2025-00199,BGT-2025-ITI-CPX
MEM-2025-00484,Directive,Revised partner reporting submission calendar,Heads of Department,Peter Adeniyi,Lending Operations,"To notify all affected staff of the revised position on revised partner reporting submission calendar, and the date it takes effect.",Partner,,Compliance required,2025-12-13,Issued,,2025-11-13,2025-11-13,,,
MEM-2025-00077,Approval Request,Request for approval: disaster recovery site,Managing Director,Comfort Akinwale,IT & Infrastructure,To seek executive approval for disaster recovery site.,Procurement,82840000.00,Approval required,,Approved,,2025-11-14,2025-12-01,,PR-2025-00543,BGT-2025-ITI-CPX
MEM-2025-00455,Approval Request,Approval to suspend a partner institution,Managing Director,Tunde Balogun,Risk & Compliance,To seek executive approval for suspend a partner institution.,Partner,,Approval required,2025-11-28,Approved,,2025-11-14,2025-11-17,PFI-30,,
MEM-2025-00258,Informational,Update on supervising ministry engagement,All Staff,Peter Adeniyi,Executive Admin,To inform staff regarding supervising ministry engagement.,Administrative,,For information,,Issued,,2025-11-17,2025-11-17,,,
MEM-2025-00194,Approval Request,Request for approval: quarterly board pack printing,Managing Director,Peter Adeniyi,Executive Admin,To seek executive approval for quarterly board pack printing.,Administrative,2930000.00,Approval required,,Approved,,2025-11-18,2025-11-24,,,BGT-2025-EXA-CPX
MEM-2025-00380,Directive,Revised vendor compliance verification steps,Heads of Department,Aisha Lawal,Procurement & Logistics,"To notify all affected staff of the revised position on revised vendor compliance verification steps, and the date it takes effect.",Procurement,,Compliance required,2025-12-02,Issued,,2025-11-18,2025-11-18,,,
MEM-2025-00282,Approval Request,Request for approval: partner capacity workshop,Managing Director,Tunde Balogun,Lending Operations,To seek executive approval for partner capacity workshop.,Partner,38140000.00,Approval required,2025-12-10,Approved,,2025-11-19,2025-12-08,PFI-06,,BGT-2025-LEN-CPX
MEM-2025-00321,Approval Request,Approval to write off non-performing exposures,Managing Director,Zainab Yakubu,Risk & Compliance,To seek executive approval for write off non-performing exposures.,Financial,138730000.00,Approval required,2025-12-19,Approved,,2025-11-19,2025-12-08,,,BGT-2025-RSC-CPX
MEM-2025-00594,Approval Request,Request for approval: disbursement to new PFI cohort,Managing Director,Zainab Yakubu,Lending Operations,To seek executive approval for disbursement to new PFI cohort.,Financial,120250000.00,Approval required,2025-12-11,Rejected,,2025-11-20,2025-11-28,,,BGT-2025-LEN-CPX
MEM-2025-00365,Approval Request,Approval of Q3 partner monitoring field visits,Managing Director,Comfort Akinwale,Lending Operations,To seek executive approval for q3 partner monitoring field visits.,Operational,,Approval required,2025-12-05,Approved,,2025-11-21,2025-11-26,,,
MEM-2025-00066,Informational,Notification: revised office operating hours,All Staff,Mark Uche,Human Resources,To inform staff regarding revised office operating hours.,Administrative,,For information,2025-12-08,Issued,,2025-11-24,2025-11-24,,,
MEM-2025-00139,Approval Request,Approval of contract award — vehicle maintenance,Managing Director,Ibrahim Bello,Procurement & Logistics,To seek executive approval for contract award — vehicle maintenance.,Procurement,9070000.00,Approval required,2025-12-01,Approved,,2025-11-24,2025-12-01,,PR-2025-00008,BGT-2025-PRL-OPX
MEM-2025-00227,Approval Request,Approval of legal retainer renewal,Managing Director,Chinedu Eze,Executive Admin,To seek executive approval for legal retainer renewal.,Administrative,7470000.00,Approval required,2025-12-15,Rejected,,2025-11-24,2025-12-01,,,BGT-2025-EXA-CPX
MEM-2025-00281,Approval Request,Request for approval: quarterly board pack printing,Managing Director,Blessing Ekanem,Executive Admin,To seek executive approval for quarterly board pack printing.,Administrative,2340000.00,Approval required,,Approved,,2025-11-24,2025-11-28,,,BGT-2025-EXA-PFE
MEM-2025-00422,Approval Request,Request for approval: partner performance incentive,Managing Director,Peter Adeniyi,Lending Operations,To seek executive approval for partner performance incentive.,Partner,22390000.00,Approval required,2025-12-15,Rejected,,2025-11-24,2025-11-28,PFI-23,,BGT-2025-LEN-CCA
MEM-2025-00480,Approval Request,Approval of recruitment for vacant credit officer roles,Managing Director,Musa Garba,Human Resources,To seek executive approval for recruitment for vacant credit officer roles.,HR,,Approval required,2025-12-24,Approved,,2025-11-24,2025-11-27,,,
MEM-2025-00586,Approval Request,Request for approval: regional outreach programme,Managing Director,Funmi Adeyemi,Growth & Strategy,To seek executive approval for regional outreach programme.,Operational,26310000.00,Approval required,,Approved,,2025-11-24,2025-12-01,,,
MEM-2025-00053,Approval Request,Approval to extend partner onboarding window,Managing Director,Aisha Lawal,Lending Operations,To seek executive approval for extend partner onboarding window.,Partner,,Approval required,2025-12-09,Approved,,2025-11-25,2025-12-18,PFI-22,,
MEM-2025-00263,Directive,Revised delegation for regional office spending,Heads of Department,Kemi Oladele,Finance & Treasury,"To notify all affected staff of the revised position on revised delegation for regional office spending, and the date it takes effect.",Financial,,Compliance required,,Issued,,2025-11-25,2025-11-25,,,
MEM-2025-00174,Informational,Staff wellness programme announcement,All Staff,Grace Ibekwe,Human Resources,To inform staff regarding staff wellness programme announcement.,HR,,For information,2025-12-26,Issued,,2025-11-26,2025-11-26,,,
MEM-2025-00176,Approval Request,Approval of policy exception — single source award,Managing Director,Blessing Ekanem,Procurement & Logistics,To seek executive approval for policy exception — single source award.,Policy,,Approval required,2025-12-03,Approved,,2025-11-26,2025-12-10,,PR-2025-00735,
MEM-2025-00500,Directive,Updated procurement documentation standards,All Staff,Ibrahim Bello,Procurement & Logistics,"To notify all affected staff of the revised position on updated procurement documentation standards, and the date it takes effect.",Procurement,,Compliance required,2025-12-03,Issued,,2025-11-26,2025-11-26,,,
MEM-2025-00393,Approval Request,Approval of contract award — vehicle maintenance,Managing Director,Ibrahim Bello,Procurement & Logistics,To seek executive approval for contract award — vehicle maintenance.,Procurement,7310000.00,Approval required,2025-12-11,Rejected,,2025-11-27,2025-12-05,,PR-2025-00278,BGT-2025-PRL-PFE
MEM-2025-00223,Directive,Updated procurement documentation standards,All Staff,Halima Sani,Procurement & Logistics,"To notify all affected staff of the revised position on updated procurement documentation standards, and the date it takes effect.",Procurement,,Compliance required,2025-12-08,Issued,,2025-11-28,2025-11-28,,,
MEM-2025-00288,Informational,Board meeting outcomes summary,All Staff,Segun Ogunleye,Executive Admin,To inform staff regarding board meeting outcomes summary.,Administrative,,For information,,Issued,,2025-11-28,2025-11-28,,,
MEM-2025-00041,Informational,Quarterly portfolio performance briefing,All Staff,Bashir Aliyu,Lending Operations,To inform staff regarding quarterly portfolio performance briefing.,Operational,,For information,2025-12-08,Issued,,2025-12-01,2025-12-01,,,
MEM-2025-00158,Directive,Revised delegation for regional office spending,Heads of Department,Blessing Ekanem,Finance & Treasury,"To notify all affected staff of the revised position on revised delegation for regional office spending, and the date it takes effect.",Financial,,Compliance required,,Issued,,2025-12-01,2025-12-01,,,
MEM-2025-00325,Approval Request,Request for approval: regional outreach programme,Managing Director,Funmi Adeyemi,Growth & Strategy,To seek executive approval for regional outreach programme.,Operational,62370000.00,Approval required,2025-12-15,Approved,,2025-12-01,2025-12-12,,,
MEM-2025-00398,Directive,Updated procurement documentation standards,All Staff,Ibrahim Bello,Procurement & Logistics,"To notify all affected staff of the revised position on updated procurement documentation standards, and the date it takes effect.",Procurement,,Compliance required,2025-12-31,Issued,,2025-12-01,2025-12-01,,,
MEM-2025-00491,Informational,Notification: public holiday working arrangements,All Staff,Grace Ibekwe,Human Resources,To inform staff regarding public holiday working arrangements.,Administrative,,For information,2025-12-11,Issued,,2025-12-01,2025-12-01,,,
MEM-2025-00284,Directive,Updated information security access policy,All Staff,Halima Sani,IT & Infrastructure,"To notify all affected staff of the revised position on updated information security access policy, and the date it takes effect.",Policy,,Compliance required,,Issued,,2025-12-02,2025-12-02,,,
MEM-2025-00336,Directive,Updated business continuity procedures,Heads of Department,Chinedu Eze,IT & Infrastructure,"To notify all affected staff of the revised position on updated business continuity procedures, and the date it takes effect.",Operational,,Compliance required,2026-01-01,Issued,,2025-12-02,2025-12-02,,,
MEM-2025-00017,Directive,Mandatory quarterly reconciliation of partner returns,Heads of Department,Adaeze Okonkwo,Lending Operations,"To notify all affected staff of the revised position on mandatory quarterly reconciliation of partner returns, and the date it takes effect.",Operational,,Compliance required,2025-12-13,Issued,,2025-12-03,2025-12-03,,,
MEM-2025-00164,Informational,Notification: public holiday working arrangements,All Staff,Kemi Oladele,Human Resources,To inform staff regarding public holiday working arrangements.,Administrative,,For information,2025-12-24,Issued,,2025-12-03,2025-12-03,,,
MEM-2025-00226,Informational,Notification: audit fieldwork commencement,All Staff,Bashir Aliyu,Risk & Compliance,To inform staff regarding audit fieldwork commencement.,Operational,,For information,,Issued,,2025-12-03,2025-12-03,,,
MEM-2025-00433,Informational,Update on regional office relocation,All Staff,Emeka Nwosu,Procurement & Logistics,To inform staff regarding regional office relocation.,Administrative,,For information,2025-12-13,Issued,,2025-12-03,2025-12-03,,,
MEM-2025-00177,Directive,Mandatory data protection refresher training,Heads of Department,Mark Uche,Risk & Compliance,"To notify all affected staff of the revised position on mandatory data protection refresher training, and the date it takes effect.",Policy,,Compliance required,2026-01-04,Issued,,2025-12-05,2025-12-05,,,
MEM-2025-00219,Approval Request,Request for approval: market research engagement,Managing Director,Funmi Adeyemi,Growth & Strategy,To seek executive approval for market research engagement.,Procurement,5030000.00,Approval required,2025-12-15,Approved,,2025-12-05,2025-12-08,,,
MEM-2025-00230,Informational,Update on data platform rollout,All Staff,Emeka Nwosu,IT & Infrastructure,To inform staff regarding data platform rollout.,Operational,,For information,2025-12-12,Issued,,2025-12-05,2025-12-05,,,
MEM-2025-00089,Approval Request,Request for exception to procurement threshold,Managing Director,Ibrahim Bello,Procurement & Logistics,To seek executive approval for request for exception to procurement threshold.,Procurement,10590000.00,Approval required,2025-12-18,Approved,,2025-12-08,2025-12-12,,PR-2025-00267,BGT-2025-PRL-OPX
MEM-2025-00277,Directive,Mandatory data protection refresher training,Heads of Department,Kemi Oladele,Risk & Compliance,"To notify all affected staff of the revised position on mandatory data protection refresher training, and the date it takes effect.",Policy,,Compliance required,2026-01-07,Issued,,2025-12-08,2025-12-08,,,
MEM-2025-00349,Approval Request,Approval of revised credit assessment criteria,Managing Director,Segun Ogunleye,Risk & Compliance,To seek executive approval for revised credit assessment criteria.,Policy,,Approval required,2025-12-29,Approved,,2025-12-08,2025-12-17,,,
MEM-2025-00405,Approval Request,Approval of revised per diem rates,Managing Director,Halima Sani,Finance & Treasury,To seek executive approval for revised per diem rates.,Policy,,Approval required,,Approved,,2025-12-08,2025-12-29,,,
MEM-2025-00446,Directive,Mandatory quarterly reconciliation of partner returns,All Staff,Adaeze Okonkwo,Lending Operations,"To notify all affected staff of the revised position on mandatory quarterly reconciliation of partner returns, and the date it takes effect.",Operational,,Compliance required,2025-12-19,Issued,,2025-12-09,2025-12-09,,,
MEM-2025-00191,Approval Request,Request for approval: core banking licence renewal,Managing Director,Emeka Nwosu,IT & Infrastructure,To seek executive approval for core banking licence renewal.,Procurement,92950000.00,Approval required,2025-12-17,Approved,,2025-12-10,2025-12-17,,PR-2025-00463,BGT-2025-ITI-PFE
MEM-2025-00093,Directive,Mandatory data protection refresher training,All Staff,Zainab Yakubu,Risk & Compliance,"To notify all affected staff of the revised position on mandatory data protection refresher training, and the date it takes effect.",Policy,,Compliance required,2025-12-25,Issued,,2025-12-11,2025-12-11,,,
MEM-2025-00540,Directive,Revised vendor compliance verification steps,Heads of Department,Emeka Nwosu,Procurement & Logistics,"To notify all affected staff of the revised position on revised vendor compliance verification steps, and the date it takes effect.",Procurement,,Compliance required,2025-12-25,Issued,,2025-12-11,2025-12-11,,,
MEM-2025-00144,Approval Request,Request for approval: disaster recovery site,Managing Director,Emeka Nwosu,IT & Infrastructure,To seek executive approval for disaster recovery site.,Procurement,100560000.00,Approval required,,Approved,,2025-12-12,2025-12-30,,PR-2025-00710,BGT-2025-ITI-PFE
MEM-2025-00202,Approval Request,Request for approval: core banking licence renewal,Managing Director,Kemi Oladele,IT & Infrastructure,To seek executive approval for core banking licence renewal.,Procurement,35240000.00,Approval required,2026-01-11,Approved,,2025-12-12,2025-12-18,,PR-2025-00543,BGT-2025-ITI-OPX
MEM-2025-00324,Approval Request,Approval of recruitment for vacant credit officer roles,Managing Director,Ibrahim Bello,Human Resources,To seek executive approval for recruitment for vacant credit officer roles.,HR,,Approval required,2025-12-19,Approved,,2025-12-12,2025-12-19,,,
MEM-2025-00248,Informational,Notification: revised bank mandate signatories,All Staff,Kemi Oladele,Finance & Treasury,To inform staff regarding revised bank mandate signatories.,Financial,,For information,,Issued,,2025-12-15,2025-12-15,,,
MEM-2025-00253,Informational,Update on partner onboarding pipeline,All Staff,Kemi Oladele,Growth & Strategy,To inform staff regarding partner onboarding pipeline.,Partner,,For information,2025-12-22,Issued,,2025-12-15,2025-12-15,,,
MEM-2025-00553,Directive,Revised partner reporting submission calendar,All Staff,Adaeze Okonkwo,Lending Operations,"To notify all affected staff of the revised position on revised partner reporting submission calendar, and the date it takes effect.",Partner,,Compliance required,2026-01-14,Issued,,2025-12-15,2025-12-15,,,
MEM-2025-00578,Approval Request,Request for exception to procurement threshold,Managing Director,Ibrahim Bello,Procurement & Logistics,To seek executive approval for request for exception to procurement threshold.,Procurement,20400000.00,Approval required,2025-12-25,Approved,,2025-12-15,2025-12-29,,PR-2025-00319,BGT-2025-PRL-PFE
MEM-2025-00270,Approval Request,Request for approval: partner capacity workshop,Managing Director,Grace Ibekwe,Lending Operations,To seek executive approval for partner capacity workshop.,Partner,27230000.00,Approval required,2025-12-26,Approved,,2025-12-16,2026-01-08,PFI-29,,BGT-2025-LEN-CPX
MEM-2025-00338,Directive,Revised expense claim procedure,Heads of Department,Emeka Nwosu,Finance & Treasury,"To notify all affected staff of the revised position on revised expense claim procedure, and the date it takes effect.",Financial,,Compliance required,2025-12-26,Issued,,2025-12-16,2025-12-16,,,
MEM-2025-00333,Approval Request,Request for approval: regional office lease renewal,Managing Director,Grace Ibekwe,Procurement & Logistics,To seek executive approval for regional office lease renewal.,Administrative,26800000.00,Approval required,2025-12-27,Approved,,2025-12-17,2025-12-29,,,BGT-2025-PRL-CPX
MEM-2025-00408,Informational,Notification: revised office operating hours,All Staff,Mark Uche,Human Resources,To inform staff regarding revised office operating hours.,Administrative,,For information,2025-12-24,Issued,,2025-12-17,2025-12-17,,,
MEM-2025-00131,Approval Request,Approval of policy exception — single source award,Managing Director,Adaeze Okonkwo,Procurement & Logistics,To seek executive approval for policy exception — single source award.,Policy,,Approval required,,Approved,,2025-12-18,2025-12-29,,PR-2025-00702,
MEM-2025-00577,Informational,Update on regional office relocation,All Staff,Ibrahim Bello,Procurement & Logistics,To inform staff regarding regional office relocation.,Administrative,,For information,2025-12-25,Issued,,2025-12-18,2025-12-18,,,
MEM-2025-00306,Approval Request,Request for approval: external audit engagement,Managing Director,Kemi Oladele,Finance & Treasury,To seek executive approval for external audit engagement.,Financial,30680000.00,Approval required,,Approved,,2025-12-22,2026-01-05,,,
MEM-2025-00414,Approval Request,Approval of Q3 partner monitoring field visits,Managing Director,Kemi Oladele,Lending Operations,To seek executive approval for q3 partner monitoring field visits.,Operational,,Approval required,2026-01-01,Rejected,,2025-12-22,2026-01-02,,,
MEM-2025-00523,Informational,Board meeting outcomes summary,All Staff,Zainab Yakubu,Executive Admin,To inform staff regarding board meeting outcomes summary.,Administrative,,For information,,Issued,,2025-12-22,2025-12-22,,,
MEM-2025-00070,Informational,Update on data platform rollout,All Staff,Segun Ogunleye,IT & Infrastructure,To inform staff regarding data platform rollout.,Operational,,For information,2026-01-22,Issued,,2025-12-23,2025-12-23,,,
MEM-2025-00447,Informational,Update on regional office relocation,All Staff,Adaeze Okonkwo,Procurement & Logistics,To inform staff regarding regional office relocation.,Administrative,,For information,,Issued,,2025-12-23,2025-12-23,,,
MEM-2025-00008,Approval Request,Request for approval: regional office lease renewal,Managing Director,Comfort Akinwale,Procurement & Logistics,To seek executive approval for regional office lease renewal.,Administrative,34200000.00,Approval required,2026-01-08,Approved,,2025-12-25,2026-01-12,,,BGT-2025-PRL-PFE
MEM-2025-00097,Directive,Revised partner reporting submission calendar,Heads of Department,Adaeze Okonkwo,Lending Operations,"To notify all affected staff of the revised position on revised partner reporting submission calendar, and the date it takes effect.",Partner,,Compliance required,2026-01-24,Issued,,2025-12-25,2025-12-25,,,
MEM-2025-00435,Directive,Updated leave application procedure,All Staff,Mark Uche,Human Resources,"To notify all affected staff of the revised position on updated leave application procedure, and the date it takes effect.",HR,,Compliance required,2026-01-24,Issued,,2025-12-25,2025-12-25,,,
MEM-2025-00461,Directive,Updated information security access policy,All Staff,Halima Sani,IT & Infrastructure,"To notify all affected staff of the revised position on updated information security access policy, and the date it takes effect.",Policy,,Compliance required,2026-01-24,Issued,,2025-12-25,2025-12-25,,,
MEM-2025-00203,Directive,New whistleblowing reporting channel,All Staff,Peter Adeniyi,Executive Admin,"To notify all affected staff of the revised position on new whistleblowing reporting channel, and the date it takes effect.",Policy,,Compliance required,2026-01-09,Issued,,2025-12-26,2025-12-26,,,
MEM-2025-00234,Approval Request,Approval to suspend a partner institution,Managing Director,Tunde Balogun,Risk & Compliance,To seek executive approval for suspend a partner institution.,Partner,,Approval required,2026-01-05,Approved,,2025-12-26,2026-01-05,PFI-34,,
MEM-2025-00451,Informational,Notification: revised office operating hours,All Staff,Grace Ibekwe,Human Resources,To inform staff regarding revised office operating hours.,Administrative,,For information,2026-01-09,Issued,,2025-12-26,2025-12-26,,,
MEM-2025-00454,Informational,Notification: revised office operating hours,All Staff,Ngozi Chukwu,Human Resources,To inform staff regarding revised office operating hours.,Administrative,,For information,2026-01-02,Issued,,2025-12-26,2025-12-26,,,
MEM-2025-00103,Approval Request,Approval of annual insurance renewal,Managing Director,Kemi Oladele,Finance & Treasury,To seek executive approval for annual insurance renewal.,Financial,22990000.00,Approval required,2026-01-08,Approved,,2025-12-29,2026-01-06,,,
MEM-2025-00377,Directive,Revised delegation of authority thresholds,Heads of Department,Kemi Oladele,Finance & Treasury,"To notify all affected staff of the revised position on revised delegation of authority thresholds, and the date it takes effect.",Policy,,Compliance required,2026-01-19,Issued,,2025-12-29,2025-12-29,,,
MEM-2025-00486,Directive,Revised delegation for regional office spending,Heads of Department,Bashir Aliyu,Finance & Treasury,"To notify all affected staff of the revised position on revised delegation for regional office spending, and the date it takes effect.",Financial,,Compliance required,,Issued,,2025-12-29,2025-12-29,,,
MEM-2025-00515,Approval Request,Approval of secondment to supervising ministry,Managing Director,Grace Ibekwe,Human Resources,To seek executive approval for secondment to supervising ministry.,HR,,Approval required,2026-01-12,Approved,,2025-12-29,2026-01-19,,,
MEM-2025-00541,Directive,Revised delegation of authority thresholds,All Staff,Grace Ibekwe,Finance & Treasury,"To notify all affected staff of the revised position on revised delegation of authority thresholds, and the date it takes effect.",Policy,,Compliance required,,Issued,,2025-12-29,2025-12-29,,,
MEM-2025-00319,Informational,Notification: revised bank mandate signatories,All Staff,Kemi Oladele,Finance & Treasury,To inform staff regarding revised bank mandate signatories.,Financial,,For information,2026-01-13,Issued,,2025-12-30,2025-12-30,,,
MEM-2025-00539,Informational,Update on data platform rollout,All Staff,Zainab Yakubu,IT & Infrastructure,To inform staff regarding data platform rollout.,Operational,,For information,,Issued,,2025-12-30,2025-12-30,,,
MEM-2025-00170,Approval Request,Request for approval: external audit engagement,Managing Director,Adaeze Okonkwo,Finance & Treasury,To seek executive approval for external audit engagement.,Financial,27240000.00,Approval required,,Approved,,2025-12-31,2026-01-12,,,
MEM-2025-00272,Directive,Mandatory quarterly reconciliation of partner returns,All Staff,Funmi Adeyemi,Lending Operations,"To notify all affected staff of the revised position on mandatory quarterly reconciliation of partner returns, and the date it takes effect.",Operational,,Compliance required,2026-01-14,Issued,,2025-12-31,2025-12-31,,,
MEM-2026-00057,Directive,Revised delegation for regional office spending,Heads of Department,Peter Adeniyi,Finance & Treasury,"To notify all affected staff of the revised position on revised delegation for regional office spending, and the date it takes effect.",Financial,,Compliance required,2026-01-11,Issued,,2026-01-01,2026-01-01,,,
MEM-2026-00129,Approval Request,Approval to write off non-performing exposures,Managing Director,Segun Ogunleye,Risk & Compliance,To seek executive approval for write off non-performing exposures.,Financial,72670000.00,Approval required,2026-01-09,Approved,,2026-01-02,2026-01-20,,,BGT-2026-RSC-PFE
MEM-2026-00519,Approval Request,Request for approval: impact evaluation consultancy,Managing Director,Funmi Adeyemi,Growth & Strategy,To seek executive approval for impact evaluation consultancy.,Procurement,20340000.00,Approval required,2026-02-01,Approved,,2026-01-02,2026-01-20,,,
MEM-2026-00101,Informational,Notification: public holiday working arrangements,All Staff,Mark Uche,Human Resources,To inform staff regarding public holiday working arrangements.,Administrative,,For information,2026-02-04,Issued,,2026-01-05,2026-01-05,,,
MEM-2026-00102,Approval Request,Request for approval: data platform subscription,Managing Director,Emeka Nwosu,IT & Infrastructure,To seek executive approval for data platform subscription.,Procurement,17640000.00,Approval required,2026-01-15,Approved,,2026-01-05,2026-01-26,,PR-2025-00020,BGT-2026-ITI-PFE
MEM-2026-00143,Directive,Revised vendor compliance verification steps,Heads of Department,Mark Uche,Procurement & Logistics,"To notify all affected staff of the revised position on revised vendor compliance verification steps, and the date it takes effect.",Procurement,,Compliance required,,Issued,,2026-01-05,2026-01-05,,,
MEM-2026-00279,Approval Request,Approval to write off non-performing exposures,Managing Director,Comfort Akinwale,Risk & Compliance,To seek executive approval for write off non-performing exposures.,Financial,67050000.00,Approval required,2026-01-12,Approved,,2026-01-05,2026-01-13,,,BGT-2026-RSC-CPX
MEM-2026-00376,Directive,Revised partner reporting submission calendar,All Staff,Grace Ibekwe,Lending Operations,"To notify all affected staff of the revised position on revised partner reporting submission calendar, and the date it takes effect.",Partner,,Compliance required,,Issued,,2026-01-05,2026-01-05,,,
MEM-2026-00427,Approval Request,Approval to release retention on completed contract,Managing Director,Kemi Oladele,Finance & Treasury,To seek executive approval for release retention on completed contract.,Financial,8720000.00,Approval required,2026-01-12,Approved,,2026-01-05,2026-01-08,,,
MEM-2026-00596,Directive,Updated procurement documentation standards,All Staff,Ibrahim Bello,Procurement & Logistics,"To notify all affected staff of the revised position on updated procurement documentation standards, and the date it takes effect.",Procurement,,Compliance required,2026-02-04,Issued,,2026-01-05,2026-01-05,,,
MEM-2026-00010,Directive,Revised expense claim procedure,All Staff,Grace Ibekwe,Finance & Treasury,"To notify all affected staff of the revised position on revised expense claim procedure, and the date it takes effect.",Financial,,Compliance required,2026-02-05,Issued,,2026-01-06,2026-01-06,,,
MEM-2026-00293,Informational,Notification: public holiday working arrangements,All Staff,Adaeze Okonkwo,Human Resources,To inform staff regarding public holiday working arrangements.,Administrative,,For information,,Issued,,2026-01-06,2026-01-06,,,
MEM-2026-00310,Approval Request,Approval of staff promotion schedule,Managing Director,Grace Ibekwe,Human Resources,To seek executive approval for staff promotion schedule.,HR,,Approval required,,Approved,,2026-01-08,2026-01-20,,,
MEM-2026-00316,Directive,Revised delegation for regional office spending,All Staff,Kemi Oladele,Finance & Treasury,"To notify all affected staff of the revised position on revised delegation for regional office spending, and the date it takes effect.",Financial,,Compliance required,,Issued,,2026-01-08,2026-01-08,,,
MEM-2026-00245,Informational,Update on data platform rollout,All Staff,Adaeze Okonkwo,IT & Infrastructure,To inform staff regarding data platform rollout.,Operational,,For information,2026-01-19,Issued,,2026-01-09,2026-01-09,,,
MEM-2026-00300,Approval Request,Request for approval: server capacity expansion,Managing Director,Ibrahim Bello,IT & Infrastructure,To seek executive approval for server capacity expansion.,Procurement,32830000.00,Approval required,,Approved,,2026-01-09,2026-01-23,,PR-2025-00306,BGT-2026-ITI-CPX
MEM-2026-00147,Approval Request,Request for approval: server capacity expansion,Managing Director,Grace Ibekwe,IT & Infrastructure,To seek executive approval for server capacity expansion.,Procurement,47480000.00,Approval required,2026-01-19,Approved,,2026-01-12,2026-01-23,,PR-2025-00208,BGT-2026-ITI-OPX
MEM-2026-00239,Approval Request,Approval of staff promotion schedule,Managing Director,Grace Ibekwe,Human Resources,To seek executive approval for staff promotion schedule.,HR,,Approval required,2026-01-26,Approved,,2026-01-12,2026-01-15,,,
MEM-2026-00347,Approval Request,Approval to extend partner onboarding window,Managing Director,Adaeze Okonkwo,Lending Operations,To seek executive approval for extend partner onboarding window.,Partner,,Approval required,2026-02-11,Approved,,2026-01-12,2026-02-02,PFI-10,,
MEM-2026-00362,Informational,Board meeting outcomes summary,All Staff,Mark Uche,Executive Admin,To inform staff regarding board meeting outcomes summary.,Administrative,,For information,,Issued,,2026-01-12,2026-01-12,,,
MEM-2026-00552,Directive,Revised vendor compliance verification steps,Heads of Department,Aisha Lawal,Procurement & Logistics,"To notify all affected staff of the revised position on revised vendor compliance verification steps, and the date it takes effect.",Procurement,,Compliance required,2026-01-26,Issued,,2026-01-12,2026-01-12,,,
MEM-2026-00071,Informational,Board meeting outcomes summary,All Staff,Ibrahim Bello,Executive Admin,To inform staff regarding board meeting outcomes summary.,Administrative,,For information,,Issued,,2026-01-13,2026-01-13,,,
MEM-2026-00301,Approval Request,Approval to write off non-performing exposures,Managing Director,Chinedu Eze,Risk & Compliance,To seek executive approval for write off non-performing exposures.,Financial,55560000.00,Approval required,,Rejected,,2026-01-13,2026-01-15,,,BGT-2026-RSC-OPX
MEM-2026-00352,Directive,Updated procurement documentation standards,Heads of Department,Ibrahim Bello,Procurement & Logistics,"To notify all affected staff of the revised position on updated procurement documentation standards, and the date it takes effect.",Procurement,,Compliance required,2026-01-23,Issued,,2026-01-13,2026-01-13,,,
MEM-2026-00356,Informational,Notification: audit fieldwork commencement,All Staff,Comfort Akinwale,Risk & Compliance,To inform staff regarding audit fieldwork commencement.,Operational,,For information,2026-01-20,Issued,,2026-01-13,2026-01-13,,,
MEM-2026-00386,Approval Request,Request for approval: external audit engagement,Managing Director,Comfort Akinwale,Finance & Treasury,To seek executive approval for external audit engagement.,Financial,66330000.00,Approval required,2026-01-23,Approved,,2026-01-13,2026-01-26,,,
MEM-2026-00294,Directive,Revised delegation of authority thresholds,All Staff,Adaeze Okonkwo,Finance & Treasury,"To notify all affected staff of the revised position on revised delegation of authority thresholds, and the date it takes effect.",Policy,,Compliance required,,Issued,,2026-01-14,2026-01-14,,,
MEM-2026-00323,Directive,Revised partner reporting submission calendar,Heads of Department,Mark Uche,Lending Operations,"To notify all affected staff of the revised position on revised partner reporting submission calendar, and the date it takes effect.",Partner,,Compliance required,2026-02-04,Issued,,2026-01-14,2026-01-14,,,
MEM-2026-00450,Informational,Notification: revised office operating hours,All Staff,Grace Ibekwe,Human Resources,To inform staff regarding revised office operating hours.,Administrative,,For information,2026-02-13,Issued,,2026-01-14,2026-01-14,,,
MEM-2026-00546,Directive,Updated business continuity procedures,Heads of Department,Tunde Balogun,IT & Infrastructure,"To notify all affected staff of the revised position on updated business continuity procedures, and the date it takes effect.",Operational,,Compliance required,2026-02-04,Issued,,2026-01-14,2026-01-14,,,
MEM-2026-00401,Directive,Mandatory data protection refresher training,Heads of Department,Musa Garba,Risk & Compliance,"To notify all affected staff of the revised position on mandatory data protection refresher training, and the date it takes effect.",Policy,,Compliance required,2026-01-25,Issued,,2026-01-15,2026-01-15,,,
MEM-2026-00591,Informational,Update on partner onboarding pipeline,All Staff,Tunde Balogun,Growth & Strategy,To inform staff regarding partner onboarding pipeline.,Partner,,For information,2026-01-22,Issued,,2026-01-15,2026-01-15,,,
MEM-2026-00119,Approval Request,Approval of study leave application,Managing Director,Grace Ibekwe,Human Resources,To seek executive approval for study leave application.,HR,,Approval required,2026-02-15,Rejected,,2026-01-16,2026-01-27,,,
MEM-2026-00081,Approval Request,Request for approval: partner performance incentive,Managing Director,Grace Ibekwe,Lending Operations,To seek executive approval for partner performance incentive.,Partner,40280000.00,Approval required,2026-01-26,Rejected,,2026-01-19,2026-01-26,PFI-06,,BGT-2026-LEN-CCA
MEM-2026-00127,Approval Request,Request for approval: market research engagement,Managing Director,Funmi Adeyemi,Growth & Strategy,To seek executive approval for market research engagement.,Procurement,5110000.00,Approval required,2026-01-26,Approved,,2026-01-19,2026-01-26,,,
MEM-2026-00185,Approval Request,Approval of recruitment for vacant credit officer roles,Managing Director,Musa Garba,Human Resources,To seek executive approval for recruitment for vacant credit officer roles.,HR,,Approval required,,Approved,,2026-01-19,2026-01-30,,,
MEM-2026-00237,Approval Request,Request for approval: impact evaluation consultancy,Managing Director,Ngozi Chukwu,Growth & Strategy,To seek executive approval for impact evaluation consultancy.,Procurement,25930000.00,Approval required,2026-02-02,Approved,,2026-01-19,2026-01-28,,,
MEM-2026-00275,Approval Request,Approval of study leave application,Managing Director,Halima Sani,Human Resources,To seek executive approval for study leave application.,HR,,Approval required,,Approved,,2026-01-19,2026-02-09,,,
MEM-2026-00397,Approval Request,Approval of annual insurance renewal,Managing Director,Kemi Oladele,Finance & Treasury,To seek executive approval for annual insurance renewal.,Financial,14340000.00,Approval required,2026-01-29,Rejected,,2026-01-19,2026-01-22,,,
MEM-2026-00456,Informational,Board meeting outcomes summary,All Staff,Peter Adeniyi,Executive Admin,To inform staff regarding board meeting outcomes summary.,Administrative,,For information,2026-02-02,Issued,,2026-01-19,2026-01-19,,,
MEM-2026-00466,Informational,Quarterly portfolio performance briefing,All Staff,Adaeze Okonkwo,Lending Operations,To inform staff regarding quarterly portfolio performance briefing.,Operational,,For information,2026-01-26,Issued,,2026-01-19,2026-01-19,,,
MEM-2026-00496,Directive,Mandatory data protection refresher training,Heads of Department,Grace Ibekwe,Risk & Compliance,"To notify all affected staff of the revised position on mandatory data protection refresher training, and the date it takes effect.",Policy,,Compliance required,,Issued,,2026-01-19,2026-01-19,,,
MEM-2026-00535,Directive,Mandatory data protection refresher training,All Staff,Bashir Aliyu,Risk & Compliance,"To notify all affected staff of the revised position on mandatory data protection refresher training, and the date it takes effect.",Policy,,Compliance required,2026-01-26,Issued,,2026-01-19,2026-01-19,,,
MEM-2026-00598,Approval Request,Approval of secondment to supervising ministry,Managing Director,Grace Ibekwe,Human Resources,To seek executive approval for secondment to supervising ministry.,HR,,Approval required,,Approved,,2026-01-19,2026-01-28,,,
MEM-2026-00339,Approval Request,Request for approval: core banking licence renewal,Managing Director,Emeka Nwosu,IT & Infrastructure,To seek executive approval for core banking licence renewal.,Procurement,53480000.00,Approval required,,Rejected,,2026-01-20,2026-02-09,,PR-2025-00685,BGT-2026-ITI-OPX
MEM-2026-00593,Approval Request,Approval to write off non-performing exposures,Managing Director,Musa Garba,Risk & Compliance,To seek executive approval for write off non-performing exposures.,Financial,69770000.00,Approval required,2026-02-04,Rejected,,2026-01-21,2026-02-09,,,BGT-2026-RSC-OPX
MEM-2026-00029,Approval Request,Request for approval: core banking licence renewal,Managing Director,Musa Garba,IT & Infrastructure,To seek executive approval for core banking licence renewal.,Procurement,45340000.00,Approval required,,Rejected,,2026-01-22,2026-01-26,,PR-2025-00162,BGT-2026-ITI-PFE
MEM-2026-00379,Directive,Updated business continuity procedures,Heads of Department,Musa Garba,IT & Infrastructure,"To notify all affected staff of the revised position on updated business continuity procedures, and the date it takes effect.",Operational,,Compliance required,,Issued,,2026-01-22,2026-01-22,,,
MEM-2026-00146,Approval Request,Approval of annual insurance renewal,Managing Director,Peter Adeniyi,Finance & Treasury,To seek executive approval for annual insurance renewal.,Financial,21240000.00,Approval required,2026-02-22,Rejected,,2026-01-23,2026-02-02,,,
MEM-2026-00161,Informational,Notification: revised office operating hours,All Staff,Grace Ibekwe,Human Resources,To inform staff regarding revised office operating hours.,Administrative,,For information,2026-01-30,Issued,,2026-01-23,2026-01-23,,,
MEM-2026-00055,Approval Request,Approval of secondment to supervising ministry,Managing Director,Peter Adeniyi,Human Resources,To seek executive approval for secondment to supervising ministry.,HR,,Approval required,2026-02-16,Rejected,,2026-01-26,2026-02-12,,,
MEM-2026-00467,Approval Request,Request for approval: data platform subscription,Managing Director,Yusuf Danjuma,IT & Infrastructure,To seek executive approval for data platform subscription.,Procurement,19610000.00,Approval required,2026-02-02,Rejected,,2026-01-26,2026-02-10,,PR-2025-00099,BGT-2026-ITI-PFE
MEM-2026-00534,Informational,Notification: revised bank mandate signatories,All Staff,Kemi Oladele,Finance & Treasury,To inform staff regarding revised bank mandate signatories.,Financial,,For information,,Issued,,2026-01-26,2026-01-26,,,
MEM-2026-00014,Approval Request,Approval of legal retainer renewal,Managing Director,Ngozi Chukwu,Executive Admin,To seek executive approval for legal retainer renewal.,Administrative,9200000.00,Approval required,2026-02-06,Approved,,2026-01-27,2026-02-02,,,BGT-2026-EXA-CPX
MEM-2026-00313,Informational,Update on regional office relocation,All Staff,Funmi Adeyemi,Procurement & Logistics,To inform staff regarding regional office relocation.,Administrative,,For information,,Issued,,2026-01-27,2026-01-27,,,
MEM-2026-00044,Approval Request,Request for approval: external audit engagement,Managing Director,Funmi Adeyemi,Finance & Treasury,To seek executive approval for external audit engagement.,Financial,65310000.00,Approval required,2026-02-04,Approved,,2026-01-28,2026-02-09,,,
MEM-2026-00291,Approval Request,Request for approval: disbursement to new PFI cohort,Managing Director,Aisha Lawal,Lending Operations,To seek executive approval for disbursement to new PFI cohort.,Financial,172770000.00,Approval required,2026-02-28,Approved,,2026-01-29,2026-02-03,,,BGT-2026-LEN-CPX
MEM-2026-00105,Approval Request,Approval of Q3 partner monitoring field visits,Managing Director,Adaeze Okonkwo,Lending Operations,To seek executive approval for q3 partner monitoring field visits.,Operational,,Approval required,,Approved,,2026-01-30,2026-02-02,,,
MEM-2026-00583,Informational,Update on regional office relocation,All Staff,Kemi Oladele,Procurement & Logistics,To inform staff regarding regional office relocation.,Administrative,,For information,,Issued,,2026-01-30,2026-01-30,,,
MEM-2026-00478,Approval Request,Approval to extend partner onboarding window,Managing Director,Ngozi Chukwu,Lending Operations,To seek executive approval for extend partner onboarding window.,Partner,,Approval required,2026-03-04,Approved,,2026-02-02,2026-02-05,PFI-24,,
MEM-2026-00550,Approval Request,Approval of contract award — vehicle maintenance,Managing Director,Chinedu Eze,Procurement & Logistics,To seek executive approval for contract award — vehicle maintenance.,Procurement,8910000.00,Approval required,,Approved,,2026-02-02,2026-02-09,,PR-2025-00436,BGT-2026-PRL-CPX
MEM-2026-00250,Approval Request,Request for approval: external audit engagement,Managing Director,Kemi Oladele,Finance & Treasury,To seek executive approval for external audit engagement.,Financial,29430000.00,Approval required,,Approved,,2026-02-03,2026-02-16,,,
MEM-2026-00295,Approval Request,Request for approval: market research engagement,Managing Director,Kemi Oladele,Growth & Strategy,To seek executive approval for market research engagement.,Procurement,9360000.00,Approval required,,Approved,,2026-02-03,2026-02-09,,,
MEM-2026-00243,Informational,Notification: revised bank mandate signatories,All Staff,Peter Adeniyi,Finance & Treasury,To inform staff regarding revised bank mandate signatories.,Financial,,For information,,Issued,,2026-02-06,2026-02-06,,,
MEM-2026-00022,Informational,Update on supervising ministry engagement,All Staff,Ibrahim Bello,Executive Admin,To inform staff regarding supervising ministry engagement.,Administrative,,For information,2026-03-11,Issued,,2026-02-09,2026-02-09,,,
MEM-2026-00051,Approval Request,Approval of legal retainer renewal,Managing Director,Funmi Adeyemi,Executive Admin,To seek executive approval for legal retainer renewal.,Administrative,16160000.00,Approval required,,Approved,,2026-02-09,2026-02-23,,,BGT-2026-EXA-PFE
MEM-2026-00159,Informational,Quarterly portfolio performance briefing,All Staff,Aisha Lawal,Lending Operations,To inform staff regarding quarterly portfolio performance briefing.,Operational,,For information,2026-03-02,Issued,,2026-02-09,2026-02-09,,,
MEM-2026-00206,Directive,Revised delegation for regional office spending,All Staff,Kemi Oladele,Finance & Treasury,"To notify all affected staff of the revised position on revised delegation for regional office spending, and the date it takes effect.",Financial,,Compliance required,,Issued,,2026-02-09,2026-02-09,,,
MEM-2026-00240,Informational,Notification: public holiday working arrangements,All Staff,Grace Ibekwe,Human Resources,To inform staff regarding public holiday working arrangements.,Administrative,,For information,2026-03-11,Issued,,2026-02-09,2026-02-09,,,
MEM-2026-00457,Approval Request,Request for approval: server capacity expansion,Managing Director,Tunde Balogun,IT & Infrastructure,To seek executive approval for server capacity expansion.,Procurement,29500000.00,Approval required,2026-03-11,Approved,,2026-02-09,2026-03-02,,PR-2025-00463,BGT-2026-ITI-PFE
MEM-2026-00495,Informational,Update on partner onboarding pipeline,All Staff,Funmi Adeyemi,Growth & Strategy,To inform staff regarding partner onboarding pipeline.,Partner,,For information,2026-03-11,Issued,,2026-02-09,2026-02-09,,,
MEM-2026-00091,Approval Request,Request for approval: data platform subscription,Managing Director,Ngozi Chukwu,IT & Infrastructure,To seek executive approval for data platform subscription.,Procurement,30360000.00,Approval required,,Approved,,2026-02-10,2026-03-02,,PR-2025-00168,BGT-2026-ITI-OPX
MEM-2026-00343,Approval Request,Request for approval: data platform subscription,Managing Director,Funmi Adeyemi,IT & Infrastructure,To seek executive approval for data platform subscription.,Procurement,17370000.00,Approval required,2026-02-27,Rejected,,2026-02-13,2026-02-23,,PR-2025-00416,BGT-2026-ITI-PFE
MEM-2026-00072,Directive,Revised expense claim procedure,All Staff,Emeka Nwosu,Finance & Treasury,"To notify all affected staff of the revised position on revised expense claim procedure, and the date it takes effect.",Financial,,Compliance required,2026-03-02,Issued,,2026-02-16,2026-02-16,,,
MEM-2026-00331,Approval Request,Approval of revised per diem rates,Managing Director,Aisha Lawal,Finance & Treasury,To seek executive approval for revised per diem rates.,Policy,,Approval required,2026-03-09,Rejected,,2026-02-16,2026-03-09,,,
MEM-2026-00381,Directive,Updated business continuity procedures,All Staff,Zainab Yakubu,IT & Infrastructure,"To notify all affected staff of the revised position on updated business continuity procedures, and the date it takes effect.",Operational,,Compliance required,,Issued,,2026-02-16,2026-02-16,,,
MEM-2026-00474,Approval Request,Approval of Q3 partner monitoring field visits,Managing Director,Segun Ogunleye,Lending Operations,To seek executive approval for q3 partner monitoring field visits.,Operational,,Approval required,2026-03-02,Approved,,2026-02-16,2026-02-23,,,
MEM-2026-00547,Approval Request,Approval of recruitment for vacant credit officer roles,Managing Director,Mark Uche,Human Resources,To seek executive approval for recruitment for vacant credit officer roles.,HR,,Approval required,2026-03-10,Approved,,2026-02-17,2026-02-24,,,
MEM-2026-00510,Approval Request,Request for approval: disbursement to new PFI cohort,Managing Director,Adaeze Okonkwo,Lending Operations,To seek executive approval for disbursement to new PFI cohort.,Financial,134920000.00,Approval required,2026-03-04,Approved,,2026-02-18,2026-02-24,,,BGT-2026-LEN-PFE
MEM-2026-00315,Directive,Revised delegation of authority thresholds,All Staff,Kemi Oladele,Finance & Treasury,"To notify all affected staff of the revised position on revised delegation of authority thresholds, and the date it takes effect.",Policy,,Compliance required,,Issued,,2026-02-19,2026-02-19,,,
MEM-2026-00499,Approval Request,Approval of staff promotion schedule,Managing Director,Grace Ibekwe,Human Resources,To seek executive approval for staff promotion schedule.,HR,,Approval required,2026-03-05,Approved,,2026-02-19,2026-02-26,,,
MEM-2026-00220,Approval Request,Approval of annual insurance renewal,Managing Director,Kemi Oladele,Finance & Treasury,To seek executive approval for annual insurance renewal.,Financial,23860000.00,Approval required,2026-03-13,Approved,,2026-02-20,2026-02-25,,,
MEM-2026-00186,Directive,Revised delegation for regional office spending,All Staff,Chinedu Eze,Finance & Treasury,"To notify all affected staff of the revised position on revised delegation for regional office spending, and the date it takes effect.",Financial,,Compliance required,,Issued,,2026-02-23,2026-02-23,,,
MEM-2026-00423,Approval Request,Approval to release retention on completed contract,Managing Director,Tunde Balogun,Finance & Treasury,To seek executive approval for release retention on completed contract.,Financial,10120000.00,Approval required,2026-03-09,Rejected,,2026-02-23,2026-03-03,,,
MEM-2026-00472,Informational,Staff wellness programme announcement,All Staff,Tunde Balogun,Human Resources,To inform staff regarding staff wellness programme announcement.,HR,,For information,,Issued,,2026-02-23,2026-02-23,,,
MEM-2026-00526,Informational,Notification: audit fieldwork commencement,All Staff,Bashir Aliyu,Risk & Compliance,To inform staff regarding audit fieldwork commencement.,Operational,,For information,2026-03-02,Issued,,2026-02-23,2026-02-23,,,
MEM-2026-00028,Approval Request,Approval to suspend a partner institution,Managing Director,Yusuf Danjuma,Risk & Compliance,To seek executive approval for suspend a partner institution.,Partner,,Approval required,2026-03-06,Approved,,2026-02-24,2026-03-13,PFI-19,,
MEM-2026-00507,Approval Request,Approval of staff promotion schedule,Managing Director,Comfort Akinwale,Human Resources,To seek executive approval for staff promotion schedule.,HR,,Approval required,,Approved,,2026-02-24,2026-03-02,,,
MEM-2026-00136,Informational,Notification: revised office operating hours,All Staff,Grace Ibekwe,Human Resources,To inform staff regarding revised office operating hours.,Administrative,,For information,,Issued,,2026-02-25,2026-02-25,,,
MEM-2026-00095,Approval Request,Approval of contract award — vehicle maintenance,Managing Director,Blessing Ekanem,Procurement & Logistics,To seek executive approval for contract award — vehicle maintenance.,Procurement,10270000.00,Approval required,,Approved,,2026-02-26,2026-03-06,,PR-2025-00438,BGT-2026-PRL-CPX
MEM-2026-00151,Informational,Notification: scheduled system maintenance,All Staff,Grace Ibekwe,IT & Infrastructure,To inform staff regarding scheduled system maintenance.,Operational,,For information,2026-03-05,Issued,,2026-02-26,2026-02-26,,,
MEM-2026-00412,Directive,Updated procurement documentation standards,Heads of Department,Tunde Balogun,Procurement & Logistics,"To notify all affected staff of the revised position on updated procurement documentation standards, and the date it takes effect.",Procurement,,Compliance required,,Issued,,2026-02-27,2026-02-27,,,
MEM-2026-00469,Directive,Updated information security access policy,All Staff,Emeka Nwosu,IT & Infrastructure,"To notify all affected staff of the revised position on updated information security access policy, and the date it takes effect.",Policy,,Compliance required,2026-03-06,Issued,,2026-02-27,2026-02-27,,,
MEM-2026-00152,Informational,Notification: scheduled system maintenance,All Staff,Emeka Nwosu,IT & Infrastructure,To inform staff regarding scheduled system maintenance.,Operational,,For information,,Issued,,2026-03-02,2026-03-02,,,
MEM-2026-00222,Informational,Notification: public holiday working arrangements,All Staff,Segun Ogunleye,Human Resources,To inform staff regarding public holiday working arrangements.,Administrative,,For information,,Issued,,2026-03-02,2026-03-02,,,
MEM-2026-00360,Approval Request,Approval to write off non-performing exposures,Managing Director,Ngozi Chukwu,Risk & Compliance,To seek executive approval for write off non-performing exposures.,Financial,135620000.00,Approval required,2026-04-01,Approved,,2026-03-02,2026-03-10,,,BGT-2026-RSC-OPX
MEM-2026-00527,Approval Request,Request for approval: server capacity expansion,Managing Director,Ibrahim Bello,IT & Infrastructure,To seek executive approval for server capacity expansion.,Procurement,26210000.00,Approval required,2026-04-02,Approved,,2026-03-03,2026-03-13,,PR-2025-00062,BGT-2026-ITI-PFE
MEM-2026-00564,Approval Request,Approval of annual insurance renewal,Managing Director,Blessing Ekanem,Finance & Treasury,To seek executive approval for annual insurance renewal.,Financial,26110000.00,Approval required,2026-03-24,Rejected,,2026-03-03,2026-03-09,,,
MEM-2026-00027,Informational,Notification: scheduled system maintenance,All Staff,Emeka Nwosu,IT & Infrastructure,To inform staff regarding scheduled system maintenance.,Operational,,For information,,Issued,,2026-03-05,2026-03-05,,,
MEM-2026-00132,Approval Request,Approval of Q3 partner monitoring field visits,Managing Director,Aisha Lawal,Lending Operations,To seek executive approval for q3 partner monitoring field visits.,Operational,,Approval required,2026-04-04,Approved,,2026-03-05,2026-03-06,,,
MEM-2026-00595,Directive,Updated leave application procedure,Heads of Department,Grace Ibekwe,Human Resources,"To notify all affected staff of the revised position on updated leave application procedure, and the date it takes effect.",HR,,Compliance required,2026-03-15,Issued,,2026-03-05,2026-03-05,,,
MEM-2026-00063,Informational,Update on partner onboarding pipeline,All Staff,Comfort Akinwale,Growth & Strategy,To inform staff regarding partner onboarding pipeline.,Partner,,For information,,Issued,,2026-03-09,2026-03-09,,,
MEM-2026-00099,Directive,Revised delegation for regional office spending,All Staff,Kemi Oladele,Finance & Treasury,"To notify all affected staff of the revised position on revised delegation for regional office spending, and the date it takes effect.",Financial,,Compliance required,2026-03-19,Issued,,2026-03-09,2026-03-09,,,
MEM-2026-00169,Approval Request,Request for approval: regional office lease renewal,Managing Director,Ibrahim Bello,Procurement & Logistics,To seek executive approval for regional office lease renewal.,Administrative,16430000.00,Approval required,2026-03-16,Approved,,2026-03-09,2026-03-23,,,BGT-2026-PRL-OPX
MEM-2026-00179,Directive,Revised credit file retention requirements,All Staff,Emeka Nwosu,Risk & Compliance,"To notify all affected staff of the revised position on revised credit file retention requirements, and the date it takes effect.",Policy,,Compliance required,2026-03-30,Issued,,2026-03-09,2026-03-09,,,
MEM-2026-00189,Informational,Update on partner onboarding pipeline,All Staff,Funmi Adeyemi,Growth & Strategy,To inform staff regarding partner onboarding pipeline.,Partner,,For information,2026-03-19,Issued,,2026-03-09,2026-03-09,,,
MEM-2026-00261,Informational,Notification: public holiday working arrangements,All Staff,Peter Adeniyi,Human Resources,To inform staff regarding public holiday working arrangements.,Administrative,,For information,2026-03-30,Issued,,2026-03-09,2026-03-09,,,
MEM-2026-00303,Directive,Updated procurement documentation standards,Heads of Department,Zainab Yakubu,Procurement & Logistics,"To notify all affected staff of the revised position on updated procurement documentation standards, and the date it takes effect.",Procurement,,Compliance required,2026-03-30,Issued,,2026-03-09,2026-03-09,,,
MEM-2026-00366,Approval Request,Approval of revised credit assessment criteria,Managing Director,Kemi Oladele,Risk & Compliance,To seek executive approval for revised credit assessment criteria.,Policy,,Approval required,2026-03-16,Approved,,2026-03-09,2026-03-30,,,
MEM-2026-00387,Informational,Staff wellness programme announcement,All Staff,Bashir Aliyu,Human Resources,To inform staff regarding staff wellness programme announcement.,HR,,For information,2026-03-16,Issued,,2026-03-09,2026-03-09,,,
MEM-2026-00494,Approval Request,Request for approval: disaster recovery site,Managing Director,Emeka Nwosu,IT & Infrastructure,To seek executive approval for disaster recovery site.,Procurement,121150000.00,Approval required,2026-03-23,Approved,,2026-03-09,2026-03-25,,PR-2025-00517,BGT-2026-ITI-PFE
MEM-2026-00026,Directive,Updated procurement documentation standards,Heads of Department,Ibrahim Bello,Procurement & Logistics,"To notify all affected staff of the revised position on updated procurement documentation standards, and the date it takes effect.",Procurement,2860000.00,Compliance required,2026-04-09,Issued,,2026-03-10,2026-03-10,,,BGT-2026-PRL-CPX
MEM-2026-00342,Approval Request,Approval to extend partner onboarding window,Managing Director,Adaeze Okonkwo,Lending Operations,To seek executive approval for extend partner onboarding window.,Partner,,Approval required,2026-03-20,Approved,,2026-03-10,2026-03-26,PFI-31,,
MEM-2026-00569,Informational,Update on supervising ministry engagement,All Staff,Chinedu Eze,Executive Admin,To inform staff regarding supervising ministry engagement.,Administrative,,For information,2026-04-09,Issued,,2026-03-10,2026-03-10,,,
MEM-2026-00021,Informational,Update on regional office relocation,All Staff,Ibrahim Bello,Procurement & Logistics,To inform staff regarding regional office relocation.,Administrative,,For information,2026-03-25,Issued,,2026-03-11,2026-03-11,,,
MEM-2026-00312,Informational,Update on partner onboarding pipeline,All Staff,Tunde Balogun,Growth & Strategy,To inform staff regarding partner onboarding pipeline.,Partner,,For information,2026-03-18,Issued,,2026-03-11,2026-03-11,,,
MEM-2026-00463,Directive,Updated information security access policy,All Staff,Ibrahim Bello,IT & Infrastructure,"To notify all affected staff of the revised position on updated information security access policy, and the date it takes effect.",Policy,,Compliance required,2026-03-18,Issued,,2026-03-11,2026-03-11,,,
MEM-2026-00184,Directive,Updated leave application procedure,All Staff,Grace Ibekwe,Human Resources,"To notify all affected staff of the revised position on updated leave application procedure, and the date it takes effect.",HR,,Compliance required,2026-04-02,Issued,,2026-03-12,2026-03-12,,,
MEM-2026-00231,Informational,Notification: public holiday working arrangements,All Staff,Mark Uche,Human Resources,To inform staff regarding public holiday working arrangements.,Administrative,,For information,2026-03-19,Issued,,2026-03-12,2026-03-12,,,
MEM-2026-00419,Approval Request,Request for approval: market research engagement,Managing Director,Funmi Adeyemi,Growth & Strategy,To seek executive approval for market research engagement.,Procurement,12150000.00,Approval required,,Approved,,2026-03-12,2026-03-16,,,
MEM-2026-00190,Approval Request,Approval of revised credit assessment criteria,Managing Director,Ngozi Chukwu,Risk & Compliance,To seek executive approval for revised credit assessment criteria.,Policy,,Approval required,2026-03-27,Approved,,2026-03-13,2026-03-16,,,
MEM-2026-00262,Approval Request,Request for approval: disaster recovery site,Managing Director,Mark Uche,IT & Infrastructure,To seek executive approval for disaster recovery site.,Procurement,89130000.00,Approval required,2026-04-03,Approved,,2026-03-13,2026-03-23,,PR-2025-00020,BGT-2026-ITI-CPX
MEM-2026-00308,Approval Request,Approval to release retention on completed contract,Managing Director,Kemi Oladele,Finance & Treasury,To seek executive approval for release retention on completed contract.,Financial,10560000.00,Approval required,2026-04-12,Approved,,2026-03-13,2026-03-20,,,
MEM-2026-00388,Approval Request,Approval of annual insurance renewal,Managing Director,Kemi Oladele,Finance & Treasury,To seek executive approval for annual insurance renewal.,Financial,23860000.00,Approval required,,Approved,,2026-03-13,2026-04-01,,,
MEM-2026-00212,Approval Request,Request for approval: external audit engagement,Managing Director,Kemi Oladele,Finance & Treasury,To seek executive approval for external audit engagement.,Financial,56350000.00,Approval required,,Rejected,,2026-03-16,2026-03-20,,,
MEM-2026-00217,Approval Request,Approval of contract award — vehicle maintenance,Managing Director,Peter Adeniyi,Procurement & Logistics,To seek executive approval for contract award — vehicle maintenance.,Procurement,4000000.00,Approval required,2026-03-23,Approved,,2026-03-16,2026-03-20,,PR-2025-00800,BGT-2026-PRL-OPX
MEM-2026-00251,Informational,Update on regional office relocation,All Staff,Bashir Aliyu,Procurement & Logistics,To inform staff regarding regional office relocation.,Administrative,,For information,,Issued,,2026-03-16,2026-03-16,,,
MEM-2026-00326,Directive,Updated staff travel and per diem policy,All Staff,Zainab Yakubu,Human Resources,"To notify all affected staff of the revised position on updated staff travel and per diem policy, and the date it takes effect.",HR,,Compliance required,2026-03-26,Issued,,2026-03-16,2026-03-16,,,
MEM-2026-00090,Approval Request,Approval of contract award — vehicle maintenance,Managing Director,Ibrahim Bello,Procurement & Logistics,To seek executive approval for contract award — vehicle maintenance.,Procurement,8290000.00,Approval required,2026-03-24,Approved,,2026-03-17,2026-03-20,,PR-2026-00051,BGT-2026-PRL-PFE
MEM-2026-00444,Informational,Quarterly portfolio performance briefing,All Staff,Ngozi Chukwu,Lending Operations,To inform staff regarding quarterly portfolio performance briefing.,Operational,,For information,,Issued,,2026-03-18,2026-03-18,,,
MEM-2026-00214,Informational,Notification: audit fieldwork commencement,All Staff,Emeka Nwosu,Risk & Compliance,To inform staff regarding audit fieldwork commencement.,Operational,,For information,2026-04-19,Issued,,2026-03-20,2026-03-20,,,
MEM-2026-00431,Approval Request,Approval to write off non-performing exposures,Managing Director,Yusuf Danjuma,Risk & Compliance,To seek executive approval for write off non-performing exposures.,Financial,93220000.00,Approval required,2026-03-27,Rejected,,2026-03-20,2026-04-06,,,BGT-2026-RSC-PFE
MEM-2026-00509,Approval Request,Approval of legal retainer renewal,Managing Director,Peter Adeniyi,Executive Admin,To seek executive approval for legal retainer renewal.,Administrative,10740000.00,Approval required,,Approved,,2026-03-20,2026-03-27,,,BGT-2026-EXA-PFE
MEM-2026-00078,Informational,Notification: revised office operating hours,All Staff,Yusuf Danjuma,Human Resources,To inform staff regarding revised office operating hours.,Administrative,,For information,2026-04-02,Issued,,2026-03-23,2026-03-23,,,
MEM-2026-00096,Approval Request,Request for approval: market research engagement,Managing Director,Funmi Adeyemi,Growth & Strategy,To seek executive approval for market research engagement.,Procurement,8270000.00,Approval required,2026-04-22,Approved,,2026-03-23,2026-03-30,,,
MEM-2026-00199,Approval Request,Approval of Q3 partner monitoring field visits,Managing Director,Adaeze Okonkwo,Lending Operations,To seek executive approval for q3 partner monitoring field visits.,Operational,,Approval required,,Approved,,2026-03-23,2026-03-27,,,
MEM-2026-00317,Directive,Revised delegation of authority thresholds,All Staff,Tunde Balogun,Finance & Treasury,"To notify all affected staff of the revised position on revised delegation of authority thresholds, and the date it takes effect.",Policy,,Compliance required,2026-04-06,Issued,,2026-03-23,2026-03-23,,,
MEM-2026-00384,Informational,Notification: public holiday working arrangements,All Staff,Grace Ibekwe,Human Resources,To inform staff regarding public holiday working arrangements.,Administrative,,For information,,Issued,,2026-03-23,2026-03-23,,,
MEM-2026-00244,Informational,Notification: audit fieldwork commencement,All Staff,Bashir Aliyu,Risk & Compliance,To inform staff regarding audit fieldwork commencement.,Operational,,For information,2026-04-07,Issued,,2026-03-24,2026-03-24,,,
MEM-2026-00536,Approval Request,Request for approval: partner capacity workshop,Managing Director,Zainab Yakubu,Lending Operations,To seek executive approval for partner capacity workshop.,Partner,46590000.00,Approval required,,Rejected,,2026-03-24,2026-04-13,PFI-04,,BGT-2026-LEN-CCA
MEM-2026-00585,Approval Request,Request for approval: data platform subscription,Managing Director,Tunde Balogun,IT & Infrastructure,To seek executive approval for data platform subscription.,Procurement,24140000.00,Approval required,2026-04-03,Approved,,2026-03-24,2026-04-06,,PR-2026-00466,BGT-2026-ITI-CPX
MEM-2026-00157,Approval Request,Request for approval: regional office lease renewal,Managing Director,Ibrahim Bello,Procurement & Logistics,To seek executive approval for regional office lease renewal.,Administrative,17260000.00,Approval required,,Approved,,2026-03-25,2026-04-10,,,BGT-2026-PRL-PFE
MEM-2026-00216,Approval Request,Approval of contract award — vehicle maintenance,Managing Director,Yusuf Danjuma,Procurement & Logistics,To seek executive approval for contract award — vehicle maintenance.,Procurement,8710000.00,Approval required,2026-04-01,Approved,,2026-03-25,2026-03-30,,PR-2025-00510,BGT-2026-PRL-OPX
MEM-2026-00413,Approval Request,Request for approval: market research engagement,Managing Director,Funmi Adeyemi,Growth & Strategy,To seek executive approval for market research engagement.,Procurement,6080000.00,Approval required,2026-04-15,Approved,,2026-03-25,2026-03-30,,,
MEM-2026-00600,Informational,Notification: revised bank mandate signatories,All Staff,Funmi Adeyemi,Finance & Treasury,To inform staff regarding revised bank mandate signatories.,Financial,,For information,,Issued,,2026-03-25,2026-03-25,,,
MEM-2026-00030,Directive,Mandatory quarterly reconciliation of partner returns,Heads of Department,Bashir Aliyu,Lending Operations,"To notify all affected staff of the revised position on mandatory quarterly reconciliation of partner returns, and the date it takes effect.",Operational,,Compliance required,2026-04-09,Issued,,2026-03-26,2026-03-26,,,
MEM-2026-00211,Directive,Updated information security access policy,All Staff,Ngozi Chukwu,IT & Infrastructure,"To notify all affected staff of the revised position on updated information security access policy, and the date it takes effect.",Policy,,Compliance required,2026-04-05,Issued,,2026-03-26,2026-03-26,,,
MEM-2026-00276,Approval Request,Request for approval: partner performance incentive,Managing Director,Grace Ibekwe,Lending Operations,To seek executive approval for partner performance incentive.,Partner,32340000.00,Approval required,2026-04-05,Approved,,2026-03-26,2026-04-13,PFI-22,,BGT-2026-LEN-CPX
MEM-2026-00391,Informational,Notification: scheduled system maintenance,All Staff,Adaeze Okonkwo,IT & Infrastructure,To inform staff regarding scheduled system maintenance.,Operational,,For information,2026-04-16,Issued,,2026-03-26,2026-03-26,,,
MEM-2026-00394,Approval Request,Request for approval: regional office lease renewal,Managing Director,Aisha Lawal,Procurement & Logistics,To seek executive approval for regional office lease renewal.,Administrative,22620000.00,Approval required,,Rejected,,2026-03-26,2026-04-06,,,BGT-2026-PRL-OPX
MEM-2026-00565,Approval Request,Variation to facility management contract,Managing Director,Yusuf Danjuma,Procurement & Logistics,To seek executive approval for variation to facility management contract.,Procurement,18640000.00,Approval required,,Approved,,2026-03-26,2026-04-01,,PR-2025-00194,BGT-2026-PRL-CPX
MEM-2026-00111,Approval Request,Approval to write off non-performing exposures,Managing Director,Bashir Aliyu,Risk & Compliance,To seek executive approval for write off non-performing exposures.,Financial,116130000.00,Approval required,2026-04-10,Approved,,2026-03-27,2026-04-03,,,BGT-2026-RSC-CPX
MEM-2026-00582,Approval Request,Request for approval: quarterly board pack printing,Managing Director,Peter Adeniyi,Executive Admin,To seek executive approval for quarterly board pack printing.,Administrative,1540000.00,Approval required,,Approved,,2026-03-27,2026-03-31,,,BGT-2026-EXA-OPX
MEM-2026-00512,Informational,Notification: audit fieldwork commencement,All Staff,Mark Uche,Risk & Compliance,To inform staff regarding audit fieldwork commencement.,Operational,,For information,,Issued,,2026-03-30,2026-03-30,,,
MEM-2026-00597,Approval Request,Approval of contract award — vehicle maintenance,Managing Director,Ibrahim Bello,Procurement & Logistics,To seek executive approval for contract award — vehicle maintenance.,Procurement,4300000.00,Approval required,,Approved,,2026-03-30,2026-04-03,,PR-2025-00715,BGT-2026-PRL-OPX
MEM-2026-00016,Directive,Revised expense claim procedure,Heads of Department,Kemi Oladele,Finance & Treasury,"To notify all affected staff of the revised position on revised expense claim procedure, and the date it takes effect.",Financial,,Compliance required,2026-04-30,Issued,,2026-03-31,2026-03-31,,,
MEM-2026-00259,Directive,Updated information security access policy,All Staff,Funmi Adeyemi,IT & Infrastructure,"To notify all affected staff of the revised position on updated information security access policy, and the date it takes effect.",Policy,,Compliance required,2026-04-10,Issued,,2026-03-31,2026-03-31,,,
MEM-2026-00054,Approval Request,Request for approval: regional office lease renewal,Managing Director,Funmi Adeyemi,Procurement & Logistics,To seek executive approval for regional office lease renewal.,Administrative,27330000.00,Approval required,2026-04-22,Approved,,2026-04-01,2026-04-16,,,BGT-2026-PRL-OPX
MEM-2026-00155,Approval Request,Approval of revised credit assessment criteria,Managing Director,Ibrahim Bello,Risk & Compliance,To seek executive approval for revised credit assessment criteria.,Policy,,Approval required,2026-04-22,Approved,,2026-04-01,2026-04-16,,,
MEM-2026-00320,Directive,Revised partner reporting submission calendar,All Staff,Adaeze Okonkwo,Lending Operations,"To notify all affected staff of the revised position on revised partner reporting submission calendar, and the date it takes effect.",Partner,,Compliance required,,Issued,,2026-04-01,2026-04-01,,,
MEM-2026-00188,Approval Request,Approval of annual insurance renewal,Managing Director,Chinedu Eze,Finance & Treasury,To seek executive approval for annual insurance renewal.,Financial,17870000.00,Approval required,,Approved,,2026-04-02,2026-04-14,,,
MEM-2026-00479,Approval Request,Approval of policy exception — single source award,Managing Director,Mark Uche,Procurement & Logistics,To seek executive approval for policy exception — single source award.,Policy,,Approval required,2026-04-09,Approved,,2026-04-02,2026-04-24,,PR-2025-00052,
MEM-2026-00133,Approval Request,Approval of legal retainer renewal,Managing Director,Peter Adeniyi,Executive Admin,To seek executive approval for legal retainer renewal.,Administrative,13170000.00,Approval required,,Rejected,,2026-04-03,2026-04-09,,,BGT-2026-EXA-PFE
MEM-2026-00524,Directive,Revised expense claim procedure,All Staff,Kemi Oladele,Finance & Treasury,"To notify all affected staff of the revised position on revised expense claim procedure, and the date it takes effect.",Financial,,Compliance required,2026-04-13,Issued,,2026-04-03,2026-04-03,,,
MEM-2026-00039,Directive,New whistleblowing reporting channel,Heads of Department,Halima Sani,Executive Admin,"To notify all affected staff of the revised position on new whistleblowing reporting channel, and the date it takes effect.",Policy,,Compliance required,2026-04-16,Issued,,2026-04-06,2026-04-06,,,
MEM-2026-00123,Directive,Mandatory quarterly reconciliation of partner returns,Heads of Department,Adaeze Okonkwo,Lending Operations,"To notify all affected staff of the revised position on mandatory quarterly reconciliation of partner returns, and the date it takes effect.",Operational,,Compliance required,2026-04-27,Issued,,2026-04-06,2026-04-06,,,
MEM-2026-00134,Approval Request,Approval to extend partner onboarding window,Managing Director,Adaeze Okonkwo,Lending Operations,To seek executive approval for extend partner onboarding window.,Partner,,Approval required,,Approved,,2026-04-06,2026-04-13,PFI-05,,
MEM-2026-00283,Approval Request,Request for approval: core banking licence renewal,Managing Director,Comfort Akinwale,IT & Infrastructure,To seek executive approval for core banking licence renewal.,Procurement,97480000.00,Approval required,,Approved,,2026-04-06,2026-04-22,,PR-2025-00416,BGT-2026-ITI-PFE
MEM-2026-00516,Informational,Quarterly portfolio performance briefing,All Staff,Adaeze Okonkwo,Lending Operations,To inform staff regarding quarterly portfolio performance briefing.,Operational,,For information,2026-04-13,Issued,,2026-04-06,2026-04-06,,,
MEM-2026-00538,Informational,Update on data platform rollout,All Staff,Emeka Nwosu,IT & Infrastructure,To inform staff regarding data platform rollout.,Operational,,For information,,Issued,,2026-04-06,2026-04-06,,,
MEM-2026-00079,Approval Request,Request for approval: core banking licence renewal,Managing Director,Ngozi Chukwu,IT & Infrastructure,To seek executive approval for core banking licence renewal.,Procurement,35810000.00,Approval required,2026-04-21,Rejected,,2026-04-07,2026-04-28,,PR-2025-00210,BGT-2026-ITI-OPX
MEM-2026-00329,Approval Request,Request for approval: disbursement to new PFI cohort,Managing Director,Funmi Adeyemi,Lending Operations,To seek executive approval for disbursement to new PFI cohort.,Financial,158650000.00,Approval required,2026-04-28,Approved,,2026-04-07,2026-04-24,,,BGT-2026-LEN-CPX
MEM-2026-00224,Approval Request,Approval of study leave application,Managing Director,Grace Ibekwe,Human Resources,To seek executive approval for study leave application.,HR,,Approval required,,Rejected,,2026-04-08,2026-04-09,,,
MEM-2026-00372,Directive,Updated information security access policy,All Staff,Ibrahim Bello,IT & Infrastructure,"To notify all affected staff of the revised position on updated information security access policy, and the date it takes effect.",Policy,,Compliance required,2026-05-08,Issued,,2026-04-08,2026-04-08,,,
MEM-2026-00528,Approval Request,Approval of study leave application,Managing Director,Musa Garba,Human Resources,To seek executive approval for study leave application.,HR,,Approval required,2026-04-17,Approved,,2026-04-10,2026-04-13,,,
MEM-2026-00561,Approval Request,Request for approval: disaster recovery site,Managing Director,Emeka Nwosu,IT & Infrastructure,To seek executive approval for disaster recovery site.,Procurement,141210000.00,Approval required,2026-04-20,Approved,,2026-04-10,2026-04-27,,PR-2025-00551,BGT-2026-ITI-PFE
MEM-2026-00580,Directive,Updated staff travel and per diem policy,All Staff,Mark Uche,Human Resources,"To notify all affected staff of the revised position on updated staff travel and per diem policy, and the date it takes effect.",HR,,Compliance required,2026-04-17,Issued,,2026-04-10,2026-04-10,,,
MEM-2026-00047,Approval Request,Request for approval: disaster recovery site,Managing Director,Emeka Nwosu,IT & Infrastructure,To seek executive approval for disaster recovery site.,Procurement,56000000.00,Approval required,,Approved,,2026-04-13,2026-04-22,,PR-2026-00740,BGT-2026-ITI-OPX
MEM-2026-00193,Approval Request,Request for approval: disbursement to new PFI cohort,Managing Director,Adaeze Okonkwo,Lending Operations,To seek executive approval for disbursement to new PFI cohort.,Financial,142330000.00,Approval required,2026-05-13,Approved,,2026-04-13,2026-04-27,,,BGT-2026-LEN-PFE
MEM-2026-00201,Informational,Board meeting outcomes summary,All Staff,Peter Adeniyi,Executive Admin,To inform staff regarding board meeting outcomes summary.,Administrative,,For information,2026-04-20,Issued,,2026-04-13,2026-04-13,,,
MEM-2026-00204,Directive,Updated information security access policy,All Staff,Kemi Oladele,IT & Infrastructure,"To notify all affected staff of the revised position on updated information security access policy, and the date it takes effect.",Policy,,Compliance required,2026-04-20,Issued,,2026-04-13,2026-04-13,,,
MEM-2026-00429,Informational,Notification: public holiday working arrangements,All Staff,Chinedu Eze,Human Resources,To inform staff regarding public holiday working arrangements.,Administrative,,For information,2026-04-29,Issued,,2026-04-15,2026-04-15,,,
MEM-2026-00476,Directive,Updated leave application procedure,All Staff,Grace Ibekwe,Human Resources,"To notify all affected staff of the revised position on updated leave application procedure, and the date it takes effect.",HR,,Compliance required,2026-05-15,Issued,,2026-04-15,2026-04-15,,,
MEM-2026-00034,Directive,Mandatory quarterly reconciliation of partner returns,All Staff,Ibrahim Bello,Lending Operations,"To notify all affected staff of the revised position on mandatory quarterly reconciliation of partner returns, and the date it takes effect.",Operational,,Compliance required,2026-04-30,Issued,,2026-04-16,2026-04-16,,,
MEM-2026-00426,Approval Request,Request for approval: regional outreach programme,Managing Director,Comfort Akinwale,Growth & Strategy,To seek executive approval for regional outreach programme.,Operational,25880000.00,Approval required,2026-05-07,Approved,,2026-04-16,2026-05-04,,,
MEM-2026-00065,Approval Request,Variation to facility management contract,Managing Director,Segun Ogunleye,Procurement & Logistics,To seek executive approval for variation to facility management contract.,Procurement,14500000.00,Approval required,2026-04-27,Approved,,2026-04-17,2026-04-20,,PR-2025-00653,BGT-2026-PRL-CPX
MEM-2026-00307,Directive,Updated staff travel and per diem policy,All Staff,Grace Ibekwe,Human Resources,"To notify all affected staff of the revised position on updated staff travel and per diem policy, and the date it takes effect.",HR,4420000.00,Compliance required,2026-04-24,Issued,,2026-04-17,2026-04-17,,,
MEM-2026-00075,Directive,Revised vendor compliance verification steps,Heads of Department,Ibrahim Bello,Procurement & Logistics,"To notify all affected staff of the revised position on revised vendor compliance verification steps, and the date it takes effect.",Procurement,,Compliance required,,Issued,,2026-04-20,2026-04-20,,,
MEM-2026-00126,Informational,Staff wellness programme announcement,All Staff,Grace Ibekwe,Human Resources,To inform staff regarding staff wellness programme announcement.,HR,,For information,2026-05-11,Issued,,2026-04-20,2026-04-20,,,
MEM-2026-00314,Approval Request,Approval of Q3 partner monitoring field visits,Managing Director,Blessing Ekanem,Lending Operations,To seek executive approval for q3 partner monitoring field visits.,Operational,,Approval required,2026-05-04,Approved,,2026-04-20,2026-05-01,,,
MEM-2026-00322,Directive,Mandatory quarterly reconciliation of partner returns,Heads of Department,Kemi Oladele,Lending Operations,"To notify all affected staff of the revised position on mandatory quarterly reconciliation of partner returns, and the date it takes effect.",Operational,,Compliance required,2026-04-27,Issued,,2026-04-20,2026-04-20,,,
MEM-2026-00581,Approval Request,Request for approval: market research engagement,Managing Director,Funmi Adeyemi,Growth & Strategy,To seek executive approval for market research engagement.,Procurement,12260000.00,Approval required,2026-05-20,Rejected,,2026-04-20,2026-04-22,,,
MEM-2026-00332,Informational,Update on regional office relocation,All Staff,Kemi Oladele,Procurement & Logistics,To inform staff regarding regional office relocation.,Administrative,,For information,,Issued,,2026-04-21,2026-04-21,,,
MEM-2026-00228,Approval Request,Request for approval: server capacity expansion,Managing Director,Emeka Nwosu,IT & Infrastructure,To seek executive approval for server capacity expansion.,Procurement,39600000.00,Approval required,2026-05-13,Approved,,2026-04-22,2026-05-11,,PR-2025-00013,BGT-2026-ITI-OPX
MEM-2026-00082,Approval Request,Approval of policy exception — single source award,Managing Director,Ibrahim Bello,Procurement & Logistics,To seek executive approval for policy exception — single source award.,Policy,,Approval required,,Approved,,2026-04-23,2026-04-30,,PR-2025-00702,
MEM-2026-00128,Approval Request,Approval of annual insurance renewal,Managing Director,Peter Adeniyi,Finance & Treasury,To seek executive approval for annual insurance renewal.,Financial,25170000.00,Approval required,2026-04-30,Approved,,2026-04-23,2026-05-11,,,
MEM-2026-00273,Directive,Updated leave application procedure,All Staff,Kemi Oladele,Human Resources,"To notify all affected staff of the revised position on updated leave application procedure, and the date it takes effect.",HR,,Compliance required,,Issued,,2026-04-23,2026-04-23,,,
MEM-2026-00106,Directive,New whistleblowing reporting channel,Heads of Department,Peter Adeniyi,Executive Admin,"To notify all affected staff of the revised position on new whistleblowing reporting channel, and the date it takes effect.",Policy,,Compliance required,2026-05-24,Issued,,2026-04-24,2026-04-24,,,
MEM-2026-00340,Informational,Notification: public holiday working arrangements,All Staff,Mark Uche,Human Resources,To inform staff regarding public holiday working arrangements.,Administrative,,For information,2026-05-01,Issued,,2026-04-24,2026-04-24,,,
MEM-2026-00038,Informational,Notification: revised office operating hours,All Staff,Grace Ibekwe,Human Resources,To inform staff regarding revised office operating hours.,Administrative,,For information,,Issued,,2026-04-27,2026-04-27,,,
MEM-2026-00353,Approval Request,Approval of Q3 partner monitoring field visits,Managing Director,Zainab Yakubu,Lending Operations,To seek executive approval for q3 partner monitoring field visits.,Operational,,Approval required,2026-05-18,Rejected,,2026-04-27,2026-04-30,,,
MEM-2026-00361,Informational,Notification: audit fieldwork commencement,All Staff,Bashir Aliyu,Risk & Compliance,To inform staff regarding audit fieldwork commencement.,Operational,,For information,2026-05-04,Issued,,2026-04-27,2026-04-27,,,
MEM-2026-00543,Approval Request,Request for exception to procurement threshold,Managing Director,Ibrahim Bello,Procurement & Logistics,To seek executive approval for request for exception to procurement threshold.,Procurement,25070000.00,Approval required,2026-05-04,Approved,,2026-04-27,2026-05-11,,PR-2026-00202,BGT-2026-PRL-PFE
MEM-2026-00556,Directive,Revised delegation for regional office spending,All Staff,Halima Sani,Finance & Treasury,"To notify all affected staff of the revised position on revised delegation for regional office spending, and the date it takes effect.",Financial,,Compliance required,2026-05-11,Issued,,2026-04-27,2026-04-27,,,
MEM-2026-00562,Approval Request,Request for approval: disbursement to new PFI cohort,Managing Director,Emeka Nwosu,Lending Operations,To seek executive approval for disbursement to new PFI cohort.,Financial,233050000.00,Approval required,,Approved,,2026-04-28,2026-05-11,,,BGT-2026-LEN-PFE
MEM-2026-00573,Informational,Quarterly portfolio performance briefing,All Staff,Musa Garba,Lending Operations,To inform staff regarding quarterly portfolio performance briefing.,Operational,,For information,2026-05-29,Issued,,2026-04-29,2026-04-29,,,
MEM-2026-00121,Informational,Notification: revised office operating hours,All Staff,Grace Ibekwe,Human Resources,To inform staff regarding revised office operating hours.,Administrative,,For information,,Issued,,2026-04-30,2026-04-30,,,
MEM-2026-00493,Directive,Revised expense claim procedure,All Staff,Yusuf Danjuma,Finance & Treasury,"To notify all affected staff of the revised position on revised expense claim procedure, and the date it takes effect.",Financial,5120000.00,Compliance required,,Issued,,2026-04-30,2026-04-30,,,
MEM-2026-00043,Informational,Notification: public holiday working arrangements,All Staff,Yusuf Danjuma,Human Resources,To inform staff regarding public holiday working arrangements.,Administrative,,For information,2026-06-03,Issued,,2026-05-04,2026-05-04,,,
MEM-2026-00232,Approval Request,Approval of Q3 partner monitoring field visits,Managing Director,Adaeze Okonkwo,Lending Operations,To seek executive approval for q3 partner monitoring field visits.,Operational,,Approval required,2026-05-11,Approved,,2026-05-04,2026-05-12,,,
MEM-2026-00567,Approval Request,Request for approval: regional outreach programme,Managing Director,Chinedu Eze,Growth & Strategy,To seek executive approval for regional outreach programme.,Operational,59470000.00,Approval required,2026-05-14,Approved,,2026-05-04,2026-05-19,,,
MEM-2026-00110,Approval Request,Request for approval: regional outreach programme,Managing Director,Mark Uche,Growth & Strategy,To seek executive approval for regional outreach programme.,Operational,56770000.00,Approval required,,Rejected,,2026-05-05,2026-05-14,,,
MEM-2026-00318,Directive,Mandatory data protection refresher training,All Staff,Grace Ibekwe,Risk & Compliance,"To notify all affected staff of the revised position on mandatory data protection refresher training, and the date it takes effect.",Policy,,Compliance required,2026-05-12,Issued,,2026-05-05,2026-05-05,,,
MEM-2026-00265,Informational,Update on partner onboarding pipeline,All Staff,Kemi Oladele,Growth & Strategy,To inform staff regarding partner onboarding pipeline.,Partner,,For information,2026-05-27,Issued,,2026-05-06,2026-05-06,,,
MEM-2026-00036,Directive,Revised delegation of authority thresholds,Heads of Department,Kemi Oladele,Finance & Treasury,"To notify all affected staff of the revised position on revised delegation of authority thresholds, and the date it takes effect.",Policy,,Compliance required,2026-05-29,Issued,,2026-05-08,2026-05-08,,,
MEM-2026-00196,Approval Request,Request for approval: regional office lease renewal,Managing Director,Mark Uche,Procurement & Logistics,To seek executive approval for regional office lease renewal.,Administrative,31220000.00,Approval required,2026-05-25,Approved,,2026-05-11,2026-05-28,,,BGT-2026-PRL-PFE
MEM-2026-00368,Informational,Notification: revised bank mandate signatories,All Staff,Ibrahim Bello,Finance & Treasury,To inform staff regarding revised bank mandate signatories.,Financial,,For information,2026-06-10,Issued,,2026-05-11,2026-05-11,,,
MEM-2026-00416,Approval Request,Approval of recruitment for vacant credit officer roles,Managing Director,Grace Ibekwe,Human Resources,To seek executive approval for recruitment for vacant credit officer roles.,HR,,Approval required,,Approved,,2026-05-11,2026-06-01,,,
MEM-2026-00437,Directive,Mandatory quarterly reconciliation of partner returns,Heads of Department,Adaeze Okonkwo,Lending Operations,"To notify all affected staff of the revised position on mandatory quarterly reconciliation of partner returns, and the date it takes effect.",Operational,,Compliance required,2026-05-18,Issued,,2026-05-11,2026-05-11,,,
MEM-2026-00470,Approval Request,Approval of secondment to supervising ministry,Managing Director,Grace Ibekwe,Human Resources,To seek executive approval for secondment to supervising ministry.,HR,,Approval required,2026-05-21,Approved,,2026-05-11,2026-05-13,,,
MEM-2026-00529,Approval Request,Approval of staff promotion schedule,Managing Director,Kemi Oladele,Human Resources,To seek executive approval for staff promotion schedule.,HR,,Approval required,,Approved,,2026-05-11,2026-05-19,,,
MEM-2026-00305,Informational,Update on supervising ministry engagement,All Staff,Peter Adeniyi,Executive Admin,To inform staff regarding supervising ministry engagement.,Administrative,,For information,,Issued,,2026-05-12,2026-05-12,,,
MEM-2026-00555,Directive,Revised delegation for regional office spending,Heads of Department,Kemi Oladele,Finance & Treasury,"To notify all affected staff of the revised position on revised delegation for regional office spending, and the date it takes effect.",Financial,,Compliance required,2026-05-19,Issued,,2026-05-12,2026-05-12,,,
MEM-2026-00001,Approval Request,Request for approval: market research engagement,Managing Director,Funmi Adeyemi,Growth & Strategy,To seek executive approval for market research engagement.,Procurement,5330000.00,Approval required,2026-06-03,Approved,,2026-05-13,2026-05-18,,,
MEM-2026-00073,Approval Request,Approval of annual insurance renewal,Managing Director,Halima Sani,Finance & Treasury,To seek executive approval for annual insurance renewal.,Financial,21760000.00,Approval required,2026-05-27,Approved,,2026-05-13,2026-06-01,,,
MEM-2026-00579,Approval Request,Approval of study leave application,Managing Director,Ibrahim Bello,Human Resources,To seek executive approval for study leave application.,HR,,Approval required,2026-06-03,Approved,,2026-05-13,2026-06-01,,,
MEM-2026-00019,Approval Request,Request for approval: market research engagement,Managing Director,Mark Uche,Growth & Strategy,To seek executive approval for market research engagement.,Procurement,5750000.00,Approval required,2026-05-24,Approved,,2026-05-14,2026-05-18,,,
MEM-2026-00086,Approval Request,Approval of staff promotion schedule,Managing Director,Grace Ibekwe,Human Resources,To seek executive approval for staff promotion schedule.,HR,,Approval required,2026-05-25,Approved,,2026-05-18,2026-05-25,,,
MEM-2026-00229,Approval Request,Approval of secondment to supervising ministry,Managing Director,Grace Ibekwe,Human Resources,To seek executive approval for secondment to supervising ministry.,HR,,Approval required,2026-06-17,Approved,,2026-05-18,2026-06-01,,,
MEM-2026-00348,Approval Request,Approval of Q3 partner monitoring field visits,Managing Director,Musa Garba,Lending Operations,To seek executive approval for q3 partner monitoring field visits.,Operational,,Approval required,2026-05-28,Approved,,2026-05-18,2026-05-25,,,
MEM-2026-00299,Directive,Updated information security access policy,Heads of Department,Emeka Nwosu,IT & Infrastructure,"To notify all affected staff of the revised position on updated information security access policy, and the date it takes effect.",Policy,,Compliance required,2026-06-19,Issued,,2026-05-20,2026-05-20,,,
MEM-2026-00497,Directive,New whistleblowing reporting channel,Heads of Department,Zainab Yakubu,Executive Admin,"To notify all affected staff of the revised position on new whistleblowing reporting channel, and the date it takes effect.",Policy,,Compliance required,2026-06-10,Issued,,2026-05-20,2026-05-20,,,
MEM-2026-00572,Approval Request,Variation to facility management contract,Managing Director,Aisha Lawal,Procurement & Logistics,To seek executive approval for variation to facility management contract.,Procurement,11720000.00,Approval required,2026-06-03,Approved,,2026-05-20,2026-05-25,,PR-2025-00510,BGT-2026-PRL-CPX
MEM-2026-00062,Directive,Revised expense claim procedure,All Staff,Yusuf Danjuma,Finance & Treasury,"To notify all affected staff of the revised position on revised expense claim procedure, and the date it takes effect.",Financial,,Compliance required,,Issued,,2026-05-22,2026-05-22,,,
MEM-2026-00589,Approval Request,Approval of annual insurance renewal,Managing Director,Peter Adeniyi,Finance & Treasury,To seek executive approval for annual insurance renewal.,Financial,14120000.00,Approval required,,Approved,,2026-05-22,2026-05-29,,,
MEM-2026-00183,Directive,Updated leave application procedure,Heads of Department,Tunde Balogun,Human Resources,"To notify all affected staff of the revised position on updated leave application procedure, and the date it takes effect.",HR,,Compliance required,,Issued,,2026-05-25,2026-05-25,,,
MEM-2026-00363,Approval Request,Request for approval: external audit engagement,Managing Director,Musa Garba,Finance & Treasury,To seek executive approval for external audit engagement.,Financial,36750000.00,Approval required,2026-06-04,Rejected,,2026-05-25,2026-06-02,,,
MEM-2026-00378,Directive,Updated information security access policy,All Staff,Aisha Lawal,IT & Infrastructure,"To notify all affected staff of the revised position on updated information security access policy, and the date it takes effect.",Policy,,Compliance required,2026-06-15,Issued,,2026-05-25,2026-05-25,,,
MEM-2026-00424,Directive,Revised vendor compliance verification steps,All Staff,Ibrahim Bello,Procurement & Logistics,"To notify all affected staff of the revised position on revised vendor compliance verification steps, and the date it takes effect.",Procurement,,Compliance required,,Issued,,2026-05-25,2026-05-25,,,
MEM-2026-00443,Approval Request,Request for approval: market research engagement,Managing Director,Funmi Adeyemi,Growth & Strategy,To seek executive approval for market research engagement.,Procurement,7860000.00,Approval required,2026-06-04,Approved,,2026-05-25,2026-05-27,,,
MEM-2026-00587,Approval Request,Request for approval: partner capacity workshop,Managing Director,Ngozi Chukwu,Lending Operations,To seek executive approval for partner capacity workshop.,Partner,51630000.00,Approval required,,Approved,,2026-05-25,2026-06-04,PFI-24,,BGT-2026-LEN-OPX
MEM-2026-00357,Approval Request,Approval of recruitment for vacant credit officer roles,Managing Director,Funmi Adeyemi,Human Resources,To seek executive approval for recruitment for vacant credit officer roles.,HR,,Approval required,,Approved,,2026-05-27,2026-06-08,,,
MEM-2026-00148,Approval Request,Request for approval: external audit engagement,Managing Director,Kemi Oladele,Finance & Treasury,To seek executive approval for external audit engagement.,Financial,36990000.00,Approval required,,Approved,,2026-05-28,2026-06-08,,,
MEM-2026-00396,Directive,Revised credit file retention requirements,Heads of Department,Bashir Aliyu,Risk & Compliance,"To notify all affected staff of the revised position on revised credit file retention requirements, and the date it takes effect.",Policy,,Compliance required,2026-06-04,Issued,,2026-05-28,2026-05-28,,,
MEM-2026-00149,Informational,Update on regional office relocation,All Staff,Musa Garba,Procurement & Logistics,To inform staff regarding regional office relocation.,Administrative,,For information,2026-06-19,Issued,,2026-05-29,2026-05-29,,,
MEM-2026-00180,Approval Request,Request for approval: impact evaluation consultancy,Managing Director,Funmi Adeyemi,Growth & Strategy,To seek executive approval for impact evaluation consultancy.,Procurement,33910000.00,Approval required,2026-06-19,Approved,,2026-05-29,2026-06-08,,,
MEM-2026-00385,Informational,Notification: scheduled system maintenance,All Staff,Chinedu Eze,IT & Infrastructure,To inform staff regarding scheduled system maintenance.,Operational,,For information,2026-06-12,Issued,,2026-05-29,2026-05-29,,,
MEM-2026-00551,Approval Request,Approval of Q3 partner monitoring field visits,Managing Director,Ibrahim Bello,Lending Operations,To seek executive approval for q3 partner monitoring field visits.,Operational,,Approval required,2026-06-05,Approved,,2026-05-29,2026-06-12,,,
MEM-2026-00118,Informational,Update on supervising ministry engagement,All Staff,Aisha Lawal,Executive Admin,To inform staff regarding supervising ministry engagement.,Administrative,,For information,,Issued,,2026-06-02,2026-06-02,,,
MEM-2026-00390,Directive,Updated staff travel and per diem policy,Heads of Department,Grace Ibekwe,Human Resources,"To notify all affected staff of the revised position on updated staff travel and per diem policy, and the date it takes effect.",HR,,Compliance required,2026-06-12,Issued,,2026-06-02,2026-06-02,,,
MEM-2026-00438,Informational,Notification: public holiday working arrangements,All Staff,Mark Uche,Human Resources,To inform staff regarding public holiday working arrangements.,Administrative,,For information,,Issued,,2026-06-02,2026-06-02,,,
MEM-2026-00501,Approval Request,Approval to write off non-performing exposures,Managing Director,Bashir Aliyu,Risk & Compliance,To seek executive approval for write off non-performing exposures.,Financial,52010000.00,Approval required,,Approved,,2026-06-02,2026-06-08,,,BGT-2026-RSC-CPX
MEM-2026-00100,Informational,Update on data platform rollout,All Staff,Chinedu Eze,IT & Infrastructure,To inform staff regarding data platform rollout.,Operational,,For information,,Issued,,2026-06-04,2026-06-04,,,
MEM-2026-00145,Informational,Notification: audit fieldwork commencement,All Staff,Bashir Aliyu,Risk & Compliance,To inform staff regarding audit fieldwork commencement.,Operational,,For information,,Issued,,2026-06-04,2026-06-04,,,
MEM-2026-00400,Approval Request,Approval to write off non-performing exposures,Managing Director,Bashir Aliyu,Risk & Compliance,To seek executive approval for write off non-performing exposures.,Financial,137360000.00,Approval required,,Approved,,2026-06-04,2026-06-22,,,BGT-2026-RSC-CPX
MEM-2026-00471,Informational,Staff wellness programme announcement,All Staff,Grace Ibekwe,Human Resources,To inform staff regarding staff wellness programme announcement.,HR,,For information,2026-07-04,Issued,,2026-06-04,2026-06-04,,,
MEM-2026-00445,Directive,Revised delegation of authority thresholds,Heads of Department,Kemi Oladele,Finance & Treasury,"To notify all affected staff of the revised position on revised delegation of authority thresholds, and the date it takes effect.",Policy,,Compliance required,,Issued,,2026-06-05,2026-06-05,,,
MEM-2026-00238,Approval Request,Request for approval: regional outreach programme,Managing Director,Funmi Adeyemi,Growth & Strategy,To seek executive approval for regional outreach programme.,Operational,36370000.00,Approval required,2026-06-29,Approved,,2026-06-08,2026-06-22,,,
MEM-2026-00264,Approval Request,Request for approval: server capacity expansion,Managing Director,Emeka Nwosu,IT & Infrastructure,To seek executive approval for server capacity expansion.,Procurement,19830000.00,Approval required,,Approved,,2026-06-08,2026-06-18,,PR-2026-00464,BGT-2026-ITI-OPX
MEM-2026-00410,Approval Request,Request for approval: partner performance incentive,Managing Director,Blessing Ekanem,Lending Operations,To seek executive approval for partner performance incentive.,Partner,37770000.00,Approval required,,Approved,,2026-06-08,2026-06-25,PFI-15,,BGT-2026-LEN-PFE
MEM-2026-00521,Informational,Board meeting outcomes summary,All Staff,Zainab Yakubu,Executive Admin,To inform staff regarding board meeting outcomes summary.,Administrative,,For information,2026-07-08,Issued,,2026-06-08,2026-06-08,,,
MEM-2026-00571,Approval Request,Approval of policy exception — single source award,Managing Director,Ibrahim Bello,Procurement & Logistics,To seek executive approval for policy exception — single source award.,Policy,,Approval required,2026-06-22,Rejected,,2026-06-08,2026-06-16,,PR-2025-00336,
MEM-2026-00575,Directive,Revised expense claim procedure,All Staff,Grace Ibekwe,Finance & Treasury,"To notify all affected staff of the revised position on revised expense claim procedure, and the date it takes effect.",Financial,,Compliance required,2026-06-18,Issued,,2026-06-08,2026-06-08,,,
MEM-2026-00592,Directive,Revised delegation of authority thresholds,All Staff,Funmi Adeyemi,Finance & Treasury,"To notify all affected staff of the revised position on revised delegation of authority thresholds, and the date it takes effect.",Policy,,Compliance required,2026-06-15,Issued,,2026-06-08,2026-06-08,,,
MEM-2026-00120,Directive,Updated business continuity procedures,Heads of Department,Blessing Ekanem,IT & Infrastructure,"To notify all affected staff of the revised position on updated business continuity procedures, and the date it takes effect.",Operational,,Compliance required,2026-06-23,Issued,,2026-06-09,2026-06-09,,,
MEM-2026-00359,Informational,Update on regional office relocation,All Staff,Ibrahim Bello,Procurement & Logistics,To inform staff regarding regional office relocation.,Administrative,,For information,,Issued,,2026-06-09,2026-06-09,,,
MEM-2026-00255,Directive,Mandatory data protection refresher training,Heads of Department,Bashir Aliyu,Risk & Compliance,"To notify all affected staff of the revised position on mandatory data protection refresher training, and the date it takes effect.",Policy,,Compliance required,,Issued,,2026-06-10,2026-06-10,,,
MEM-2026-00473,Informational,Update on regional office relocation,All Staff,Ibrahim Bello,Procurement & Logistics,To inform staff regarding regional office relocation.,Administrative,,For information,2026-07-10,Issued,,2026-06-10,2026-06-10,,,
MEM-2026-00068,Approval Request,Request for approval: disaster recovery site,Managing Director,Tunde Balogun,IT & Infrastructure,To seek executive approval for disaster recovery site.,Procurement,123700000.00,Approval required,,Approved,,2026-06-11,2026-06-29,,PR-2025-00636,BGT-2026-ITI-CPX
MEM-2026-00172,Approval Request,Request for approval: data platform subscription,Managing Director,Peter Adeniyi,IT & Infrastructure,To seek executive approval for data platform subscription.,Procurement,17520000.00,Approval required,2026-06-19,Approved,,2026-06-12,2026-06-22,,PR-2026-00714,BGT-2026-ITI-OPX
MEM-2026-00124,Informational,Notification: audit fieldwork commencement,All Staff,Tunde Balogun,Risk & Compliance,To inform staff regarding audit fieldwork commencement.,Operational,,For information,2026-06-29,Issued,,2026-06-15,2026-06-15,,,
MEM-2026-00207,Informational,Update on supervising ministry engagement,All Staff,Comfort Akinwale,Executive Admin,To inform staff regarding supervising ministry engagement.,Administrative,,For information,2026-06-22,Issued,,2026-06-15,2026-06-15,,,
MEM-2026-00448,Approval Request,Approval of policy exception — single source award,Managing Director,Ibrahim Bello,Procurement & Logistics,To seek executive approval for policy exception — single source award.,Policy,,Approval required,2026-06-22,Approved,,2026-06-15,2026-06-22,,PR-2026-00462,
MEM-2026-00545,Informational,Update on supervising ministry engagement,All Staff,Peter Adeniyi,Executive Admin,To inform staff regarding supervising ministry engagement.,Administrative,,For information,2026-06-25,Issued,,2026-06-15,2026-06-15,,,
MEM-2026-00568,Approval Request,Variation to facility management contract,Managing Director,Mark Uche,Procurement & Logistics,To seek executive approval for variation to facility management contract.,Procurement,19930000.00,Approval required,,Approved,,2026-06-15,2026-06-29,,PR-2026-00317,BGT-2026-PRL-OPX
MEM-2026-00344,Informational,Staff wellness programme announcement,All Staff,Grace Ibekwe,Human Resources,To inform staff regarding staff wellness programme announcement.,HR,,For information,,Issued,,2026-06-16,2026-06-16,,,
MEM-2026-00087,Directive,Updated staff travel and per diem policy,Heads of Department,Grace Ibekwe,Human Resources,"To notify all affected staff of the revised position on updated staff travel and per diem policy, and the date it takes effect.",HR,,Compliance required,,Issued,,2026-06-18,2026-06-18,,,
MEM-2026-00192,Approval Request,Request for approval: disbursement to new PFI cohort,Managing Director,Comfort Akinwale,Lending Operations,To seek executive approval for disbursement to new PFI cohort.,Financial,145640000.00,Approval required,2026-07-18,Approved,,2026-06-18,2026-07-01,,,BGT-2026-LEN-OPX
MEM-2026-00069,Approval Request,Request for approval: partner performance incentive,Managing Director,Grace Ibekwe,Lending Operations,To seek executive approval for partner performance incentive.,Partner,24580000.00,Approval required,2026-07-06,Approved,,2026-06-22,2026-06-30,PFI-13,,BGT-2026-LEN-OPX
MEM-2026-00135,Approval Request,Request for exception to procurement threshold,Managing Director,Blessing Ekanem,Procurement & Logistics,To seek executive approval for request for exception to procurement threshold.,Procurement,11800000.00,Approval required,,Approved,,2026-06-22,2026-06-26,,PR-2026-00564,BGT-2026-PRL-CPX
MEM-2026-00285,Approval Request,Request for approval: disbursement to new PFI cohort,Managing Director,Blessing Ekanem,Lending Operations,To seek executive approval for disbursement to new PFI cohort.,Financial,192380000.00,Approval required,2026-07-13,Approved,,2026-06-22,2026-07-13,,,BGT-2026-LEN-CCA
MEM-2026-00296,Directive,Revised expense claim procedure,All Staff,Kemi Oladele,Finance & Treasury,"To notify all affected staff of the revised position on revised expense claim procedure, and the date it takes effect.",Financial,,Compliance required,2026-07-13,Issued,,2026-06-22,2026-06-22,,,
MEM-2026-00531,Directive,Revised credit file retention requirements,All Staff,Blessing Ekanem,Risk & Compliance,"To notify all affected staff of the revised position on revised credit file retention requirements, and the date it takes effect.",Policy,,Compliance required,2026-07-22,Issued,,2026-06-22,2026-06-22,,,
MEM-2026-00094,Directive,Revised delegation for regional office spending,Heads of Department,Kemi Oladele,Finance & Treasury,"To notify all affected staff of the revised position on revised delegation for regional office spending, and the date it takes effect.",Financial,,Compliance required,2026-07-15,Issued,,2026-06-24,2026-06-24,,,
MEM-2026-00371,Directive,Updated procurement documentation standards,Heads of Department,Musa Garba,Procurement & Logistics,"To notify all affected staff of the revised position on updated procurement documentation standards, and the date it takes effect.",Procurement,,Compliance required,,Issued,,2026-06-26,2026-06-26,,,
MEM-2026-00574,Approval Request,Request for approval: core banking licence renewal,Managing Director,Emeka Nwosu,IT & Infrastructure,To seek executive approval for core banking licence renewal.,Procurement,65750000.00,Approval required,,Awaiting MD,Managing Director,2026-06-26,2026-07-06,,PR-2025-00306,BGT-2026-ITI-OPX
MEM-2026-00084,Directive,Revised credit file retention requirements,Heads of Department,Yusuf Danjuma,Risk & Compliance,"To notify all affected staff of the revised position on revised credit file retention requirements, and the date it takes effect.",Policy,,Compliance required,2026-07-06,Issued,,2026-06-29,2026-06-29,,,
MEM-2026-00125,Informational,Notification: revised office operating hours,All Staff,Peter Adeniyi,Human Resources,To inform staff regarding revised office operating hours.,Administrative,,For information,2026-07-29,Issued,,2026-06-29,2026-06-29,,,
MEM-2026-00345,Approval Request,Approval of legal retainer renewal,Managing Director,Peter Adeniyi,Executive Admin,To seek executive approval for legal retainer renewal.,Administrative,6320000.00,Approval required,2026-07-20,Rejected,,2026-06-29,2026-07-02,,,BGT-2026-EXA-CPX
MEM-2026-00370,Informational,Update on data platform rollout,All Staff,Halima Sani,IT & Infrastructure,To inform staff regarding data platform rollout.,Operational,,For information,2026-07-29,Issued,,2026-06-29,2026-06-29,,,
MEM-2026-00411,Informational,Update on regional office relocation,All Staff,Peter Adeniyi,Procurement & Logistics,To inform staff regarding regional office relocation.,Administrative,,For information,2026-07-06,Issued,,2026-06-29,2026-06-29,,,
MEM-2026-00554,Approval Request,Approval of revised per diem rates,Managing Director,Kemi Oladele,Finance & Treasury,To seek executive approval for revised per diem rates.,Policy,,Approval required,2026-07-09,Approved,,2026-06-29,2026-07-03,,,
MEM-2026-00208,Directive,New whistleblowing reporting channel,All Staff,Ngozi Chukwu,Executive Admin,"To notify all affected staff of the revised position on new whistleblowing reporting channel, and the date it takes effect.",Policy,,Compliance required,,Issued,,2026-06-30,2026-06-30,,,
MEM-2026-00304,Approval Request,Request for exception to procurement threshold,Managing Director,Ibrahim Bello,Procurement & Logistics,To seek executive approval for request for exception to procurement threshold.,Procurement,21840000.00,Approval required,2026-07-11,Awaiting MD,Managing Director,2026-07-01,2026-07-08,,PR-2025-00653,BGT-2026-PRL-PFE
MEM-2026-00058,Informational,Notification: audit fieldwork commencement,All Staff,Zainab Yakubu,Risk & Compliance,To inform staff regarding audit fieldwork commencement.,Operational,,For information,2026-08-02,Issued,,2026-07-03,2026-07-03,,,
MEM-2026-00200,Informational,Notification: revised bank mandate signatories,All Staff,Adaeze Okonkwo,Finance & Treasury,To inform staff regarding revised bank mandate signatories.,Financial,,For information,2026-07-17,Issued,,2026-07-03,2026-07-03,,,
MEM-2026-00350,Informational,Staff wellness programme announcement,All Staff,Bashir Aliyu,Human Resources,To inform staff regarding staff wellness programme announcement.,HR,,For information,,Issued,,2026-07-03,2026-07-03,,,
MEM-2026-00215,Informational,Update on supervising ministry engagement,All Staff,Musa Garba,Executive Admin,To inform staff regarding supervising ministry engagement.,Administrative,,For information,2026-07-20,Issued,,2026-07-06,2026-07-06,,,
MEM-2026-00382,Approval Request,Request for approval: partner capacity workshop,Managing Director,Zainab Yakubu,Lending Operations,To seek executive approval for partner capacity workshop.,Partner,47650000.00,Approval required,2026-07-27,Awaiting MD,Managing Director,2026-07-06,2026-07-13,PFI-24,,BGT-2026-LEN-CPX
MEM-2026-00064,Directive,Revised partner reporting submission calendar,All Staff,Adaeze Okonkwo,Lending Operations,"To notify all affected staff of the revised position on revised partner reporting submission calendar, and the date it takes effect.",Partner,,Compliance required,2026-08-06,Issued,,2026-07-07,2026-07-07,,,
MEM-2026-00225,Approval Request,Approval of recruitment for vacant credit officer roles,Managing Director,Musa Garba,Human Resources,To seek executive approval for recruitment for vacant credit officer roles.,HR,,Approval required,2026-07-21,Rejected,,2026-07-07,2026-07-27,,,
MEM-2026-00278,Directive,Mandatory data protection refresher training,All Staff,Bashir Aliyu,Risk & Compliance,"To notify all affected staff of the revised position on mandatory data protection refresher training, and the date it takes effect.",Policy,,Compliance required,2026-07-28,Issued,,2026-07-07,2026-07-07,,,
MEM-2026-00441,Informational,Update on regional office relocation,All Staff,Peter Adeniyi,Procurement & Logistics,To inform staff regarding regional office relocation.,Administrative,,For information,2026-07-29,Issued,,2026-07-08,2026-07-08,,,
MEM-2026-00449,Approval Request,Approval of Q3 partner monitoring field visits,Managing Director,Funmi Adeyemi,Lending Operations,To seek executive approval for q3 partner monitoring field visits.,Operational,,Approval required,2026-07-22,Awaiting MD,Managing Director,2026-07-08,2026-07-15,,,
MEM-2026-00113,Directive,Revised partner reporting submission calendar,All Staff,Yusuf Danjuma,Lending Operations,"To notify all affected staff of the revised position on revised partner reporting submission calendar, and the date it takes effect.",Partner,,Compliance required,,Issued,,2026-07-13,2026-07-13,,,
MEM-2026-00242,Directive,Updated information security access policy,All Staff,Tunde Balogun,IT & Infrastructure,"To notify all affected staff of the revised position on updated information security access policy, and the date it takes effect.",Policy,,Compliance required,2026-07-27,Issued,,2026-07-13,2026-07-13,,,
MEM-2026-00247,Approval Request,Request for approval: regional office lease renewal,Managing Director,Adaeze Okonkwo,Procurement & Logistics,To seek executive approval for regional office lease renewal.,Administrative,29900000.00,Approval required,,Awaiting MD,Managing Director,2026-07-13,2026-07-20,,,BGT-2026-PRL-CPX
MEM-2026-00330,Directive,New whistleblowing reporting channel,All Staff,Peter Adeniyi,Executive Admin,"To notify all affected staff of the revised position on new whistleblowing reporting channel, and the date it takes effect.",Policy,,Compliance required,2026-07-20,Issued,,2026-07-13,2026-07-13,,,
MEM-2026-00383,Approval Request,Approval of revised per diem rates,Managing Director,Kemi Oladele,Finance & Treasury,To seek executive approval for revised per diem rates.,Policy,,Approval required,,Awaiting MD,Managing Director,2026-07-13,2026-07-20,,,
MEM-2026-00505,Approval Request,Approval to extend partner onboarding window,Managing Director,Ibrahim Bello,Lending Operations,To seek executive approval for extend partner onboarding window.,Partner,,Approval required,2026-07-23,Approved,,2026-07-13,2026-07-30,PFI-35,,
MEM-2026-00513,Informational,Notification: scheduled system maintenance,All Staff,Emeka Nwosu,IT & Infrastructure,To inform staff regarding scheduled system maintenance.,Operational,,For information,2026-07-23,Issued,,2026-07-13,2026-07-13,,,
MEM-2026-00542,Directive,Revised vendor compliance verification steps,Heads of Department,Emeka Nwosu,Procurement & Logistics,"To notify all affected staff of the revised position on revised vendor compliance verification steps, and the date it takes effect.",Procurement,,Compliance required,,Issued,,2026-07-13,2026-07-13,,,
MEM-2026-00035,Directive,Mandatory quarterly reconciliation of partner returns,All Staff,Halima Sani,Lending Operations,"To notify all affected staff of the revised position on mandatory quarterly reconciliation of partner returns, and the date it takes effect.",Operational,,Compliance required,,Issued,,2026-07-14,2026-07-14,,,
MEM-2026-00492,Approval Request,Request for approval: core banking licence renewal,Managing Director,Comfort Akinwale,IT & Infrastructure,To seek executive approval for core banking licence renewal.,Procurement,46180000.00,Approval required,,Awaiting MD,Managing Director,2026-07-14,2026-07-15,,PR-2026-00464,BGT-2026-ITI-CPX
MEM-2026-00514,Informational,Update on supervising ministry engagement,All Staff,Mark Uche,Executive Admin,To inform staff regarding supervising ministry engagement.,Administrative,,For information,2026-07-24,Issued,,2026-07-14,2026-07-14,,,
MEM-2026-00415,Approval Request,Approval of revised credit assessment criteria,Managing Director,Bashir Aliyu,Risk & Compliance,To seek executive approval for revised credit assessment criteria.,Policy,,Approval required,2026-07-26,Rejected,,2026-07-16,2026-07-24,,,
MEM-2026-00576,Approval Request,Variation to facility management contract,Managing Director,Ibrahim Bello,Procurement & Logistics,To seek executive approval for variation to facility management contract.,Procurement,12840000.00,Approval required,2026-08-16,Approved,,2026-07-17,2026-07-20,,PR-2026-00786,BGT-2026-PRL-PFE
MEM-2026-00032,Informational,Notification: revised office operating hours,All Staff,Blessing Ekanem,Human Resources,To inform staff regarding revised office operating hours.,Administrative,,For information,2026-08-03,Issued,,2026-07-20,2026-07-20,,,
MEM-2026-00260,Directive,Revised vendor compliance verification steps,All Staff,Musa Garba,Procurement & Logistics,"To notify all affected staff of the revised position on revised vendor compliance verification steps, and the date it takes effect.",Procurement,,Compliance required,2026-08-03,Issued,,2026-07-20,2026-07-20,,,
MEM-2026-00364,Informational,Notification: audit fieldwork commencement,All Staff,Zainab Yakubu,Risk & Compliance,To inform staff regarding audit fieldwork commencement.,Operational,,For information,2026-08-10,Issued,,2026-07-20,2026-07-20,,,
MEM-2026-00369,Approval Request,Approval of secondment to supervising ministry,Managing Director,Funmi Adeyemi,Human Resources,To seek executive approval for secondment to supervising ministry.,HR,,Approval required,2026-08-19,Awaiting MD,Managing Director,2026-07-20,2026-07-27,,,
MEM-2026-00511,Informational,Update on regional office relocation,All Staff,Ibrahim Bello,Procurement & Logistics,To inform staff regarding regional office relocation.,Administrative,,For information,2026-08-03,Issued,,2026-07-20,2026-07-20,,,
MEM-2026-00395,Directive,Updated staff travel and per diem policy,Heads of Department,Grace Ibekwe,Human Resources,"To notify all affected staff of the revised position on updated staff travel and per diem policy, and the date it takes effect.",HR,,Compliance required,,Issued,,2026-07-21,2026-07-21,,,
MEM-2026-00052,Directive,New whistleblowing reporting channel,Heads of Department,Comfort Akinwale,Executive Admin,"To notify all affected staff of the revised position on new whistleblowing reporting channel, and the date it takes effect.",Policy,,Compliance required,2026-08-01,Issued,,2026-07-22,2026-07-22,,,
MEM-2026-00153,Informational,Update on data platform rollout,All Staff,Emeka Nwosu,IT & Infrastructure,To inform staff regarding data platform rollout.,Operational,,For information,,Issued,,2026-07-22,2026-07-22,,,
MEM-2026-00367,Informational,Staff wellness programme announcement,All Staff,Emeka Nwosu,Human Resources,To inform staff regarding staff wellness programme announcement.,HR,,For information,2026-08-05,Issued,,2026-07-22,2026-07-22,,,
MEM-2026-00462,Directive,Mandatory quarterly reconciliation of partner returns,Heads of Department,Ngozi Chukwu,Lending Operations,"To notify all affected staff of the revised position on mandatory quarterly reconciliation of partner returns, and the date it takes effect.",Operational,,Compliance required,,Issued,,2026-07-22,2026-07-22,,,
MEM-2026-00182,Directive,Mandatory quarterly reconciliation of partner returns,All Staff,Adaeze Okonkwo,Lending Operations,"To notify all affected staff of the revised position on mandatory quarterly reconciliation of partner returns, and the date it takes effect.",Operational,,Compliance required,,Issued,,2026-07-23,2026-07-23,,,
MEM-2026-00464,Approval Request,Approval of annual insurance renewal,Managing Director,Adaeze Okonkwo,Finance & Treasury,To seek executive approval for annual insurance renewal.,Financial,29750000.00,Approval required,,Awaiting head,Head of Finance & Treasury,2026-07-24,2026-07-24,,,
MEM-2026-00421,Informational,Update on data platform rollout,All Staff,Emeka Nwosu,IT & Infrastructure,To inform staff regarding data platform rollout.,Operational,,For information,2026-08-03,Issued,,2026-07-27,2026-07-27,,,
MEM-2026-00487,Directive,New whistleblowing reporting channel,Heads of Department,Ibrahim Bello,Executive Admin,"To notify all affected staff of the revised position on new whistleblowing reporting channel, and the date it takes effect.",Policy,,Compliance required,2026-08-11,Issued,,2026-07-28,2026-07-28,,,
MEM-2026-00544,Directive,Revised partner reporting submission calendar,Heads of Department,Aisha Lawal,Lending Operations,"To notify all affected staff of the revised position on revised partner reporting submission calendar, and the date it takes effect.",Partner,,Compliance required,2026-08-04,Issued,,2026-07-28,2026-07-28,,,
MEM-2026-00418,Approval Request,Approval of Q3 partner monitoring field visits,Managing Director,Adaeze Okonkwo,Lending Operations,To seek executive approval for q3 partner monitoring field visits.,Operational,,Approval required,2026-08-05,Awaiting head,Head of Lending Operations,2026-07-29,2026-07-29,,,
MEM-2026-00557,Directive,Updated procurement documentation standards,All Staff,Peter Adeniyi,Procurement & Logistics,"To notify all affected staff of the revised position on updated procurement documentation standards, and the date it takes effect.",Procurement,,Compliance required,,Issued,,2026-07-29,2026-07-29,,,
MEM-2026-00468,Directive,Revised vendor compliance verification steps,Heads of Department,Yusuf Danjuma,Procurement & Logistics,"To notify all affected staff of the revised position on revised vendor compliance verification steps, and the date it takes effect.",Procurement,,Compliance required,2026-08-20,Issued,,2026-07-30,2026-07-30,,,
MEM-2026-00067,Approval Request,Approval to write off non-performing exposures,Managing Director,Mark Uche,Risk & Compliance,To seek executive approval for write off non-performing exposures.,Financial,80650000.00,Approval required,,Approved,,2026-08-03,2026-08-04,,,BGT-2026-RSC-OPX
MEM-2026-00074,Informational,Update on regional office relocation,All Staff,Musa Garba,Procurement & Logistics,To inform staff regarding regional office relocation.,Administrative,,For information,2026-08-24,Issued,,2026-08-03,2026-08-03,,,
MEM-2026-00076,Approval Request,Request for approval: impact evaluation consultancy,Managing Director,Funmi Adeyemi,Growth & Strategy,To seek executive approval for impact evaluation consultancy.,Procurement,33410000.00,Approval required,2026-08-18,Awaiting MD,Managing Director,2026-08-04,2026-08-04,,,
MEM-2026-00166,Directive,Updated procurement documentation standards,All Staff,Ibrahim Bello,Procurement & Logistics,"To notify all affected staff of the revised position on updated procurement documentation standards, and the date it takes effect.",Procurement,,Compliance required,2026-08-14,Issued,,2026-08-04,2026-08-04,,,
MEM-2026-00302,Directive,Revised expense claim procedure,Heads of Department,Blessing Ekanem,Finance & Treasury,"To notify all affected staff of the revised position on revised expense claim procedure, and the date it takes effect.",Financial,,Compliance required,2026-08-11,Issued,,2026-08-04,2026-08-04,,,
