step_id,memo_id,step_number,step_name,approver_role,approver_name,status,action_date,comments
STP-000001,MEM-2026-00001,1,Submission,Originator,Funmi Adeyemi,Submitted,2026-05-13,Documentation attached and submitted for review.
STP-000002,MEM-2026-00001,2,Departmental Recommendation,Head of Growth & Strategy,Funmi Adeyemi,Recommended,2026-05-18,Reviewed and recommended for executive decision.
STP-000003,MEM-2025-00005,1,Submission,Originator,Comfort Akinwale,Submitted,2025-09-10,Documentation attached and submitted for review.
STP-000004,MEM-2025-00005,2,Departmental Recommendation,Head of Finance & Treasury,Kemi Oladele,Recommended,2025-09-17,Reviewed and recommended for executive decision.
STP-000005,MEM-2025-00008,1,Submission,Originator,Comfort Akinwale,Submitted,2025-12-25,Documentation attached and submitted for review.
STP-000006,MEM-2025-00008,2,Departmental Recommendation,Head of Procurement,Ibrahim Bello,Recommended,2026-01-01,Reviewed and recommended for executive decision.
STP-000007,MEM-2025-00008,3,Executive Decision,Managing Director,Dr. Amina Bello,Approved,2026-01-12,Approved for implementation.
STP-000008,MEM-2026-00014,1,Submission,Originator,Ngozi Chukwu,Submitted,2026-01-27,Documentation attached and submitted for review.
STP-000009,MEM-2026-00014,2,Departmental Recommendation,"Head, Executive Admin",Peter Adeniyi,Recommended,2026-02-02,Reviewed and recommended for executive decision.
STP-000010,MEM-2025-00015,1,Submission,Originator,Grace Ibekwe,Submitted,2025-09-09,Documentation attached and submitted for review.
STP-000011,MEM-2025-00015,2,Departmental Recommendation,"Head, Executive Admin",Peter Adeniyi,Recommended,2025-09-17,Reviewed and recommended for executive decision.
STP-000012,MEM-2026-00019,1,Submission,Originator,Mark Uche,Submitted,2026-05-14,Documentation attached and submitted for review.
STP-000013,MEM-2026-00019,2,Departmental Recommendation,Head of Growth & Strategy,Funmi Adeyemi,Recommended,2026-05-18,Reviewed and recommended for executive decision.
STP-000014,MEM-2025-00020,1,Submission,Originator,Funmi Adeyemi,Submitted,2025-08-29,Documentation attached and submitted for review.
STP-000015,MEM-2025-00020,2,Departmental Recommendation,Head of Lending Operations,Adaeze Okonkwo,Recommended,2025-09-02,Reviewed and recommended for executive decision.
STP-000016,MEM-2025-00020,3,Executive Decision,Managing Director,Dr. Amina Bello,Approved,2025-09-08,Approved for implementation.
STP-000017,MEM-2025-00023,1,Submission,Originator,Adaeze Okonkwo,Submitted,2025-08-21,Documentation attached and submitted for review.
STP-000018,MEM-2025-00023,2,Departmental Recommendation,Head of Procurement,Ibrahim Bello,Recommended,2025-08-27,Reviewed and recommended for executive decision.
STP-000019,MEM-2025-00025,1,Submission,Originator,Blessing Ekanem,Submitted,2025-10-30,Documentation attached and submitted for review.
STP-000020,MEM-2025-00025,2,Departmental Recommendation,Head of Risk & Compliance,Bashir Aliyu,Returned,2025-11-06,Returned to originator — supporting documentation incomplete.
STP-000021,MEM-2026-00028,1,Submission,Originator,Yusuf Danjuma,Submitted,2026-02-24,Documentation attached and submitted for review.
STP-000022,MEM-2026-00028,2,Departmental Recommendation,Head of Risk & Compliance,Bashir Aliyu,Recommended,2026-02-26,Reviewed and recommended for executive decision.
STP-000023,MEM-2026-00028,3,Executive Decision,Managing Director,Dr. Amina Bello,Approved,2026-03-13,Approved for implementation.
STP-000024,MEM-2026-00029,1,Submission,Originator,Musa Garba,Submitted,2026-01-22,Documentation attached and submitted for review.
STP-000025,MEM-2026-00029,2,Departmental Recommendation,Head of ICT,Emeka Nwosu,Returned,2026-01-26,Returned to originator — supporting documentation incomplete.
STP-000026,MEM-2025-00031,1,Submission,Originator,Zainab Yakubu,Submitted,2025-08-25,Documentation attached and submitted for review.
STP-000027,MEM-2025-00031,2,Departmental Recommendation,Head of Lending Operations,Adaeze Okonkwo,Recommended,2025-08-27,Reviewed and recommended for executive decision.
STP-000028,MEM-2025-00031,3,Executive Decision,Managing Director,Dr. Amina Bello,Approved,2025-09-08,Approved for implementation.
STP-000029,MEM-2025-00033,1,Submission,Originator,Adaeze Okonkwo,Submitted,2025-10-06,Documentation attached and submitted for review.
STP-000030,MEM-2025-00033,2,Departmental Recommendation,Head of Lending Operations,Adaeze Okonkwo,Recommended,2025-10-08,Reviewed and recommended for executive decision.
STP-000031,MEM-2025-00033,3,Executive Decision,Managing Director,Dr. Amina Bello,Approved,2025-10-22,Approved for implementation.
STP-000032,MEM-2026-00044,1,Submission,Originator,Funmi Adeyemi,Submitted,2026-01-28,Documentation attached and submitted for review.
STP-000033,MEM-2026-00044,2,Departmental Recommendation,Head of Finance & Treasury,Kemi Oladele,Recommended,2026-02-02,Reviewed and recommended for executive decision.
STP-000034,MEM-2026-00044,3,Executive Decision,Managing Director,Dr. Amina Bello,Approved,2026-02-09,Approved for implementation.
STP-000035,MEM-2026-00047,1,Submission,Originator,Emeka Nwosu,Submitted,2026-04-13,Documentation attached and submitted for review.
STP-000036,MEM-2026-00047,2,Departmental Recommendation,Head of ICT,Emeka Nwosu,Recommended,2026-04-15,Reviewed and recommended for executive decision.
STP-000037,MEM-2026-00047,3,Executive Decision,Managing Director,Dr. Amina Bello,Approved,2026-04-22,Approved for implementation.
STP-000038,MEM-2026-00051,1,Submission,Originator,Funmi Adeyemi,Submitted,2026-02-09,Documentation attached and submitted for review.
STP-000039,MEM-2026-00051,2,Departmental Recommendation,"Head, Executive Admin",Peter Adeniyi,Recommended,2026-02-16,Reviewed and recommended for executive decision.
STP-000040,MEM-2026-00051,3,Executive Decision,Managing Director,Dr. Amina Bello,Approved,2026-02-23,Approved for implementation.
STP-000041,MEM-2025-00053,1,Submission,Originator,Aisha Lawal,Submitted,2025-11-25,Documentation attached and submitted for review.
STP-000042,MEM-2025-00053,2,Departmental Recommendation,Head of Lending Operations,Adaeze Okonkwo,Recommended,2025-12-03,Reviewed and recommended for executive decision.
STP-000043,MEM-2025-00053,3,Executive Decision,Managing Director,Dr. Amina Bello,Approved,2025-12-18,Approved for implementation.
STP-000044,MEM-2026-00054,1,Submission,Originator,Funmi Adeyemi,Submitted,2026-04-01,Documentation attached and submitted for review.
STP-000045,MEM-2026-00054,2,Departmental Recommendation,Head of Procurement,Ibrahim Bello,Recommended,2026-04-07,Reviewed and recommended for executive decision.
STP-000046,MEM-2026-00054,3,Executive Decision,Managing Director,Dr. Amina Bello,Approved,2026-04-16,Approved for implementation.
STP-000047,MEM-2026-00055,1,Submission,Originator,Peter Adeniyi,Submitted,2026-01-26,Documentation attached and submitted for review.
STP-000048,MEM-2026-00055,2,Departmental Recommendation,Head of Human Resources,Grace Ibekwe,Recommended,2026-01-29,Reviewed and recommended for executive decision.
STP-000049,MEM-2026-00055,3,Executive Decision,Managing Director,Dr. Amina Bello,Declined,2026-02-12,Declined — to be re-presented with revised costing.
STP-000050,MEM-2025-00056,1,Submission,Originator,Comfort Akinwale,Submitted,2025-08-29,Documentation attached and submitted for review.
STP-000051,MEM-2025-00056,2,Departmental Recommendation,Head of Finance & Treasury,Kemi Oladele,Recommended,2025-09-02,Reviewed and recommended for executive decision.
STP-000052,MEM-2025-00056,3,Executive Decision,Managing Director,Dr. Amina Bello,Declined,2025-09-15,Declined — to be re-presented with revised costing.
STP-000053,MEM-2026-00065,1,Submission,Originator,Segun Ogunleye,Submitted,2026-04-17,Documentation attached and submitted for review.
STP-000054,MEM-2026-00065,2,Departmental Recommendation,Head of Procurement,Ibrahim Bello,Recommended,2026-04-20,Reviewed and recommended for executive decision.
STP-000055,MEM-2026-00067,1,Submission,Originator,Mark Uche,Submitted,2026-08-03,Documentation attached and submitted for review.
STP-000056,MEM-2026-00067,2,Departmental Recommendation,Head of Risk & Compliance,Bashir Aliyu,Recommended,2026-08-04,Reviewed and recommended for executive decision.
STP-000057,MEM-2026-00067,3,Executive Decision,Managing Director,Dr. Amina Bello,Approved,2026-08-04,Approved for implementation.
STP-000058,MEM-2026-00068,1,Submission,Originator,Tunde Balogun,Submitted,2026-06-11,Documentation attached and submitted for review.
STP-000059,MEM-2026-00068,2,Departmental Recommendation,Head of ICT,Emeka Nwosu,Recommended,2026-06-15,Reviewed and recommended for executive decision.
STP-000060,MEM-2026-00068,3,Executive Decision,Managing Director,Dr. Amina Bello,Approved,2026-06-29,Approved for implementation.
STP-000061,MEM-2026-00069,1,Submission,Originator,Grace Ibekwe,Submitted,2026-06-22,Documentation attached and submitted for review.
STP-000062,MEM-2026-00069,2,Departmental Recommendation,Head of Lending Operations,Adaeze Okonkwo,Recommended,2026-06-29,Reviewed and recommended for executive decision.
STP-000063,MEM-2026-00069,3,Executive Decision,Managing Director,Dr. Amina Bello,Approved,2026-06-30,Approved for implementation.
STP-000064,MEM-2026-00073,1,Submission,Originator,Halima Sani,Submitted,2026-05-13,Documentation attached and submitted for review.
STP-000065,MEM-2026-00073,2,Departmental Recommendation,Head of Finance & Treasury,Kemi Oladele,Recommended,2026-05-18,Reviewed and recommended for executive decision.
STP-000066,MEM-2026-00073,3,Executive Decision,Managing Director,Dr. Amina Bello,Approved,2026-06-01,Approved for implementation.
STP-000067,MEM-2026-00076,1,Submission,Originator,Funmi Adeyemi,Submitted,2026-08-04,Documentation attached and submitted for review.
STP-000068,MEM-2026-00076,2,Departmental Recommendation,Head of Growth & Strategy,Funmi Adeyemi,Recommended,2026-08-04,Reviewed and recommended for executive decision.
STP-000069,MEM-2026-00076,3,Executive Decision,Managing Director,Dr. Amina Bello,Pending,,
STP-000070,MEM-2025-00077,1,Submission,Originator,Comfort Akinwale,Submitted,2025-11-14,Documentation attached and submitted for review.
STP-000071,MEM-2025-00077,2,Departmental Recommendation,Head of ICT,Emeka Nwosu,Recommended,2025-11-17,Reviewed and recommended for executive decision.
STP-000072,MEM-2025-00077,3,Executive Decision,Managing Director,Dr. Amina Bello,Approved,2025-12-01,Approved for implementation.
STP-000073,MEM-2026-00079,1,Submission,Originator,Ngozi Chukwu,Submitted,2026-04-07,Documentation attached and submitted for review.
STP-000074,MEM-2026-00079,2,Departmental Recommendation,Head of ICT,Emeka Nwosu,Recommended,2026-04-13,Reviewed and recommended for executive decision.
STP-000075,MEM-2026-00079,3,Executive Decision,Managing Director,Dr. Amina Bello,Declined,2026-04-28,Declined — to be re-presented with revised costing.
STP-000076,MEM-2026-00081,1,Submission,Originator,Grace Ibekwe,Submitted,2026-01-19,Documentation attached and submitted for review.
STP-000077,MEM-2026-00081,2,Departmental Recommendation,Head of Lending Operations,Adaeze Okonkwo,Recommended,2026-01-20,Reviewed and recommended for executive decision.
STP-000078,MEM-2026-00081,3,Executive Decision,Managing Director,Dr. Amina Bello,Declined,2026-01-26,Declined — to be re-presented with revised costing.
STP-000079,MEM-2026-00082,1,Submission,Originator,Ibrahim Bello,Submitted,2026-04-23,Documentation attached and submitted for review.
STP-000080,MEM-2026-00082,2,Departmental Recommendation,Head of Procurement,Ibrahim Bello,Recommended,2026-04-28,Reviewed and recommended for executive decision.
STP-000081,MEM-2026-00082,3,Executive Decision,Managing Director,Dr. Amina Bello,Approved,2026-04-30,Approved for implementation.
STP-000082,MEM-2025-00083,1,Submission,Originator,Funmi Adeyemi,Submitted,2025-10-08,Documentation attached and submitted for review.
STP-000083,MEM-2025-00083,2,Departmental Recommendation,Head of Growth & Strategy,Funmi Adeyemi,Returned,2025-10-14,Returned to originator — supporting documentation incomplete.
STP-000084,MEM-2026-00086,1,Submission,Originator,Grace Ibekwe,Submitted,2026-05-18,Documentation attached and submitted for review.
STP-000085,MEM-2026-00086,2,Departmental Recommendation,Head of Human Resources,Grace Ibekwe,Recommended,2026-05-25,Reviewed and recommended for executive decision.
STP-000086,MEM-2025-00088,1,Submission,Originator,Adaeze Okonkwo,Submitted,2025-10-17,Documentation attached and submitted for review.
STP-000087,MEM-2025-00088,2,Departmental Recommendation,Head of Lending Operations,Adaeze Okonkwo,Recommended,2025-10-22,Reviewed and recommended for executive decision.
STP-000088,MEM-2025-00089,1,Submission,Originator,Ibrahim Bello,Submitted,2025-12-08,Documentation attached and submitted for review.
STP-000089,MEM-2025-00089,2,Departmental Recommendation,Head of Procurement,Ibrahim Bello,Recommended,2025-12-12,Reviewed and recommended for executive decision.
STP-000090,MEM-2026-00090,1,Submission,Originator,Ibrahim Bello,Submitted,2026-03-17,Documentation attached and submitted for review.
STP-000091,MEM-2026-00090,2,Departmental Recommendation,Head of Procurement,Ibrahim Bello,Recommended,2026-03-20,Reviewed and recommended for executive decision.
STP-000092,MEM-2026-00091,1,Submission,Originator,Ngozi Chukwu,Submitted,2026-02-10,Documentation attached and submitted for review.
STP-000093,MEM-2026-00091,2,Departmental Recommendation,Head of ICT,Emeka Nwosu,Recommended,2026-02-17,Reviewed and recommended for executive decision.
STP-000094,MEM-2026-00091,3,Executive Decision,Managing Director,Dr. Amina Bello,Approved,2026-03-02,Approved for implementation.
STP-000095,MEM-2025-00092,1,Submission,Originator,Funmi Adeyemi,Submitted,2025-10-10,Documentation attached and submitted for review.
STP-000096,MEM-2025-00092,2,Departmental Recommendation,Head of Growth & Strategy,Funmi Adeyemi,Recommended,2025-10-16,Reviewed and recommended for executive decision.
STP-000097,MEM-2025-00092,3,Executive Decision,Managing Director,Dr. Amina Bello,Approved,2025-10-28,Approved for implementation.
STP-000098,MEM-2026-00095,1,Submission,Originator,Blessing Ekanem,Submitted,2026-02-26,Documentation attached and submitted for review.
STP-000099,MEM-2026-00095,2,Departmental Recommendation,Head of Procurement,Ibrahim Bello,Recommended,2026-03-06,Reviewed and recommended for executive decision.
STP-000100,MEM-2026-00096,1,Submission,Originator,Funmi Adeyemi,Submitted,2026-03-23,Documentation attached and submitted for review.
STP-000101,MEM-2026-00096,2,Departmental Recommendation,Head of Growth & Strategy,Funmi Adeyemi,Recommended,2026-03-30,Reviewed and recommended for executive decision.
STP-000102,MEM-2026-00102,1,Submission,Originator,Emeka Nwosu,Submitted,2026-01-05,Documentation attached and submitted for review.
STP-000103,MEM-2026-00102,2,Departmental Recommendation,Head of ICT,Emeka Nwosu,Recommended,2026-01-12,Reviewed and recommended for executive decision.
STP-000104,MEM-2026-00102,3,Executive Decision,Managing Director,Dr. Amina Bello,Approved,2026-01-26,Approved for implementation.
STP-000105,MEM-2025-00103,1,Submission,Originator,Kemi Oladele,Submitted,2025-12-29,Documentation attached and submitted for review.
STP-000106,MEM-2025-00103,2,Departmental Recommendation,Head of Finance & Treasury,Kemi Oladele,Recommended,2025-12-30,Reviewed and recommended for executive decision.
STP-000107,MEM-2025-00103,3,Executive Decision,Managing Director,Dr. Amina Bello,Approved,2026-01-06,Approved for implementation.
STP-000108,MEM-2025-00104,1,Submission,Originator,Tunde Balogun,Submitted,2025-09-19,Documentation attached and submitted for review.
STP-000109,MEM-2025-00104,2,Departmental Recommendation,Head of Procurement,Ibrahim Bello,Recommended,2025-09-22,Reviewed and recommended for executive decision.
STP-000110,MEM-2025-00104,3,Executive Decision,Managing Director,Dr. Amina Bello,Approved,2025-10-03,Approved for implementation.
STP-000111,MEM-2026-00105,1,Submission,Originator,Adaeze Okonkwo,Submitted,2026-01-30,Documentation attached and submitted for review.
STP-000112,MEM-2026-00105,2,Departmental Recommendation,Head of Lending Operations,Adaeze Okonkwo,Recommended,2026-02-02,Reviewed and recommended for executive decision.
STP-000113,MEM-2025-00109,1,Submission,Originator,Adaeze Okonkwo,Submitted,2025-09-15,Documentation attached and submitted for review.
STP-000114,MEM-2025-00109,2,Departmental Recommendation,Head of Finance & Treasury,Kemi Oladele,Recommended,2025-09-22,Reviewed and recommended for executive decision.
STP-000115,MEM-2026-00110,1,Submission,Originator,Mark Uche,Submitted,2026-05-05,Documentation attached and submitted for review.
STP-000116,MEM-2026-00110,2,Departmental Recommendation,Head of Growth & Strategy,Funmi Adeyemi,Recommended,2026-05-12,Reviewed and recommended for executive decision.
STP-000117,MEM-2026-00110,3,Executive Decision,Managing Director,Dr. Amina Bello,Declined,2026-05-14,Declined — to be re-presented with revised costing.
STP-000118,MEM-2026-00111,1,Submission,Originator,Bashir Aliyu,Submitted,2026-03-27,Documentation attached and submitted for review.
STP-000119,MEM-2026-00111,2,Departmental Recommendation,Head of Risk & Compliance,Bashir Aliyu,Recommended,2026-03-30,Reviewed and recommended for executive decision.
STP-000120,MEM-2026-00111,3,Executive Decision,Managing Director,Dr. Amina Bello,Approved,2026-04-03,Approved for implementation.
STP-000121,MEM-2025-00112,1,Submission,Originator,Adaeze Okonkwo,Submitted,2025-10-06,Documentation attached and submitted for review.
STP-000122,MEM-2025-00112,2,Departmental Recommendation,Head of Lending Operations,Adaeze Okonkwo,Recommended,2025-10-07,Reviewed and recommended for executive decision.
STP-000123,MEM-2025-00112,3,Executive Decision,Managing Director,Dr. Amina Bello,Approved,2025-10-20,Approved for implementation.
STP-000124,MEM-2025-00114,1,Submission,Originator,Funmi Adeyemi,Submitted,2025-10-27,Documentation attached and submitted for review.
STP-000125,MEM-2025-00114,2,Departmental Recommendation,Head of Procurement,Ibrahim Bello,Recommended,2025-10-28,Reviewed and recommended for executive decision.
STP-000126,MEM-2025-00114,3,Executive Decision,Managing Director,Dr. Amina Bello,Approved,2025-10-30,Approved for implementation.
STP-000127,MEM-2025-00117,1,Submission,Originator,Grace Ibekwe,Submitted,2025-10-13,Documentation attached and submitted for review.
STP-000128,MEM-2025-00117,2,Departmental Recommendation,Head of Growth & Strategy,Funmi Adeyemi,Recommended,2025-10-15,Reviewed and recommended for executive decision.
STP-000129,MEM-2025-00117,3,Executive Decision,Managing Director,Dr. Amina Bello,Declined,2025-10-20,Declined — to be re-presented with revised costing.
STP-000130,MEM-2026-00119,1,Submission,Originator,Grace Ibekwe,Submitted,2026-01-16,Documentation attached and submitted for review.
STP-000131,MEM-2026-00119,2,Departmental Recommendation,Head of Human Resources,Grace Ibekwe,Recommended,2026-01-23,Reviewed and recommended for executive decision.
STP-000132,MEM-2026-00119,3,Executive Decision,Managing Director,Dr. Amina Bello,Declined,2026-01-27,Declined — to be re-presented with revised costing.
STP-000133,MEM-2026-00127,1,Submission,Originator,Funmi Adeyemi,Submitted,2026-01-19,Documentation attached and submitted for review.
STP-000134,MEM-2026-00127,2,Departmental Recommendation,Head of Growth & Strategy,Funmi Adeyemi,Recommended,2026-01-26,Reviewed and recommended for executive decision.
STP-000135,MEM-2026-00128,1,Submission,Originator,Peter Adeniyi,Submitted,2026-04-23,Documentation attached and submitted for review.
STP-000136,MEM-2026-00128,2,Departmental Recommendation,Head of Finance & Treasury,Kemi Oladele,Recommended,2026-04-30,Reviewed and recommended for executive decision.
STP-000137,MEM-2026-00128,3,Executive Decision,Managing Director,Dr. Amina Bello,Approved,2026-05-11,Approved for implementation.
STP-000138,MEM-2026-00129,1,Submission,Originator,Segun Ogunleye,Submitted,2026-01-02,Documentation attached and submitted for review.
STP-000139,MEM-2026-00129,2,Departmental Recommendation,Head of Risk & Compliance,Bashir Aliyu,Recommended,2026-01-05,Reviewed and recommended for executive decision.
STP-000140,MEM-2026-00129,3,Executive Decision,Managing Director,Dr. Amina Bello,Approved,2026-01-20,Approved for implementation.
STP-000141,MEM-2025-00131,1,Submission,Originator,Adaeze Okonkwo,Submitted,2025-12-18,Documentation attached and submitted for review.
STP-000142,MEM-2025-00131,2,Departmental Recommendation,Head of Procurement,Ibrahim Bello,Recommended,2025-12-22,Reviewed and recommended for executive decision.
STP-000143,MEM-2025-00131,3,Executive Decision,Managing Director,Dr. Amina Bello,Approved,2025-12-29,Approved for implementation.
STP-000144,MEM-2026-00132,1,Submission,Originator,Aisha Lawal,Submitted,2026-03-05,Documentation attached and submitted for review.
STP-000145,MEM-2026-00132,2,Departmental Recommendation,Head of Lending Operations,Adaeze Okonkwo,Recommended,2026-03-06,Reviewed and recommended for executive decision.
STP-000146,MEM-2026-00133,1,Submission,Originator,Peter Adeniyi,Submitted,2026-04-03,Documentation attached and submitted for review.
STP-000147,MEM-2026-00133,2,Departmental Recommendation,"Head, Executive Admin",Peter Adeniyi,Returned,2026-04-09,Returned to originator — supporting documentation incomplete.
STP-000148,MEM-2026-00134,1,Submission,Originator,Adaeze Okonkwo,Submitted,2026-04-06,Documentation attached and submitted for review.
STP-000149,MEM-2026-00134,2,Departmental Recommendation,Head of Lending Operations,Adaeze Okonkwo,Recommended,2026-04-13,Reviewed and recommended for executive decision.
STP-000150,MEM-2026-00135,1,Submission,Originator,Blessing Ekanem,Submitted,2026-06-22,Documentation attached and submitted for review.
STP-000151,MEM-2026-00135,2,Departmental Recommendation,Head of Procurement,Ibrahim Bello,Recommended,2026-06-26,Reviewed and recommended for executive decision.
STP-000152,MEM-2025-00139,1,Submission,Originator,Ibrahim Bello,Submitted,2025-11-24,Documentation attached and submitted for review.
STP-000153,MEM-2025-00139,2,Departmental Recommendation,Head of Procurement,Ibrahim Bello,Recommended,2025-12-01,Reviewed and recommended for executive decision.
STP-000154,MEM-2025-00140,1,Submission,Originator,Ngozi Chukwu,Submitted,2025-08-25,Documentation attached and submitted for review.
STP-000155,MEM-2025-00140,2,Departmental Recommendation,Head of Finance & Treasury,Kemi Oladele,Recommended,2025-09-01,Reviewed and recommended for executive decision.
STP-000156,MEM-2025-00140,3,Executive Decision,Managing Director,Dr. Amina Bello,Approved,2025-09-08,Approved for implementation.
STP-000157,MEM-2025-00142,1,Submission,Originator,Ibrahim Bello,Submitted,2025-09-16,Documentation attached and submitted for review.
STP-000158,MEM-2025-00142,2,Departmental Recommendation,Head of Procurement,Ibrahim Bello,Recommended,2025-09-23,Reviewed and recommended for executive decision.
STP-000159,MEM-2025-00142,3,Executive Decision,Managing Director,Dr. Amina Bello,Approved,2025-09-26,Approved for implementation.
STP-000160,MEM-2025-00144,1,Submission,Originator,Emeka Nwosu,Submitted,2025-12-12,Documentation attached and submitted for review.
STP-000161,MEM-2025-00144,2,Departmental Recommendation,Head of ICT,Emeka Nwosu,Recommended,2025-12-15,Reviewed and recommended for executive decision.
STP-000162,MEM-2025-00144,3,Executive Decision,Managing Director,Dr. Amina Bello,Approved,2025-12-30,Approved for implementation.
STP-000163,MEM-2026-00146,1,Submission,Originator,Peter Adeniyi,Submitted,2026-01-23,Documentation attached and submitted for review.
STP-000164,MEM-2026-00146,2,Departmental Recommendation,Head of Finance & Treasury,Kemi Oladele,Recommended,2026-01-29,Reviewed and recommended for executive decision.
STP-000165,MEM-2026-00146,3,Executive Decision,Managing Director,Dr. Amina Bello,Declined,2026-02-02,Declined — to be re-presented with revised costing.
STP-000166,MEM-2026-00147,1,Submission,Originator,Grace Ibekwe,Submitted,2026-01-12,Documentation attached and submitted for review.
STP-000167,MEM-2026-00147,2,Departmental Recommendation,Head of ICT,Emeka Nwosu,Recommended,2026-01-15,Reviewed and recommended for executive decision.
STP-000168,MEM-2026-00147,3,Executive Decision,Managing Director,Dr. Amina Bello,Approved,2026-01-23,Approved for implementation.
STP-000169,MEM-2026-00148,1,Submission,Originator,Kemi Oladele,Submitted,2026-05-28,Documentation attached and submitted for review.
STP-000170,MEM-2026-00148,2,Departmental Recommendation,Head of Finance & Treasury,Kemi Oladele,Recommended,2026-06-05,Reviewed and recommended for executive decision.
STP-000171,MEM-2026-00148,3,Executive Decision,Managing Director,Dr. Amina Bello,Approved,2026-06-08,Approved for implementation.
STP-000172,MEM-2025-00154,1,Submission,Originator,Blessing Ekanem,Submitted,2025-10-27,Documentation attached and submitted for review.
STP-000173,MEM-2025-00154,2,Departmental Recommendation,Head of ICT,Emeka Nwosu,Recommended,2025-11-03,Reviewed and recommended for executive decision.
STP-000174,MEM-2025-00154,3,Executive Decision,Managing Director,Dr. Amina Bello,Approved,2025-11-07,Approved for implementation.
STP-000175,MEM-2026-00155,1,Submission,Originator,Ibrahim Bello,Submitted,2026-04-01,Documentation attached and submitted for review.
STP-000176,MEM-2026-00155,2,Departmental Recommendation,Head of Risk & Compliance,Bashir Aliyu,Recommended,2026-04-06,Reviewed and recommended for executive decision.
STP-000177,MEM-2026-00155,3,Executive Decision,Managing Director,Dr. Amina Bello,Approved,2026-04-16,Approved for implementation.
STP-000178,MEM-2025-00156,1,Submission,Originator,Adaeze Okonkwo,Submitted,2025-09-22,Documentation attached and submitted for review.
STP-000179,MEM-2025-00156,2,Departmental Recommendation,Head of Lending Operations,Adaeze Okonkwo,Recommended,2025-09-29,Reviewed and recommended for executive decision.
STP-000180,MEM-2026-00157,1,Submission,Originator,Ibrahim Bello,Submitted,2026-03-25,Documentation attached and submitted for review.
STP-000181,MEM-2026-00157,2,Departmental Recommendation,Head of Procurement,Ibrahim Bello,Recommended,2026-04-01,Reviewed and recommended for executive decision.
STP-000182,MEM-2026-00157,3,Executive Decision,Managing Director,Dr. Amina Bello,Approved,2026-04-10,Approved for implementation.
STP-000183,MEM-2025-00162,1,Submission,Originator,Ngozi Chukwu,Submitted,2025-09-26,Documentation attached and submitted for review.
STP-000184,MEM-2025-00162,2,Departmental Recommendation,Head of Growth & Strategy,Funmi Adeyemi,Recommended,2025-10-03,Reviewed and recommended for executive decision.
STP-000185,MEM-2025-00162,3,Executive Decision,Managing Director,Dr. Amina Bello,Approved,2025-10-07,Approved for implementation.
STP-000186,MEM-2025-00168,1,Submission,Originator,Ngozi Chukwu,Submitted,2025-10-16,Documentation attached and submitted for review.
STP-000187,MEM-2025-00168,2,Departmental Recommendation,Head of Finance & Treasury,Kemi Oladele,Recommended,2025-10-24,Reviewed and recommended for executive decision.
STP-000188,MEM-2025-00168,3,Executive Decision,Managing Director,Dr. Amina Bello,Approved,2025-10-28,Approved for implementation.
STP-000189,MEM-2026-00169,1,Submission,Originator,Ibrahim Bello,Submitted,2026-03-09,Documentation attached and submitted for review.
STP-000190,MEM-2026-00169,2,Departmental Recommendation,Head of Procurement,Ibrahim Bello,Recommended,2026-03-16,Reviewed and recommended for executive decision.
STP-000191,MEM-2026-00169,3,Executive Decision,Managing Director,Dr. Amina Bello,Approved,2026-03-23,Approved for implementation.
STP-000192,MEM-2025-00170,1,Submission,Originator,Adaeze Okonkwo,Submitted,2025-12-31,Documentation attached and submitted for review.
STP-000193,MEM-2025-00170,2,Departmental Recommendation,Head of Finance & Treasury,Kemi Oladele,Recommended,2026-01-06,Reviewed and recommended for executive decision.
STP-000194,MEM-2025-00170,3,Executive Decision,Managing Director,Dr. Amina Bello,Approved,2026-01-12,Approved for implementation.
STP-000195,MEM-2026-00172,1,Submission,Originator,Peter Adeniyi,Submitted,2026-06-12,Documentation attached and submitted for review.
STP-000196,MEM-2026-00172,2,Departmental Recommendation,Head of ICT,Emeka Nwosu,Recommended,2026-06-17,Reviewed and recommended for executive decision.
STP-000197,MEM-2026-00172,3,Executive Decision,Managing Director,Dr. Amina Bello,Approved,2026-06-22,Approved for implementation.
STP-000198,MEM-2025-00176,1,Submission,Originator,Blessing Ekanem,Submitted,2025-11-26,Documentation attached and submitted for review.
STP-000199,MEM-2025-00176,2,Departmental Recommendation,Head of Procurement,Ibrahim Bello,Recommended,2025-12-02,Reviewed and recommended for executive decision.
STP-000200,MEM-2025-00176,3,Executive Decision,Managing Director,Dr. Amina Bello,Approved,2025-12-10,Approved for implementation.
STP-000201,MEM-2025-00178,1,Submission,Originator,Blessing Ekanem,Submitted,2025-10-29,Documentation attached and submitted for review.
STP-000202,MEM-2025-00178,2,Departmental Recommendation,Head of Lending Operations,Adaeze Okonkwo,Recommended,2025-10-31,Reviewed and recommended for executive decision.
STP-000203,MEM-2025-00178,3,Executive Decision,Managing Director,Dr. Amina Bello,Declined,2025-11-03,Declined — to be re-presented with revised costing.
STP-000204,MEM-2026-00180,1,Submission,Originator,Funmi Adeyemi,Submitted,2026-05-29,Documentation attached and submitted for review.
STP-000205,MEM-2026-00180,2,Departmental Recommendation,Head of Growth & Strategy,Funmi Adeyemi,Recommended,2026-06-01,Reviewed and recommended for executive decision.
STP-000206,MEM-2026-00180,3,Executive Decision,Managing Director,Dr. Amina Bello,Approved,2026-06-08,Approved for implementation.
STP-000207,MEM-2025-00181,1,Submission,Originator,Zainab Yakubu,Submitted,2025-10-06,Documentation attached and submitted for review.
STP-000208,MEM-2025-00181,2,Departmental Recommendation,Head of Human Resources,Grace Ibekwe,Recommended,2025-10-13,Reviewed and recommended for executive decision.
STP-000209,MEM-2025-00181,3,Executive Decision,Managing Director,Dr. Amina Bello,Approved,2025-10-24,Approved for implementation.
STP-000210,MEM-2026-00185,1,Submission,Originator,Musa Garba,Submitted,2026-01-19,Documentation attached and submitted for review.
STP-000211,MEM-2026-00185,2,Departmental Recommendation,Head of Human Resources,Grace Ibekwe,Recommended,2026-01-22,Reviewed and recommended for executive decision.
STP-000212,MEM-2026-00185,3,Executive Decision,Managing Director,Dr. Amina Bello,Approved,2026-01-30,Approved for implementation.
STP-000213,MEM-2026-00188,1,Submission,Originator,Chinedu Eze,Submitted,2026-04-02,Documentation attached and submitted for review.
STP-000214,MEM-2026-00188,2,Departmental Recommendation,Head of Finance & Treasury,Kemi Oladele,Recommended,2026-04-10,Reviewed and recommended for executive decision.
STP-000215,MEM-2026-00188,3,Executive Decision,Managing Director,Dr. Amina Bello,Approved,2026-04-14,Approved for implementation.
STP-000216,MEM-2026-00190,1,Submission,Originator,Ngozi Chukwu,Submitted,2026-03-13,Documentation attached and submitted for review.
STP-000217,MEM-2026-00190,2,Departmental Recommendation,Head of Risk & Compliance,Bashir Aliyu,Recommended,2026-03-16,Reviewed and recommended for executive decision.
STP-000218,MEM-2025-00191,1,Submission,Originator,Emeka Nwosu,Submitted,2025-12-10,Documentation attached and submitted for review.
STP-000219,MEM-2025-00191,2,Departmental Recommendation,Head of ICT,Emeka Nwosu,Recommended,2025-12-12,Reviewed and recommended for executive decision.
STP-000220,MEM-2025-00191,3,Executive Decision,Managing Director,Dr. Amina Bello,Approved,2025-12-17,Approved for implementation.
STP-000221,MEM-2026-00192,1,Submission,Originator,Comfort Akinwale,Submitted,2026-06-18,Documentation attached and submitted for review.
STP-000222,MEM-2026-00192,2,Departmental Recommendation,Head of Lending Operations,Adaeze Okonkwo,Recommended,2026-06-22,Reviewed and recommended for executive decision.
STP-000223,MEM-2026-00192,3,Executive Decision,Managing Director,Dr. Amina Bello,Approved,2026-07-01,Approved for implementation.
STP-000224,MEM-2026-00193,1,Submission,Originator,Adaeze Okonkwo,Submitted,2026-04-13,Documentation attached and submitted for review.
STP-000225,MEM-2026-00193,2,Departmental Recommendation,Head of Lending Operations,Adaeze Okonkwo,Recommended,2026-04-21,Reviewed and recommended for executive decision.
STP-000226,MEM-2026-00193,3,Executive Decision,Managing Director,Dr. Amina Bello,Approved,2026-04-27,Approved for implementation.
STP-000227,MEM-2025-00194,1,Submission,Originator,Peter Adeniyi,Submitted,2025-11-18,Documentation attached and submitted for review.
STP-000228,MEM-2025-00194,2,Departmental Recommendation,"Head, Executive Admin",Peter Adeniyi,Recommended,2025-11-24,Reviewed and recommended for executive decision.
STP-000229,MEM-2025-00195,1,Submission,Originator,Chinedu Eze,Submitted,2025-10-20,Documentation attached and submitted for review.
STP-000230,MEM-2025-00195,2,Departmental Recommendation,Head of Finance & Treasury,Kemi Oladele,Recommended,2025-10-27,Reviewed and recommended for executive decision.
STP-000231,MEM-2025-00195,3,Executive Decision,Managing Director,Dr. Amina Bello,Approved,2025-10-28,Approved for implementation.
STP-000232,MEM-2026-00196,1,Submission,Originator,Mark Uche,Submitted,2026-05-11,Documentation attached and submitted for review.
STP-000233,MEM-2026-00196,2,Departmental Recommendation,Head of Procurement,Ibrahim Bello,Recommended,2026-05-15,Reviewed and recommended for executive decision.
STP-000234,MEM-2026-00196,3,Executive Decision,Managing Director,Dr. Amina Bello,Approved,2026-05-28,Approved for implementation.
STP-000235,MEM-2026-00199,1,Submission,Originator,Adaeze Okonkwo,Submitted,2026-03-23,Documentation attached and submitted for review.
STP-000236,MEM-2026-00199,2,Departmental Recommendation,Head of Lending Operations,Adaeze Okonkwo,Recommended,2026-03-27,Reviewed and recommended for executive decision.
STP-000237,MEM-2025-00202,1,Submission,Originator,Kemi Oladele,Submitted,2025-12-12,Documentation attached and submitted for review.
STP-000238,MEM-2025-00202,2,Departmental Recommendation,Head of ICT,Emeka Nwosu,Recommended,2025-12-15,Reviewed and recommended for executive decision.
STP-000239,MEM-2025-00202,3,Executive Decision,Managing Director,Dr. Amina Bello,Approved,2025-12-18,Approved for implementation.
STP-000240,MEM-2026-00212,1,Submission,Originator,Kemi Oladele,Submitted,2026-03-16,Documentation attached and submitted for review.
STP-000241,MEM-2026-00212,2,Departmental Recommendation,Head of Finance & Treasury,Kemi Oladele,Returned,2026-03-20,Returned to originator — supporting documentation incomplete.
STP-000242,MEM-2026-00216,1,Submission,Originator,Yusuf Danjuma,Submitted,2026-03-25,Documentation attached and submitted for review.
STP-000243,MEM-2026-00216,2,Departmental Recommendation,Head of Procurement,Ibrahim Bello,Recommended,2026-03-30,Reviewed and recommended for executive decision.
STP-000244,MEM-2026-00217,1,Submission,Originator,Peter Adeniyi,Submitted,2026-03-16,Documentation attached and submitted for review.
STP-000245,MEM-2026-00217,2,Departmental Recommendation,Head of Procurement,Ibrahim Bello,Recommended,2026-03-20,Reviewed and recommended for executive decision.
STP-000246,MEM-2025-00218,1,Submission,Originator,Funmi Adeyemi,Submitted,2025-10-27,Documentation attached and submitted for review.
STP-000247,MEM-2025-00218,2,Departmental Recommendation,Head of Human Resources,Grace Ibekwe,Recommended,2025-10-28,Reviewed and recommended for executive decision.
STP-000248,MEM-2025-00218,3,Executive Decision,Managing Director,Dr. Amina Bello,Approved,2025-11-10,Approved for implementation.
STP-000249,MEM-2025-00219,1,Submission,Originator,Funmi Adeyemi,Submitted,2025-12-05,Documentation attached and submitted for review.
STP-000250,MEM-2025-00219,2,Departmental Recommendation,Head of Growth & Strategy,Funmi Adeyemi,Recommended,2025-12-08,Reviewed and recommended for executive decision.
STP-000251,MEM-2026-00220,1,Submission,Originator,Kemi Oladele,Submitted,2026-02-20,Documentation attached and submitted for review.
STP-000252,MEM-2026-00220,2,Departmental Recommendation,Head of Finance & Treasury,Kemi Oladele,Recommended,2026-02-23,Reviewed and recommended for executive decision.
STP-000253,MEM-2026-00220,3,Executive Decision,Managing Director,Dr. Amina Bello,Approved,2026-02-25,Approved for implementation.
STP-000254,MEM-2026-00224,1,Submission,Originator,Grace Ibekwe,Submitted,2026-04-08,Documentation attached and submitted for review.
STP-000255,MEM-2026-00224,2,Departmental Recommendation,Head of Human Resources,Grace Ibekwe,Returned,2026-04-09,Returned to originator — supporting documentation incomplete.
STP-000256,MEM-2026-00225,1,Submission,Originator,Musa Garba,Submitted,2026-07-07,Documentation attached and submitted for review.
STP-000257,MEM-2026-00225,2,Departmental Recommendation,Head of Human Resources,Grace Ibekwe,Recommended,2026-07-14,Reviewed and recommended for executive decision.
STP-000258,MEM-2026-00225,3,Executive Decision,Managing Director,Dr. Amina Bello,Declined,2026-07-27,Declined — to be re-presented with revised costing.
STP-000259,MEM-2025-00227,1,Submission,Originator,Chinedu Eze,Submitted,2025-11-24,Documentation attached and submitted for review.
STP-000260,MEM-2025-00227,2,Departmental Recommendation,"Head, Executive Admin",Peter Adeniyi,Returned,2025-12-01,Returned to originator — supporting documentation incomplete.
STP-000261,MEM-2026-00228,1,Submission,Originator,Emeka Nwosu,Submitted,2026-04-22,Documentation attached and submitted for review.
STP-000262,MEM-2026-00228,2,Departmental Recommendation,Head of ICT,Emeka Nwosu,Recommended,2026-04-27,Reviewed and recommended for executive decision.
STP-000263,MEM-2026-00228,3,Executive Decision,Managing Director,Dr. Amina Bello,Approved,2026-05-11,Approved for implementation.
STP-000264,MEM-2026-00229,1,Submission,Originator,Grace Ibekwe,Submitted,2026-05-18,Documentation attached and submitted for review.
STP-000265,MEM-2026-00229,2,Departmental Recommendation,Head of Human Resources,Grace Ibekwe,Recommended,2026-05-21,Reviewed and recommended for executive decision.
STP-000266,MEM-2026-00229,3,Executive Decision,Managing Director,Dr. Amina Bello,Approved,2026-06-01,Approved for implementation.
STP-000267,MEM-2026-00232,1,Submission,Originator,Adaeze Okonkwo,Submitted,2026-05-04,Documentation attached and submitted for review.
STP-000268,MEM-2026-00232,2,Departmental Recommendation,Head of Lending Operations,Adaeze Okonkwo,Recommended,2026-05-06,Reviewed and recommended for executive decision.
STP-000269,MEM-2026-00232,3,Executive Decision,Managing Director,Dr. Amina Bello,Approved,2026-05-12,Approved for implementation.
STP-000270,MEM-2025-00234,1,Submission,Originator,Tunde Balogun,Submitted,2025-12-26,Documentation attached and submitted for review.
STP-000271,MEM-2025-00234,2,Departmental Recommendation,Head of Risk & Compliance,Bashir Aliyu,Recommended,2025-12-29,Reviewed and recommended for executive decision.
STP-000272,MEM-2025-00234,3,Executive Decision,Managing Director,Dr. Amina Bello,Approved,2026-01-05,Approved for implementation.
STP-000273,MEM-2025-00235,1,Submission,Originator,Adaeze Okonkwo,Submitted,2025-09-09,Documentation attached and submitted for review.
STP-000274,MEM-2025-00235,2,Departmental Recommendation,Head of Procurement,Ibrahim Bello,Recommended,2025-09-15,Reviewed and recommended for executive decision.
STP-000275,MEM-2025-00236,1,Submission,Originator,Peter Adeniyi,Submitted,2025-08-18,Documentation attached and submitted for review.
STP-000276,MEM-2025-00236,2,Departmental Recommendation,"Head, Executive Admin",Peter Adeniyi,Recommended,2025-08-20,Reviewed and recommended for executive decision.
STP-000277,MEM-2026-00237,1,Submission,Originator,Ngozi Chukwu,Submitted,2026-01-19,Documentation attached and submitted for review.
STP-000278,MEM-2026-00237,2,Departmental Recommendation,Head of Growth & Strategy,Funmi Adeyemi,Recommended,2026-01-22,Reviewed and recommended for executive decision.
STP-000279,MEM-2026-00237,3,Executive Decision,Managing Director,Dr. Amina Bello,Approved,2026-01-28,Approved for implementation.
STP-000280,MEM-2026-00238,1,Submission,Originator,Funmi Adeyemi,Submitted,2026-06-08,Documentation attached and submitted for review.
STP-000281,MEM-2026-00238,2,Departmental Recommendation,Head of Growth & Strategy,Funmi Adeyemi,Recommended,2026-06-11,Reviewed and recommended for executive decision.
STP-000282,MEM-2026-00238,3,Executive Decision,Managing Director,Dr. Amina Bello,Approved,2026-06-22,Approved for implementation.
STP-000283,MEM-2026-00239,1,Submission,Originator,Grace Ibekwe,Submitted,2026-01-12,Documentation attached and submitted for review.
STP-000284,MEM-2026-00239,2,Departmental Recommendation,Head of Human Resources,Grace Ibekwe,Recommended,2026-01-15,Reviewed and recommended for executive decision.
STP-000285,MEM-2026-00247,1,Submission,Originator,Adaeze Okonkwo,Submitted,2026-07-13,Documentation attached and submitted for review.
STP-000286,MEM-2026-00247,2,Departmental Recommendation,Head of Procurement,Ibrahim Bello,Recommended,2026-07-20,Reviewed and recommended for executive decision.
STP-000287,MEM-2026-00247,3,Executive Decision,Managing Director,Dr. Amina Bello,Pending,,
STP-000288,MEM-2026-00250,1,Submission,Originator,Kemi Oladele,Submitted,2026-02-03,Documentation attached and submitted for review.
STP-000289,MEM-2026-00250,2,Departmental Recommendation,Head of Finance & Treasury,Kemi Oladele,Recommended,2026-02-04,Reviewed and recommended for executive decision.
STP-000290,MEM-2026-00250,3,Executive Decision,Managing Director,Dr. Amina Bello,Approved,2026-02-16,Approved for implementation.
STP-000291,MEM-2025-00254,1,Submission,Originator,Kemi Oladele,Submitted,2025-10-20,Documentation attached and submitted for review.
STP-000292,MEM-2025-00254,2,Departmental Recommendation,Head of Finance & Treasury,Kemi Oladele,Recommended,2025-10-27,Reviewed and recommended for executive decision.
STP-000293,MEM-2025-00256,1,Submission,Originator,Musa Garba,Submitted,2025-11-13,Documentation attached and submitted for review.
STP-000294,MEM-2025-00256,2,Departmental Recommendation,Head of ICT,Emeka Nwosu,Returned,2025-11-20,Returned to originator — supporting documentation incomplete.
STP-000295,MEM-2025-00257,1,Submission,Originator,Comfort Akinwale,Submitted,2025-09-22,Documentation attached and submitted for review.
STP-000296,MEM-2025-00257,2,Departmental Recommendation,Head of ICT,Emeka Nwosu,Recommended,2025-09-29,Reviewed and recommended for executive decision.
STP-000297,MEM-2025-00257,3,Executive Decision,Managing Director,Dr. Amina Bello,Approved,2025-10-13,Approved for implementation.
STP-000298,MEM-2026-00262,1,Submission,Originator,Mark Uche,Submitted,2026-03-13,Documentation attached and submitted for review.
STP-000299,MEM-2026-00262,2,Departmental Recommendation,Head of ICT,Emeka Nwosu,Recommended,2026-03-19,Reviewed and recommended for executive decision.
STP-000300,MEM-2026-00262,3,Executive Decision,Managing Director,Dr. Amina Bello,Approved,2026-03-23,Approved for implementation.
STP-000301,MEM-2026-00264,1,Submission,Originator,Emeka Nwosu,Submitted,2026-06-08,Documentation attached and submitted for review.
STP-000302,MEM-2026-00264,2,Departmental Recommendation,Head of ICT,Emeka Nwosu,Recommended,2026-06-11,Reviewed and recommended for executive decision.
STP-000303,MEM-2026-00264,3,Executive Decision,Managing Director,Dr. Amina Bello,Approved,2026-06-18,Approved for implementation.
STP-000304,MEM-2025-00266,1,Submission,Originator,Kemi Oladele,Submitted,2025-10-30,Documentation attached and submitted for review.
STP-000305,MEM-2025-00266,2,Departmental Recommendation,Head of Finance & Treasury,Kemi Oladele,Recommended,2025-11-06,Reviewed and recommended for executive decision.
STP-000306,MEM-2025-00266,3,Executive Decision,Managing Director,Dr. Amina Bello,Approved,2025-11-17,Approved for implementation.
STP-000307,MEM-2025-00268,1,Submission,Originator,Comfort Akinwale,Submitted,2025-08-15,Documentation attached and submitted for review.
STP-000308,MEM-2025-00268,2,Departmental Recommendation,Head of Human Resources,Grace Ibekwe,Recommended,2025-08-21,Reviewed and recommended for executive decision.
STP-000309,MEM-2025-00268,3,Executive Decision,Managing Director,Dr. Amina Bello,Declined,2025-08-29,Declined — to be re-presented with revised costing.
STP-000310,MEM-2025-00270,1,Submission,Originator,Grace Ibekwe,Submitted,2025-12-16,Documentation attached and submitted for review.
STP-000311,MEM-2025-00270,2,Departmental Recommendation,Head of Lending Operations,Adaeze Okonkwo,Recommended,2025-12-24,Reviewed and recommended for executive decision.
STP-000312,MEM-2025-00270,3,Executive Decision,Managing Director,Dr. Amina Bello,Approved,2026-01-08,Approved for implementation.
STP-000313,MEM-2026-00275,1,Submission,Originator,Halima Sani,Submitted,2026-01-19,Documentation attached and submitted for review.
STP-000314,MEM-2026-00275,2,Departmental Recommendation,Head of Human Resources,Grace Ibekwe,Recommended,2026-01-26,Reviewed and recommended for executive decision.
STP-000315,MEM-2026-00275,3,Executive Decision,Managing Director,Dr. Amina Bello,Approved,2026-02-09,Approved for implementation.
STP-000316,MEM-2026-00276,1,Submission,Originator,Grace Ibekwe,Submitted,2026-03-26,Documentation attached and submitted for review.
STP-000317,MEM-2026-00276,2,Departmental Recommendation,Head of Lending Operations,Adaeze Okonkwo,Recommended,2026-03-30,Reviewed and recommended for executive decision.
STP-000318,MEM-2026-00276,3,Executive Decision,Managing Director,Dr. Amina Bello,Approved,2026-04-13,Approved for implementation.
STP-000319,MEM-2026-00279,1,Submission,Originator,Comfort Akinwale,Submitted,2026-01-05,Documentation attached and submitted for review.
STP-000320,MEM-2026-00279,2,Departmental Recommendation,Head of Risk & Compliance,Bashir Aliyu,Recommended,2026-01-12,Reviewed and recommended for executive decision.
STP-000321,MEM-2026-00279,3,Executive Decision,Managing Director,Dr. Amina Bello,Approved,2026-01-13,Approved for implementation.
STP-000322,MEM-2025-00281,1,Submission,Originator,Blessing Ekanem,Submitted,2025-11-24,Documentation attached and submitted for review.
STP-000323,MEM-2025-00281,2,Departmental Recommendation,"Head, Executive Admin",Peter Adeniyi,Recommended,2025-11-28,Reviewed and recommended for executive decision.
STP-000324,MEM-2025-00282,1,Submission,Originator,Tunde Balogun,Submitted,2025-11-19,Documentation attached and submitted for review.
STP-000325,MEM-2025-00282,2,Departmental Recommendation,Head of Lending Operations,Adaeze Okonkwo,Recommended,2025-11-26,Reviewed and recommended for executive decision.
STP-000326,MEM-2025-00282,3,Executive Decision,Managing Director,Dr. Amina Bello,Approved,2025-12-08,Approved for implementation.
STP-000327,MEM-2026-00283,1,Submission,Originator,Comfort Akinwale,Submitted,2026-04-06,Documentation attached and submitted for review.
STP-000328,MEM-2026-00283,2,Departmental Recommendation,Head of ICT,Emeka Nwosu,Recommended,2026-04-13,Reviewed and recommended for executive decision.
STP-000329,MEM-2026-00283,3,Executive Decision,Managing Director,Dr. Amina Bello,Approved,2026-04-22,Approved for implementation.
STP-000330,MEM-2026-00285,1,Submission,Originator,Blessing Ekanem,Submitted,2026-06-22,Documentation attached and submitted for review.
STP-000331,MEM-2026-00285,2,Departmental Recommendation,Head of Lending Operations,Adaeze Okonkwo,Recommended,2026-06-29,Reviewed and recommended for executive decision.
STP-000332,MEM-2026-00285,3,Executive Decision,Managing Director,Dr. Amina Bello,Approved,2026-07-13,Approved for implementation.
STP-000333,MEM-2025-00290,1,Submission,Originator,Emeka Nwosu,Submitted,2025-09-24,Documentation attached and submitted for review.
STP-000334,MEM-2025-00290,2,Departmental Recommendation,Head of Risk & Compliance,Bashir Aliyu,Recommended,2025-09-30,Reviewed and recommended for executive decision.
STP-000335,MEM-2026-00291,1,Submission,Originator,Aisha Lawal,Submitted,2026-01-29,Documentation attached and submitted for review.
STP-000336,MEM-2026-00291,2,Departmental Recommendation,Head of Lending Operations,Adaeze Okonkwo,Recommended,2026-02-02,Reviewed and recommended for executive decision.
STP-000337,MEM-2026-00291,3,Executive Decision,Managing Director,Dr. Amina Bello,Approved,2026-02-03,Approved for implementation.
STP-000338,MEM-2025-00292,1,Submission,Originator,Halima Sani,Submitted,2025-11-11,Documentation attached and submitted for review.
STP-000339,MEM-2025-00292,2,Departmental Recommendation,Head of Risk & Compliance,Bashir Aliyu,Recommended,2025-11-17,Reviewed and recommended for executive decision.
STP-000340,MEM-2025-00292,3,Executive Decision,Managing Director,Dr. Amina Bello,Approved,2025-11-27,Approved for implementation.
STP-000341,MEM-2026-00295,1,Submission,Originator,Kemi Oladele,Submitted,2026-02-03,Documentation attached and submitted for review.
STP-000342,MEM-2026-00295,2,Departmental Recommendation,Head of Growth & Strategy,Funmi Adeyemi,Recommended,2026-02-09,Reviewed and recommended for executive decision.
STP-000343,MEM-2026-00300,1,Submission,Originator,Ibrahim Bello,Submitted,2026-01-09,Documentation attached and submitted for review.
STP-000344,MEM-2026-00300,2,Departmental Recommendation,Head of ICT,Emeka Nwosu,Recommended,2026-01-12,Reviewed and recommended for executive decision.
STP-000345,MEM-2026-00300,3,Executive Decision,Managing Director,Dr. Amina Bello,Approved,2026-01-23,Approved for implementation.
STP-000346,MEM-2026-00301,1,Submission,Originator,Chinedu Eze,Submitted,2026-01-13,Documentation attached and submitted for review.
STP-000347,MEM-2026-00301,2,Departmental Recommendation,Head of Risk & Compliance,Bashir Aliyu,Returned,2026-01-15,Returned to originator — supporting documentation incomplete.
STP-000348,MEM-2026-00304,1,Submission,Originator,Ibrahim Bello,Submitted,2026-07-01,Documentation attached and submitted for review.
STP-000349,MEM-2026-00304,2,Departmental Recommendation,Head of Procurement,Ibrahim Bello,Recommended,2026-07-08,Reviewed and recommended for executive decision.
STP-000350,MEM-2026-00304,3,Executive Decision,Managing Director,Dr. Amina Bello,Pending,,
STP-000351,MEM-2025-00306,1,Submission,Originator,Kemi Oladele,Submitted,2025-12-22,Documentation attached and submitted for review.
STP-000352,MEM-2025-00306,2,Departmental Recommendation,Head of Finance & Treasury,Kemi Oladele,Recommended,2025-12-29,Reviewed and recommended for executive decision.
STP-000353,MEM-2025-00306,3,Executive Decision,Managing Director,Dr. Amina Bello,Approved,2026-01-05,Approved for implementation.
STP-000354,MEM-2026-00308,1,Submission,Originator,Kemi Oladele,Submitted,2026-03-13,Documentation attached and submitted for review.
STP-000355,MEM-2026-00308,2,Departmental Recommendation,Head of Finance & Treasury,Kemi Oladele,Recommended,2026-03-20,Reviewed and recommended for executive decision.
STP-000356,MEM-2026-00310,1,Submission,Originator,Grace Ibekwe,Submitted,2026-01-08,Documentation attached and submitted for review.
STP-000357,MEM-2026-00310,2,Departmental Recommendation,Head of Human Resources,Grace Ibekwe,Recommended,2026-01-12,Reviewed and recommended for executive decision.
STP-000358,MEM-2026-00310,3,Executive Decision,Managing Director,Dr. Amina Bello,Approved,2026-01-20,Approved for implementation.
STP-000359,MEM-2025-00311,1,Submission,Originator,Adaeze Okonkwo,Submitted,2025-08-25,Documentation attached and submitted for review.
STP-000360,MEM-2025-00311,2,Departmental Recommendation,Head of Human Resources,Grace Ibekwe,Returned,2025-09-01,Returned to originator — supporting documentation incomplete.
STP-000361,MEM-2026-00314,1,Submission,Originator,Blessing Ekanem,Submitted,2026-04-20,Documentation attached and submitted for review.
STP-000362,MEM-2026-00314,2,Departmental Recommendation,Head of Lending Operations,Adaeze Okonkwo,Recommended,2026-04-27,Reviewed and recommended for executive decision.
STP-000363,MEM-2026-00314,3,Executive Decision,Managing Director,Dr. Amina Bello,Approved,2026-05-01,Approved for implementation.
STP-000364,MEM-2025-00321,1,Submission,Originator,Zainab Yakubu,Submitted,2025-11-19,Documentation attached and submitted for review.
STP-000365,MEM-2025-00321,2,Departmental Recommendation,Head of Risk & Compliance,Bashir Aliyu,Recommended,2025-11-24,Reviewed and recommended for executive decision.
STP-000366,MEM-2025-00321,3,Executive Decision,Managing Director,Dr. Amina Bello,Approved,2025-12-08,Approved for implementation.
STP-000367,MEM-2025-00324,1,Submission,Originator,Ibrahim Bello,Submitted,2025-12-12,Documentation attached and submitted for review.
STP-000368,MEM-2025-00324,2,Departmental Recommendation,Head of Human Resources,Grace Ibekwe,Recommended,2025-12-15,Reviewed and recommended for executive decision.
STP-000369,MEM-2025-00324,3,Executive Decision,Managing Director,Dr. Amina Bello,Approved,2025-12-19,Approved for implementation.
STP-000370,MEM-2025-00325,1,Submission,Originator,Funmi Adeyemi,Submitted,2025-12-01,Documentation attached and submitted for review.
STP-000371,MEM-2025-00325,2,Departmental Recommendation,Head of Growth & Strategy,Funmi Adeyemi,Recommended,2025-12-08,Reviewed and recommended for executive decision.
STP-000372,MEM-2025-00325,3,Executive Decision,Managing Director,Dr. Amina Bello,Approved,2025-12-12,Approved for implementation.
STP-000373,MEM-2025-00328,1,Submission,Originator,Funmi Adeyemi,Submitted,2025-09-29,Documentation attached and submitted for review.
STP-000374,MEM-2025-00328,2,Departmental Recommendation,Head of Growth & Strategy,Funmi Adeyemi,Recommended,2025-10-01,Reviewed and recommended for executive decision.
STP-000375,MEM-2026-00329,1,Submission,Originator,Funmi Adeyemi,Submitted,2026-04-07,Documentation attached and submitted for review.
STP-000376,MEM-2026-00329,2,Departmental Recommendation,Head of Lending Operations,Adaeze Okonkwo,Recommended,2026-04-09,Reviewed and recommended for executive decision.
STP-000377,MEM-2026-00329,3,Executive Decision,Managing Director,Dr. Amina Bello,Approved,2026-04-24,Approved for implementation.
STP-000378,MEM-2026-00331,1,Submission,Originator,Aisha Lawal,Submitted,2026-02-16,Documentation attached and submitted for review.
STP-000379,MEM-2026-00331,2,Departmental Recommendation,Head of Finance & Treasury,Kemi Oladele,Recommended,2026-02-23,Reviewed and recommended for executive decision.
STP-000380,MEM-2026-00331,3,Executive Decision,Managing Director,Dr. Amina Bello,Declined,2026-03-09,Declined — to be re-presented with revised costing.
STP-000381,MEM-2025-00333,1,Submission,Originator,Grace Ibekwe,Submitted,2025-12-17,Documentation attached and submitted for review.
STP-000382,MEM-2025-00333,2,Departmental Recommendation,Head of Procurement,Ibrahim Bello,Recommended,2025-12-23,Reviewed and recommended for executive decision.
STP-000383,MEM-2025-00333,3,Executive Decision,Managing Director,Dr. Amina Bello,Approved,2025-12-29,Approved for implementation.
STP-000384,MEM-2025-00334,1,Submission,Originator,Funmi Adeyemi,Submitted,2025-09-08,Documentation attached and submitted for review.
STP-000385,MEM-2025-00334,2,Departmental Recommendation,Head of Growth & Strategy,Funmi Adeyemi,Recommended,2025-09-16,Reviewed and recommended for executive decision.
STP-000386,MEM-2026-00339,1,Submission,Originator,Emeka Nwosu,Submitted,2026-01-20,Documentation attached and submitted for review.
STP-000387,MEM-2026-00339,2,Departmental Recommendation,Head of ICT,Emeka Nwosu,Recommended,2026-01-23,Reviewed and recommended for executive decision.
STP-000388,MEM-2026-00339,3,Executive Decision,Managing Director,Dr. Amina Bello,Declined,2026-02-09,Declined — to be re-presented with revised costing.
STP-000389,MEM-2026-00342,1,Submission,Originator,Adaeze Okonkwo,Submitted,2026-03-10,Documentation attached and submitted for review.
STP-000390,MEM-2026-00342,2,Departmental Recommendation,Head of Lending Operations,Adaeze Okonkwo,Recommended,2026-03-16,Reviewed and recommended for executive decision.
STP-000391,MEM-2026-00342,3,Executive Decision,Managing Director,Dr. Amina Bello,Approved,2026-03-26,Approved for implementation.
STP-000392,MEM-2026-00343,1,Submission,Originator,Funmi Adeyemi,Submitted,2026-02-13,Documentation attached and submitted for review.
STP-000393,MEM-2026-00343,2,Departmental Recommendation,Head of ICT,Emeka Nwosu,Recommended,2026-02-17,Reviewed and recommended for executive decision.
STP-000394,MEM-2026-00343,3,Executive Decision,Managing Director,Dr. Amina Bello,Declined,2026-02-23,Declined — to be re-presented with revised costing.
STP-000395,MEM-2026-00345,1,Submission,Originator,Peter Adeniyi,Submitted,2026-06-29,Documentation attached and submitted for review.
STP-000396,MEM-2026-00345,2,Departmental Recommendation,"Head, Executive Admin",Peter Adeniyi,Returned,2026-07-02,Returned to originator — supporting documentation incomplete.
STP-000397,MEM-2025-00346,1,Submission,Originator,Bashir Aliyu,Submitted,2025-09-29,Documentation attached and submitted for review.
STP-000398,MEM-2025-00346,2,Departmental Recommendation,Head of Risk & Compliance,Bashir Aliyu,Recommended,2025-10-02,Reviewed and recommended for executive decision.
STP-000399,MEM-2025-00346,3,Executive Decision,Managing Director,Dr. Amina Bello,Approved,2025-10-13,Approved for implementation.
STP-000400,MEM-2026-00347,1,Submission,Originator,Adaeze Okonkwo,Submitted,2026-01-12,Documentation attached and submitted for review.
STP-000401,MEM-2026-00347,2,Departmental Recommendation,Head of Lending Operations,Adaeze Okonkwo,Recommended,2026-01-20,Reviewed and recommended for executive decision.
STP-000402,MEM-2026-00347,3,Executive Decision,Managing Director,Dr. Amina Bello,Approved,2026-02-02,Approved for implementation.
STP-000403,MEM-2026-00348,1,Submission,Originator,Musa Garba,Submitted,2026-05-18,Documentation attached and submitted for review.
STP-000404,MEM-2026-00348,2,Departmental Recommendation,Head of Lending Operations,Adaeze Okonkwo,Recommended,2026-05-25,Reviewed and recommended for executive decision.
STP-000405,MEM-2025-00349,1,Submission,Originator,Segun Ogunleye,Submitted,2025-12-08,Documentation attached and submitted for review.
STP-000406,MEM-2025-00349,2,Departmental Recommendation,Head of Risk & Compliance,Bashir Aliyu,Recommended,2025-12-11,Reviewed and recommended for executive decision.
STP-000407,MEM-2025-00349,3,Executive Decision,Managing Director,Dr. Amina Bello,Approved,2025-12-17,Approved for implementation.
STP-000408,MEM-2025-00351,1,Submission,Originator,Adaeze Okonkwo,Submitted,2025-09-29,Documentation attached and submitted for review.
STP-000409,MEM-2025-00351,2,Departmental Recommendation,Head of Lending Operations,Adaeze Okonkwo,Recommended,2025-10-03,Reviewed and recommended for executive decision.
STP-000410,MEM-2025-00351,3,Executive Decision,Managing Director,Dr. Amina Bello,Declined,2025-10-06,Declined — to be re-presented with revised costing.
STP-000411,MEM-2026-00353,1,Submission,Originator,Zainab Yakubu,Submitted,2026-04-27,Documentation attached and submitted for review.
STP-000412,MEM-2026-00353,2,Departmental Recommendation,Head of Lending Operations,Adaeze Okonkwo,Returned,2026-04-30,Returned to originator — supporting documentation incomplete.
STP-000413,MEM-2026-00357,1,Submission,Originator,Funmi Adeyemi,Submitted,2026-05-27,Documentation attached and submitted for review.
STP-000414,MEM-2026-00357,2,Departmental Recommendation,Head of Human Resources,Grace Ibekwe,Recommended,2026-06-01,Reviewed and recommended for executive decision.
STP-000415,MEM-2026-00357,3,Executive Decision,Managing Director,Dr. Amina Bello,Approved,2026-06-08,Approved for implementation.
STP-000416,MEM-2026-00360,1,Submission,Originator,Ngozi Chukwu,Submitted,2026-03-02,Documentation attached and submitted for review.
STP-000417,MEM-2026-00360,2,Departmental Recommendation,Head of Risk & Compliance,Bashir Aliyu,Recommended,2026-03-06,Reviewed and recommended for executive decision.
STP-000418,MEM-2026-00360,3,Executive Decision,Managing Director,Dr. Amina Bello,Approved,2026-03-10,Approved for implementation.
STP-000419,MEM-2026-00363,1,Submission,Originator,Musa Garba,Submitted,2026-05-25,Documentation attached and submitted for review.
STP-000420,MEM-2026-00363,2,Departmental Recommendation,Head of Finance & Treasury,Kemi Oladele,Returned,2026-06-02,Returned to originator — supporting documentation incomplete.
STP-000421,MEM-2025-00365,1,Submission,Originator,Comfort Akinwale,Submitted,2025-11-21,Documentation attached and submitted for review.
STP-000422,MEM-2025-00365,2,Departmental Recommendation,Head of Lending Operations,Adaeze Okonkwo,Recommended,2025-11-26,Reviewed and recommended for executive decision.
STP-000423,MEM-2026-00366,1,Submission,Originator,Kemi Oladele,Submitted,2026-03-09,Documentation attached and submitted for review.
STP-000424,MEM-2026-00366,2,Departmental Recommendation,Head of Risk & Compliance,Bashir Aliyu,Recommended,2026-03-17,Reviewed and recommended for executive decision.
STP-000425,MEM-2026-00366,3,Executive Decision,Managing Director,Dr. Amina Bello,Approved,2026-03-30,Approved for implementation.
STP-000426,MEM-2026-00369,1,Submission,Originator,Funmi Adeyemi,Submitted,2026-07-20,Documentation attached and submitted for review.
STP-000427,MEM-2026-00369,2,Departmental Recommendation,Head of Human Resources,Grace Ibekwe,Recommended,2026-07-27,Reviewed and recommended for executive decision.
STP-000428,MEM-2026-00369,3,Executive Decision,Managing Director,Dr. Amina Bello,Pending,,
STP-000429,MEM-2025-00374,1,Submission,Originator,Emeka Nwosu,Submitted,2025-08-05,Documentation attached and submitted for review.
STP-000430,MEM-2025-00374,2,Departmental Recommendation,Head of ICT,Emeka Nwosu,Recommended,2025-08-08,Reviewed and recommended for executive decision.
STP-000431,MEM-2025-00374,3,Executive Decision,Managing Director,Dr. Amina Bello,Approved,2025-08-11,Approved for implementation.
STP-000432,MEM-2026-00382,1,Submission,Originator,Zainab Yakubu,Submitted,2026-07-06,Documentation attached and submitted for review.
STP-000433,MEM-2026-00382,2,Departmental Recommendation,Head of Lending Operations,Adaeze Okonkwo,Recommended,2026-07-13,Reviewed and recommended for executive decision.
STP-000434,MEM-2026-00382,3,Executive Decision,Managing Director,Dr. Amina Bello,Pending,,
STP-000435,MEM-2026-00383,1,Submission,Originator,Kemi Oladele,Submitted,2026-07-13,Documentation attached and submitted for review.
STP-000436,MEM-2026-00383,2,Departmental Recommendation,Head of Finance & Treasury,Kemi Oladele,Recommended,2026-07-20,Reviewed and recommended for executive decision.
STP-000437,MEM-2026-00383,3,Executive Decision,Managing Director,Dr. Amina Bello,Pending,,
STP-000438,MEM-2026-00386,1,Submission,Originator,Comfort Akinwale,Submitted,2026-01-13,Documentation attached and submitted for review.
STP-000439,MEM-2026-00386,2,Departmental Recommendation,Head of Finance & Treasury,Kemi Oladele,Recommended,2026-01-19,Reviewed and recommended for executive decision.
STP-000440,MEM-2026-00386,3,Executive Decision,Managing Director,Dr. Amina Bello,Approved,2026-01-26,Approved for implementation.
STP-000441,MEM-2026-00388,1,Submission,Originator,Kemi Oladele,Submitted,2026-03-13,Documentation attached and submitted for review.
STP-000442,MEM-2026-00388,2,Departmental Recommendation,Head of Finance & Treasury,Kemi Oladele,Recommended,2026-03-18,Reviewed and recommended for executive decision.
STP-000443,MEM-2026-00388,3,Executive Decision,Managing Director,Dr. Amina Bello,Approved,2026-04-01,Approved for implementation.
STP-000444,MEM-2025-00392,1,Submission,Originator,Funmi Adeyemi,Submitted,2025-09-15,Documentation attached and submitted for review.
STP-000445,MEM-2025-00392,2,Departmental Recommendation,Head of Growth & Strategy,Funmi Adeyemi,Recommended,2025-09-22,Reviewed and recommended for executive decision.
STP-000446,MEM-2025-00393,1,Submission,Originator,Ibrahim Bello,Submitted,2025-11-27,Documentation attached and submitted for review.
STP-000447,MEM-2025-00393,2,Departmental Recommendation,Head of Procurement,Ibrahim Bello,Returned,2025-12-05,Returned to originator — supporting documentation incomplete.
STP-000448,MEM-2026-00394,1,Submission,Originator,Aisha Lawal,Submitted,2026-03-26,Documentation attached and submitted for review.
STP-000449,MEM-2026-00394,2,Departmental Recommendation,Head of Procurement,Ibrahim Bello,Recommended,2026-03-30,Reviewed and recommended for executive decision.
STP-000450,MEM-2026-00394,3,Executive Decision,Managing Director,Dr. Amina Bello,Declined,2026-04-06,Declined — to be re-presented with revised costing.
STP-000451,MEM-2026-00397,1,Submission,Originator,Kemi Oladele,Submitted,2026-01-19,Documentation attached and submitted for review.
STP-000452,MEM-2026-00397,2,Departmental Recommendation,Head of Finance & Treasury,Kemi Oladele,Returned,2026-01-22,Returned to originator — supporting documentation incomplete.
STP-000453,MEM-2026-00400,1,Submission,Originator,Bashir Aliyu,Submitted,2026-06-04,Documentation attached and submitted for review.
STP-000454,MEM-2026-00400,2,Departmental Recommendation,Head of Risk & Compliance,Bashir Aliyu,Recommended,2026-06-09,Reviewed and recommended for executive decision.
STP-000455,MEM-2026-00400,3,Executive Decision,Managing Director,Dr. Amina Bello,Approved,2026-06-22,Approved for implementation.
STP-000456,MEM-2025-00402,1,Submission,Originator,Peter Adeniyi,Submitted,2025-10-28,Documentation attached and submitted for review.
STP-000457,MEM-2025-00402,2,Departmental Recommendation,"Head, Executive Admin",Peter Adeniyi,Recommended,2025-11-03,Reviewed and recommended for executive decision.
STP-000458,MEM-2025-00404,1,Submission,Originator,Ibrahim Bello,Submitted,2025-08-25,Documentation attached and submitted for review.
STP-000459,MEM-2025-00404,2,Departmental Recommendation,Head of Procurement,Ibrahim Bello,Returned,2025-08-27,Returned to originator — supporting documentation incomplete.
STP-000460,MEM-2025-00405,1,Submission,Originator,Halima Sani,Submitted,2025-12-08,Documentation attached and submitted for review.
STP-000461,MEM-2025-00405,2,Departmental Recommendation,Head of Finance & Treasury,Kemi Oladele,Recommended,2025-12-15,Reviewed and recommended for executive decision.
STP-000462,MEM-2025-00405,3,Executive Decision,Managing Director,Dr. Amina Bello,Approved,2025-12-29,Approved for implementation.
STP-000463,MEM-2025-00406,1,Submission,Originator,Emeka Nwosu,Submitted,2025-08-11,Documentation attached and submitted for review.
STP-000464,MEM-2025-00406,2,Departmental Recommendation,Head of ICT,Emeka Nwosu,Returned,2025-08-12,Returned to originator — supporting documentation incomplete.
STP-000465,MEM-2025-00409,1,Submission,Originator,Kemi Oladele,Submitted,2025-08-07,Documentation attached and submitted for review.
STP-000466,MEM-2025-00409,2,Departmental Recommendation,Head of Finance & Treasury,Kemi Oladele,Recommended,2025-08-11,Reviewed and recommended for executive decision.
STP-000467,MEM-2025-00409,3,Executive Decision,Managing Director,Dr. Amina Bello,Approved,2025-08-25,Approved for implementation.
STP-000468,MEM-2026-00410,1,Submission,Originator,Blessing Ekanem,Submitted,2026-06-08,Documentation attached and submitted for review.
STP-000469,MEM-2026-00410,2,Departmental Recommendation,Head of Lending Operations,Adaeze Okonkwo,Recommended,2026-06-12,Reviewed and recommended for executive decision.
STP-000470,MEM-2026-00410,3,Executive Decision,Managing Director,Dr. Amina Bello,Approved,2026-06-25,Approved for implementation.
STP-000471,MEM-2026-00413,1,Submission,Originator,Funmi Adeyemi,Submitted,2026-03-25,Documentation attached and submitted for review.
STP-000472,MEM-2026-00413,2,Departmental Recommendation,Head of Growth & Strategy,Funmi Adeyemi,Recommended,2026-03-30,Reviewed and recommended for executive decision.
STP-000473,MEM-2025-00414,1,Submission,Originator,Kemi Oladele,Submitted,2025-12-22,Documentation attached and submitted for review.
STP-000474,MEM-2025-00414,2,Departmental Recommendation,Head of Lending Operations,Adaeze Okonkwo,Recommended,2025-12-29,Reviewed and recommended for executive decision.
STP-000475,MEM-2025-00414,3,Executive Decision,Managing Director,Dr. Amina Bello,Declined,2026-01-02,Declined — to be re-presented with revised costing.
STP-000476,MEM-2026-00415,1,Submission,Originator,Bashir Aliyu,Submitted,2026-07-16,Documentation attached and submitted for review.
STP-000477,MEM-2026-00415,2,Departmental Recommendation,Head of Risk & Compliance,Bashir Aliyu,Returned,2026-07-24,Returned to originator — supporting documentation incomplete.
STP-000478,MEM-2026-00416,1,Submission,Originator,Grace Ibekwe,Submitted,2026-05-11,Documentation attached and submitted for review.
STP-000479,MEM-2026-00416,2,Departmental Recommendation,Head of Human Resources,Grace Ibekwe,Recommended,2026-05-18,Reviewed and recommended for executive decision.
STP-000480,MEM-2026-00416,3,Executive Decision,Managing Director,Dr. Amina Bello,Approved,2026-06-01,Approved for implementation.
STP-000481,MEM-2025-00417,1,Submission,Originator,Ibrahim Bello,Submitted,2025-11-11,Documentation attached and submitted for review.
STP-000482,MEM-2025-00417,2,Departmental Recommendation,Head of Procurement,Ibrahim Bello,Recommended,2025-11-19,Reviewed and recommended for executive decision.
STP-000483,MEM-2025-00417,3,Executive Decision,Managing Director,Dr. Amina Bello,Approved,2025-11-24,Approved for implementation.
STP-000484,MEM-2026-00418,1,Submission,Originator,Adaeze Okonkwo,Submitted,2026-07-29,Documentation attached and submitted for review.
STP-000485,MEM-2026-00418,2,Departmental Recommendation,Head of Lending Operations,Adaeze Okonkwo,Pending,,
STP-000486,MEM-2026-00419,1,Submission,Originator,Funmi Adeyemi,Submitted,2026-03-12,Documentation attached and submitted for review.
STP-000487,MEM-2026-00419,2,Departmental Recommendation,Head of Growth & Strategy,Funmi Adeyemi,Recommended,2026-03-16,Reviewed and recommended for executive decision.
STP-000488,MEM-2025-00420,1,Submission,Originator,Emeka Nwosu,Submitted,2025-11-13,Documentation attached and submitted for review.
STP-000489,MEM-2025-00420,2,Departmental Recommendation,Head of ICT,Emeka Nwosu,Recommended,2025-11-17,Reviewed and recommended for executive decision.
STP-000490,MEM-2025-00420,3,Executive Decision,Managing Director,Dr. Amina Bello,Approved,2025-12-02,Approved for implementation.
STP-000491,MEM-2025-00422,1,Submission,Originator,Peter Adeniyi,Submitted,2025-11-24,Documentation attached and submitted for review.
STP-000492,MEM-2025-00422,2,Departmental Recommendation,Head of Lending Operations,Adaeze Okonkwo,Returned,2025-11-28,Returned to originator — supporting documentation incomplete.
STP-000493,MEM-2026-00423,1,Submission,Originator,Tunde Balogun,Submitted,2026-02-23,Documentation attached and submitted for review.
STP-000494,MEM-2026-00423,2,Departmental Recommendation,Head of Finance & Treasury,Kemi Oladele,Returned,2026-03-03,Returned to originator — supporting documentation incomplete.
STP-000495,MEM-2026-00426,1,Submission,Originator,Comfort Akinwale,Submitted,2026-04-16,Documentation attached and submitted for review.
STP-000496,MEM-2026-00426,2,Departmental Recommendation,Head of Growth & Strategy,Funmi Adeyemi,Recommended,2026-04-20,Reviewed and recommended for executive decision.
STP-000497,MEM-2026-00426,3,Executive Decision,Managing Director,Dr. Amina Bello,Approved,2026-05-04,Approved for implementation.
STP-000498,MEM-2026-00427,1,Submission,Originator,Kemi Oladele,Submitted,2026-01-05,Documentation attached and submitted for review.
STP-000499,MEM-2026-00427,2,Departmental Recommendation,Head of Finance & Treasury,Kemi Oladele,Recommended,2026-01-08,Reviewed and recommended for executive decision.
STP-000500,MEM-2025-00430,1,Submission,Originator,Emeka Nwosu,Submitted,2025-08-25,Documentation attached and submitted for review.
STP-000501,MEM-2025-00430,2,Departmental Recommendation,Head of Finance & Treasury,Kemi Oladele,Recommended,2025-09-01,Reviewed and recommended for executive decision.
STP-000502,MEM-2026-00431,1,Submission,Originator,Yusuf Danjuma,Submitted,2026-03-20,Documentation attached and submitted for review.
STP-000503,MEM-2026-00431,2,Departmental Recommendation,Head of Risk & Compliance,Bashir Aliyu,Recommended,2026-03-23,Reviewed and recommended for executive decision.
STP-000504,MEM-2026-00431,3,Executive Decision,Managing Director,Dr. Amina Bello,Declined,2026-04-06,Declined — to be re-presented with revised costing.
STP-000505,MEM-2025-00439,1,Submission,Originator,Aisha Lawal,Submitted,2025-11-07,Documentation attached and submitted for review.
STP-000506,MEM-2025-00439,2,Departmental Recommendation,Head of Finance & Treasury,Kemi Oladele,Recommended,2025-11-13,Reviewed and recommended for executive decision.
STP-000507,MEM-2025-00439,3,Executive Decision,Managing Director,Dr. Amina Bello,Approved,2025-11-24,Approved for implementation.
STP-000508,MEM-2026-00443,1,Submission,Originator,Funmi Adeyemi,Submitted,2026-05-25,Documentation attached and submitted for review.
STP-000509,MEM-2026-00443,2,Departmental Recommendation,Head of Growth & Strategy,Funmi Adeyemi,Recommended,2026-05-27,Reviewed and recommended for executive decision.
STP-000510,MEM-2026-00448,1,Submission,Originator,Ibrahim Bello,Submitted,2026-06-15,Documentation attached and submitted for review.
STP-000511,MEM-2026-00448,2,Departmental Recommendation,Head of Procurement,Ibrahim Bello,Recommended,2026-06-19,Reviewed and recommended for executive decision.
STP-000512,MEM-2026-00448,3,Executive Decision,Managing Director,Dr. Amina Bello,Approved,2026-06-22,Approved for implementation.
STP-000513,MEM-2026-00449,1,Submission,Originator,Funmi Adeyemi,Submitted,2026-07-08,Documentation attached and submitted for review.
STP-000514,MEM-2026-00449,2,Departmental Recommendation,Head of Lending Operations,Adaeze Okonkwo,Recommended,2026-07-15,Reviewed and recommended for executive decision.
STP-000515,MEM-2026-00449,3,Executive Decision,Managing Director,Dr. Amina Bello,Pending,,
STP-000516,MEM-2025-00452,1,Submission,Originator,Adaeze Okonkwo,Submitted,2025-10-23,Documentation attached and submitted for review.
STP-000517,MEM-2025-00452,2,Departmental Recommendation,Head of Lending Operations,Adaeze Okonkwo,Recommended,2025-10-27,Reviewed and recommended for executive decision.
STP-000518,MEM-2025-00455,1,Submission,Originator,Tunde Balogun,Submitted,2025-11-14,Documentation attached and submitted for review.
STP-000519,MEM-2025-00455,2,Departmental Recommendation,Head of Risk & Compliance,Bashir Aliyu,Recommended,2025-11-17,Reviewed and recommended for executive decision.
STP-000520,MEM-2026-00457,1,Submission,Originator,Tunde Balogun,Submitted,2026-02-09,Documentation attached and submitted for review.
STP-000521,MEM-2026-00457,2,Departmental Recommendation,Head of ICT,Emeka Nwosu,Recommended,2026-02-16,Reviewed and recommended for executive decision.
STP-000522,MEM-2026-00457,3,Executive Decision,Managing Director,Dr. Amina Bello,Approved,2026-03-02,Approved for implementation.
STP-000523,MEM-2025-00459,1,Submission,Originator,Ibrahim Bello,Submitted,2025-09-24,Documentation attached and submitted for review.
STP-000524,MEM-2025-00459,2,Departmental Recommendation,Head of Procurement,Ibrahim Bello,Recommended,2025-10-01,Reviewed and recommended for executive decision.
STP-000525,MEM-2025-00459,3,Executive Decision,Managing Director,Dr. Amina Bello,Approved,2025-10-09,Approved for implementation.
STP-000526,MEM-2026-00464,1,Submission,Originator,Adaeze Okonkwo,Submitted,2026-07-24,Documentation attached and submitted for review.
STP-000527,MEM-2026-00464,2,Departmental Recommendation,Head of Finance & Treasury,Kemi Oladele,Pending,,
STP-000528,MEM-2025-00465,1,Submission,Originator,Emeka Nwosu,Submitted,2025-09-24,Documentation attached and submitted for review.
STP-000529,MEM-2025-00465,2,Departmental Recommendation,Head of Finance & Treasury,Kemi Oladele,Recommended,2025-09-30,Reviewed and recommended for executive decision.
STP-000530,MEM-2026-00467,1,Submission,Originator,Yusuf Danjuma,Submitted,2026-01-26,Documentation attached and submitted for review.
STP-000531,MEM-2026-00467,2,Departmental Recommendation,Head of ICT,Emeka Nwosu,Recommended,2026-02-02,Reviewed and recommended for executive decision.
STP-000532,MEM-2026-00467,3,Executive Decision,Managing Director,Dr. Amina Bello,Declined,2026-02-10,Declined — to be re-presented with revised costing.
STP-000533,MEM-2026-00470,1,Submission,Originator,Grace Ibekwe,Submitted,2026-05-11,Documentation attached and submitted for review.
STP-000534,MEM-2026-00470,2,Departmental Recommendation,Head of Human Resources,Grace Ibekwe,Recommended,2026-05-13,Reviewed and recommended for executive decision.
STP-000535,MEM-2026-00474,1,Submission,Originator,Segun Ogunleye,Submitted,2026-02-16,Documentation attached and submitted for review.
STP-000536,MEM-2026-00474,2,Departmental Recommendation,Head of Lending Operations,Adaeze Okonkwo,Recommended,2026-02-23,Reviewed and recommended for executive decision.
STP-000537,MEM-2025-00475,1,Submission,Originator,Adaeze Okonkwo,Submitted,2025-09-08,Documentation attached and submitted for review.
STP-000538,MEM-2025-00475,2,Departmental Recommendation,Head of Lending Operations,Adaeze Okonkwo,Recommended,2025-09-15,Reviewed and recommended for executive decision.
STP-000539,MEM-2025-00475,3,Executive Decision,Managing Director,Dr. Amina Bello,Approved,2025-09-22,Approved for implementation.
STP-000540,MEM-2026-00478,1,Submission,Originator,Ngozi Chukwu,Submitted,2026-02-02,Documentation attached and submitted for review.
STP-000541,MEM-2026-00478,2,Departmental Recommendation,Head of Lending Operations,Adaeze Okonkwo,Recommended,2026-02-05,Reviewed and recommended for executive decision.
STP-000542,MEM-2026-00479,1,Submission,Originator,Mark Uche,Submitted,2026-04-02,Documentation attached and submitted for review.
STP-000543,MEM-2026-00479,2,Departmental Recommendation,Head of Procurement,Ibrahim Bello,Recommended,2026-04-09,Reviewed and recommended for executive decision.
STP-000544,MEM-2026-00479,3,Executive Decision,Managing Director,Dr. Amina Bello,Approved,2026-04-24,Approved for implementation.
STP-000545,MEM-2025-00480,1,Submission,Originator,Musa Garba,Submitted,2025-11-24,Documentation attached and submitted for review.
STP-000546,MEM-2025-00480,2,Departmental Recommendation,Head of Human Resources,Grace Ibekwe,Recommended,2025-11-27,Reviewed and recommended for executive decision.
STP-000547,MEM-2025-00481,1,Submission,Originator,Adaeze Okonkwo,Submitted,2025-10-31,Documentation attached and submitted for review.
STP-000548,MEM-2025-00481,2,Departmental Recommendation,Head of Human Resources,Grace Ibekwe,Returned,2025-11-03,Returned to originator — supporting documentation incomplete.
STP-000549,MEM-2025-00482,1,Submission,Originator,Yusuf Danjuma,Submitted,2025-11-03,Documentation attached and submitted for review.
STP-000550,MEM-2025-00482,2,Departmental Recommendation,Head of Human Resources,Grace Ibekwe,Recommended,2025-11-10,Reviewed and recommended for executive decision.
STP-000551,MEM-2025-00482,3,Executive Decision,Managing Director,Dr. Amina Bello,Approved,2025-11-18,Approved for implementation.
STP-000552,MEM-2025-00483,1,Submission,Originator,Segun Ogunleye,Submitted,2025-11-12,Documentation attached and submitted for review.
STP-000553,MEM-2025-00483,2,Departmental Recommendation,"Head, Executive Admin",Peter Adeniyi,Recommended,2025-11-18,Reviewed and recommended for executive decision.
STP-000554,MEM-2025-00485,1,Submission,Originator,Ibrahim Bello,Submitted,2025-10-17,Documentation attached and submitted for review.
STP-000555,MEM-2025-00485,2,Departmental Recommendation,Head of Procurement,Ibrahim Bello,Recommended,2025-10-24,Reviewed and recommended for executive decision.
STP-000556,MEM-2025-00485,3,Executive Decision,Managing Director,Dr. Amina Bello,Declined,2025-11-07,Declined — to be re-presented with revised costing.
STP-000557,MEM-2025-00489,1,Submission,Originator,Grace Ibekwe,Submitted,2025-09-09,Documentation attached and submitted for review.
STP-000558,MEM-2025-00489,2,Departmental Recommendation,Head of Human Resources,Grace Ibekwe,Recommended,2025-09-15,Reviewed and recommended for executive decision.
STP-000559,MEM-2025-00490,1,Submission,Originator,Adaeze Okonkwo,Submitted,2025-11-07,Documentation attached and submitted for review.
STP-000560,MEM-2025-00490,2,Departmental Recommendation,Head of Procurement,Ibrahim Bello,Recommended,2025-11-10,Reviewed and recommended for executive decision.
STP-000561,MEM-2025-00490,3,Executive Decision,Managing Director,Dr. Amina Bello,Approved,2025-11-18,Approved for implementation.
STP-000562,MEM-2026-00492,1,Submission,Originator,Comfort Akinwale,Submitted,2026-07-14,Documentation attached and submitted for review.
STP-000563,MEM-2026-00492,2,Departmental Recommendation,Head of ICT,Emeka Nwosu,Recommended,2026-07-15,Reviewed and recommended for executive decision.
STP-000564,MEM-2026-00492,3,Executive Decision,Managing Director,Dr. Amina Bello,Pending,,
STP-000565,MEM-2026-00494,1,Submission,Originator,Emeka Nwosu,Submitted,2026-03-09,Documentation attached and submitted for review.
STP-000566,MEM-2026-00494,2,Departmental Recommendation,Head of ICT,Emeka Nwosu,Recommended,2026-03-17,Reviewed and recommended for executive decision.
STP-000567,MEM-2026-00494,3,Executive Decision,Managing Director,Dr. Amina Bello,Approved,2026-03-25,Approved for implementation.
STP-000568,MEM-2026-00499,1,Submission,Originator,Grace Ibekwe,Submitted,2026-02-19,Documentation attached and submitted for review.
STP-000569,MEM-2026-00499,2,Departmental Recommendation,Head of Human Resources,Grace Ibekwe,Recommended,2026-02-24,Reviewed and recommended for executive decision.
STP-000570,MEM-2026-00499,3,Executive Decision,Managing Director,Dr. Amina Bello,Approved,2026-02-26,Approved for implementation.
STP-000571,MEM-2026-00501,1,Submission,Originator,Bashir Aliyu,Submitted,2026-06-02,Documentation attached and submitted for review.
STP-000572,MEM-2026-00501,2,Departmental Recommendation,Head of Risk & Compliance,Bashir Aliyu,Recommended,2026-06-05,Reviewed and recommended for executive decision.
STP-000573,MEM-2026-00501,3,Executive Decision,Managing Director,Dr. Amina Bello,Approved,2026-06-08,Approved for implementation.
STP-000574,MEM-2025-00502,1,Submission,Originator,Comfort Akinwale,Submitted,2025-09-19,Documentation attached and submitted for review.
STP-000575,MEM-2025-00502,2,Departmental Recommendation,Head of Finance & Treasury,Kemi Oladele,Recommended,2025-09-22,Reviewed and recommended for executive decision.
STP-000576,MEM-2025-00503,1,Submission,Originator,Adaeze Okonkwo,Submitted,2025-10-15,Documentation attached and submitted for review.
STP-000577,MEM-2025-00503,2,Departmental Recommendation,Head of Lending Operations,Adaeze Okonkwo,Recommended,2025-10-20,Reviewed and recommended for executive decision.
STP-000578,MEM-2025-00503,3,Executive Decision,Managing Director,Dr. Amina Bello,Approved,2025-10-27,Approved for implementation.
STP-000579,MEM-2025-00504,1,Submission,Originator,Bashir Aliyu,Submitted,2025-09-01,Documentation attached and submitted for review.
STP-000580,MEM-2025-00504,2,Departmental Recommendation,Head of Human Resources,Grace Ibekwe,Returned,2025-09-02,Returned to originator — supporting documentation incomplete.
STP-000581,MEM-2026-00505,1,Submission,Originator,Ibrahim Bello,Submitted,2026-07-13,Documentation attached and submitted for review.
STP-000582,MEM-2026-00505,2,Departmental Recommendation,Head of Lending Operations,Adaeze Okonkwo,Recommended,2026-07-15,Reviewed and recommended for executive decision.
STP-000583,MEM-2026-00505,3,Executive Decision,Managing Director,Dr. Amina Bello,Approved,2026-07-30,Approved for implementation.
STP-000584,MEM-2025-00506,1,Submission,Originator,Grace Ibekwe,Submitted,2025-10-07,Documentation attached and submitted for review.
STP-000585,MEM-2025-00506,2,Departmental Recommendation,Head of Human Resources,Grace Ibekwe,Recommended,2025-10-09,Reviewed and recommended for executive decision.
STP-000586,MEM-2025-00506,3,Executive Decision,Managing Director,Dr. Amina Bello,Approved,2025-10-17,Approved for implementation.
STP-000587,MEM-2026-00507,1,Submission,Originator,Comfort Akinwale,Submitted,2026-02-24,Documentation attached and submitted for review.
STP-000588,MEM-2026-00507,2,Departmental Recommendation,Head of Human Resources,Grace Ibekwe,Recommended,2026-03-02,Reviewed and recommended for executive decision.
STP-000589,MEM-2026-00509,1,Submission,Originator,Peter Adeniyi,Submitted,2026-03-20,Documentation attached and submitted for review.
STP-000590,MEM-2026-00509,2,Departmental Recommendation,"Head, Executive Admin",Peter Adeniyi,Recommended,2026-03-27,Reviewed and recommended for executive decision.
STP-000591,MEM-2026-00510,1,Submission,Originator,Adaeze Okonkwo,Submitted,2026-02-18,Documentation attached and submitted for review.
STP-000592,MEM-2026-00510,2,Departmental Recommendation,Head of Lending Operations,Adaeze Okonkwo,Recommended,2026-02-23,Reviewed and recommended for executive decision.
STP-000593,MEM-2026-00510,3,Executive Decision,Managing Director,Dr. Amina Bello,Approved,2026-02-24,Approved for implementation.
STP-000594,MEM-2025-00515,1,Submission,Originator,Grace Ibekwe,Submitted,2025-12-29,Documentation attached and submitted for review.
STP-000595,MEM-2025-00515,2,Departmental Recommendation,Head of Human Resources,Grace Ibekwe,Recommended,2026-01-06,Reviewed and recommended for executive decision.
STP-000596,MEM-2025-00515,3,Executive Decision,Managing Director,Dr. Amina Bello,Approved,2026-01-19,Approved for implementation.
STP-000597,MEM-2025-00517,1,Submission,Originator,Adaeze Okonkwo,Submitted,2025-09-08,Documentation attached and submitted for review.
STP-000598,MEM-2025-00517,2,Departmental Recommendation,Head of Lending Operations,Adaeze Okonkwo,Recommended,2025-09-12,Reviewed and recommended for executive decision.
STP-000599,MEM-2025-00517,3,Executive Decision,Managing Director,Dr. Amina Bello,Approved,2025-09-24,Approved for implementation.
STP-000600,MEM-2026-00519,1,Submission,Originator,Funmi Adeyemi,Submitted,2026-01-02,Documentation attached and submitted for review.
STP-000601,MEM-2026-00519,2,Departmental Recommendation,Head of Growth & Strategy,Funmi Adeyemi,Recommended,2026-01-05,Reviewed and recommended for executive decision.
STP-000602,MEM-2026-00519,3,Executive Decision,Managing Director,Dr. Amina Bello,Approved,2026-01-20,Approved for implementation.
STP-000603,MEM-2025-00520,1,Submission,Originator,Halima Sani,Submitted,2025-11-04,Documentation attached and submitted for review.
STP-000604,MEM-2025-00520,2,Departmental Recommendation,"Head, Executive Admin",Peter Adeniyi,Recommended,2025-11-12,Reviewed and recommended for executive decision.
STP-000605,MEM-2026-00527,1,Submission,Originator,Ibrahim Bello,Submitted,2026-03-03,Documentation attached and submitted for review.
STP-000606,MEM-2026-00527,2,Departmental Recommendation,Head of ICT,Emeka Nwosu,Recommended,2026-03-04,Reviewed and recommended for executive decision.
STP-000607,MEM-2026-00527,3,Executive Decision,Managing Director,Dr. Amina Bello,Approved,2026-03-13,Approved for implementation.
STP-000608,MEM-2026-00528,1,Submission,Originator,Musa Garba,Submitted,2026-04-10,Documentation attached and submitted for review.
STP-000609,MEM-2026-00528,2,Departmental Recommendation,Head of Human Resources,Grace Ibekwe,Recommended,2026-04-13,Reviewed and recommended for executive decision.
STP-000610,MEM-2026-00529,1,Submission,Originator,Kemi Oladele,Submitted,2026-05-11,Documentation attached and submitted for review.
STP-000611,MEM-2026-00529,2,Departmental Recommendation,Head of Human Resources,Grace Ibekwe,Recommended,2026-05-18,Reviewed and recommended for executive decision.
STP-000612,MEM-2026-00529,3,Executive Decision,Managing Director,Dr. Amina Bello,Approved,2026-05-19,Approved for implementation.
STP-000613,MEM-2025-00530,1,Submission,Originator,Ibrahim Bello,Submitted,2025-09-22,Documentation attached and submitted for review.
STP-000614,MEM-2025-00530,2,Departmental Recommendation,Head of Procurement,Ibrahim Bello,Recommended,2025-09-26,Reviewed and recommended for executive decision.
STP-000615,MEM-2025-00532,1,Submission,Originator,Mark Uche,Submitted,2025-10-15,Documentation attached and submitted for review.
STP-000616,MEM-2025-00532,2,Departmental Recommendation,Head of Finance & Treasury,Kemi Oladele,Recommended,2025-10-17,Reviewed and recommended for executive decision.
STP-000617,MEM-2025-00532,3,Executive Decision,Managing Director,Dr. Amina Bello,Approved,2025-10-20,Approved for implementation.
STP-000618,MEM-2026-00536,1,Submission,Originator,Zainab Yakubu,Submitted,2026-03-24,Documentation attached and submitted for review.
STP-000619,MEM-2026-00536,2,Departmental Recommendation,Head of Lending Operations,Adaeze Okonkwo,Recommended,2026-03-30,Reviewed and recommended for executive decision.
STP-000620,MEM-2026-00536,3,Executive Decision,Managing Director,Dr. Amina Bello,Declined,2026-04-13,Declined — to be re-presented with revised costing.
STP-000621,MEM-2026-00543,1,Submission,Originator,Ibrahim Bello,Submitted,2026-04-27,Documentation attached and submitted for review.
STP-000622,MEM-2026-00543,2,Departmental Recommendation,Head of Procurement,Ibrahim Bello,Recommended,2026-05-04,Reviewed and recommended for executive decision.
STP-000623,MEM-2026-00543,3,Executive Decision,Managing Director,Dr. Amina Bello,Approved,2026-05-11,Approved for implementation.
STP-000624,MEM-2026-00547,1,Submission,Originator,Mark Uche,Submitted,2026-02-17,Documentation attached and submitted for review.
STP-000625,MEM-2026-00547,2,Departmental Recommendation,Head of Human Resources,Grace Ibekwe,Recommended,2026-02-20,Reviewed and recommended for executive decision.
STP-000626,MEM-2026-00547,3,Executive Decision,Managing Director,Dr. Amina Bello,Approved,2026-02-24,Approved for implementation.
STP-000627,MEM-2025-00549,1,Submission,Originator,Musa Garba,Submitted,2025-08-22,Documentation attached and submitted for review.
STP-000628,MEM-2025-00549,2,Departmental Recommendation,Head of ICT,Emeka Nwosu,Recommended,2025-08-28,Reviewed and recommended for executive decision.
STP-000629,MEM-2025-00549,3,Executive Decision,Managing Director,Dr. Amina Bello,Approved,2025-09-10,Approved for implementation.
STP-000630,MEM-2026-00550,1,Submission,Originator,Chinedu Eze,Submitted,2026-02-02,Documentation attached and submitted for review.
STP-000631,MEM-2026-00550,2,Departmental Recommendation,Head of Procurement,Ibrahim Bello,Recommended,2026-02-09,Reviewed and recommended for executive decision.
STP-000632,MEM-2026-00551,1,Submission,Originator,Ibrahim Bello,Submitted,2026-05-29,Documentation attached and submitted for review.
STP-000633,MEM-2026-00551,2,Departmental Recommendation,Head of Lending Operations,Adaeze Okonkwo,Recommended,2026-06-04,Reviewed and recommended for executive decision.
STP-000634,MEM-2026-00551,3,Executive Decision,Managing Director,Dr. Amina Bello,Approved,2026-06-12,Approved for implementation.
STP-000635,MEM-2026-00554,1,Submission,Originator,Kemi Oladele,Submitted,2026-06-29,Documentation attached and submitted for review.
STP-000636,MEM-2026-00554,2,Departmental Recommendation,Head of Finance & Treasury,Kemi Oladele,Recommended,2026-07-03,Reviewed and recommended for executive decision.
STP-000637,MEM-2025-00558,1,Submission,Originator,Emeka Nwosu,Submitted,2025-10-23,Documentation attached and submitted for review.
STP-000638,MEM-2025-00558,2,Departmental Recommendation,Head of ICT,Emeka Nwosu,Recommended,2025-10-24,Reviewed and recommended for executive decision.
STP-000639,MEM-2025-00558,3,Executive Decision,Managing Director,Dr. Amina Bello,Approved,2025-10-31,Approved for implementation.
STP-000640,MEM-2025-00559,1,Submission,Originator,Bashir Aliyu,Submitted,2025-10-13,Documentation attached and submitted for review.
STP-000641,MEM-2025-00559,2,Departmental Recommendation,Head of Human Resources,Grace Ibekwe,Recommended,2025-10-20,Reviewed and recommended for executive decision.
STP-000642,MEM-2025-00560,1,Submission,Originator,Aisha Lawal,Submitted,2025-08-15,Documentation attached and submitted for review.
STP-000643,MEM-2025-00560,2,Departmental Recommendation,Head of ICT,Emeka Nwosu,Recommended,2025-08-21,Reviewed and recommended for executive decision.
STP-000644,MEM-2025-00560,3,Executive Decision,Managing Director,Dr. Amina Bello,Approved,2025-09-03,Approved for implementation.
STP-000645,MEM-2026-00561,1,Submission,Originator,Emeka Nwosu,Submitted,2026-04-10,Documentation attached and submitted for review.
STP-000646,MEM-2026-00561,2,Departmental Recommendation,Head of ICT,Emeka Nwosu,Recommended,2026-04-14,Reviewed and recommended for executive decision.
STP-000647,MEM-2026-00561,3,Executive Decision,Managing Director,Dr. Amina Bello,Approved,2026-04-27,Approved for implementation.
STP-000648,MEM-2026-00562,1,Submission,Originator,Emeka Nwosu,Submitted,2026-04-28,Documentation attached and submitted for review.
STP-000649,MEM-2026-00562,2,Departmental Recommendation,Head of Lending Operations,Adaeze Okonkwo,Recommended,2026-05-01,Reviewed and recommended for executive decision.
STP-000650,MEM-2026-00562,3,Executive Decision,Managing Director,Dr. Amina Bello,Approved,2026-05-11,Approved for implementation.
STP-000651,MEM-2026-00564,1,Submission,Originator,Blessing Ekanem,Submitted,2026-03-03,Documentation attached and submitted for review.
STP-000652,MEM-2026-00564,2,Departmental Recommendation,Head of Finance & Treasury,Kemi Oladele,Recommended,2026-03-05,Reviewed and recommended for executive decision.
STP-000653,MEM-2026-00564,3,Executive Decision,Managing Director,Dr. Amina Bello,Declined,2026-03-09,Declined — to be re-presented with revised costing.
STP-000654,MEM-2026-00565,1,Submission,Originator,Yusuf Danjuma,Submitted,2026-03-26,Documentation attached and submitted for review.
STP-000655,MEM-2026-00565,2,Departmental Recommendation,Head of Procurement,Ibrahim Bello,Recommended,2026-03-30,Reviewed and recommended for executive decision.
STP-000656,MEM-2026-00565,3,Executive Decision,Managing Director,Dr. Amina Bello,Approved,2026-04-01,Approved for implementation.
STP-000657,MEM-2026-00567,1,Submission,Originator,Chinedu Eze,Submitted,2026-05-04,Documentation attached and submitted for review.
STP-000658,MEM-2026-00567,2,Departmental Recommendation,Head of Growth & Strategy,Funmi Adeyemi,Recommended,2026-05-11,Reviewed and recommended for executive decision.
STP-000659,MEM-2026-00567,3,Executive Decision,Managing Director,Dr. Amina Bello,Approved,2026-05-19,Approved for implementation.
STP-000660,MEM-2026-00568,1,Submission,Originator,Mark Uche,Submitted,2026-06-15,Documentation attached and submitted for review.
STP-000661,MEM-2026-00568,2,Departmental Recommendation,Head of Procurement,Ibrahim Bello,Recommended,2026-06-19,Reviewed and recommended for executive decision.
STP-000662,MEM-2026-00568,3,Executive Decision,Managing Director,Dr. Amina Bello,Approved,2026-06-29,Approved for implementation.
STP-000663,MEM-2025-00570,1,Submission,Originator,Yusuf Danjuma,Submitted,2025-09-09,Documentation attached and submitted for review.
STP-000664,MEM-2025-00570,2,Departmental Recommendation,Head of Finance & Treasury,Kemi Oladele,Recommended,2025-09-11,Reviewed and recommended for executive decision.
STP-000665,MEM-2025-00570,3,Executive Decision,Managing Director,Dr. Amina Bello,Approved,2025-09-22,Approved for implementation.
STP-000666,MEM-2026-00571,1,Submission,Originator,Ibrahim Bello,Submitted,2026-06-08,Documentation attached and submitted for review.
STP-000667,MEM-2026-00571,2,Departmental Recommendation,Head of Procurement,Ibrahim Bello,Recommended,2026-06-15,Reviewed and recommended for executive decision.
STP-000668,MEM-2026-00571,3,Executive Decision,Managing Director,Dr. Amina Bello,Declined,2026-06-16,Declined — to be re-presented with revised costing.
STP-000669,MEM-2026-00572,1,Submission,Originator,Aisha Lawal,Submitted,2026-05-20,Documentation attached and submitted for review.
STP-000670,MEM-2026-00572,2,Departmental Recommendation,Head of Procurement,Ibrahim Bello,Recommended,2026-05-25,Reviewed and recommended for executive decision.
STP-000671,MEM-2026-00574,1,Submission,Originator,Emeka Nwosu,Submitted,2026-06-26,Documentation attached and submitted for review.
STP-000672,MEM-2026-00574,2,Departmental Recommendation,Head of ICT,Emeka Nwosu,Recommended,2026-07-06,Reviewed and recommended for executive decision.
STP-000673,MEM-2026-00574,3,Executive Decision,Managing Director,Dr. Amina Bello,Pending,,
STP-000674,MEM-2026-00576,1,Submission,Originator,Ibrahim Bello,Submitted,2026-07-17,Documentation attached and submitted for review.
STP-000675,MEM-2026-00576,2,Departmental Recommendation,Head of Procurement,Ibrahim Bello,Recommended,2026-07-20,Reviewed and recommended for executive decision.
STP-000676,MEM-2025-00578,1,Submission,Originator,Ibrahim Bello,Submitted,2025-12-15,Documentation attached and submitted for review.
STP-000677,MEM-2025-00578,2,Departmental Recommendation,Head of Procurement,Ibrahim Bello,Recommended,2025-12-22,Reviewed and recommended for executive decision.
STP-000678,MEM-2025-00578,3,Executive Decision,Managing Director,Dr. Amina Bello,Approved,2025-12-29,Approved for implementation.
STP-000679,MEM-2026-00579,1,Submission,Originator,Ibrahim Bello,Submitted,2026-05-13,Documentation attached and submitted for review.
STP-000680,MEM-2026-00579,2,Departmental Recommendation,Head of Human Resources,Grace Ibekwe,Recommended,2026-05-18,Reviewed and recommended for executive decision.
STP-000681,MEM-2026-00579,3,Executive Decision,Managing Director,Dr. Amina Bello,Approved,2026-06-01,Approved for implementation.
STP-000682,MEM-2026-00581,1,Submission,Originator,Funmi Adeyemi,Submitted,2026-04-20,Documentation attached and submitted for review.
STP-000683,MEM-2026-00581,2,Departmental Recommendation,Head of Growth & Strategy,Funmi Adeyemi,Returned,2026-04-22,Returned to originator — supporting documentation incomplete.
STP-000684,MEM-2026-00582,1,Submission,Originator,Peter Adeniyi,Submitted,2026-03-27,Documentation attached and submitted for review.
STP-000685,MEM-2026-00582,2,Departmental Recommendation,"Head, Executive Admin",Peter Adeniyi,Recommended,2026-03-31,Reviewed and recommended for executive decision.
STP-000686,MEM-2025-00584,1,Submission,Originator,Ibrahim Bello,Submitted,2025-09-15,Documentation attached and submitted for review.
STP-000687,MEM-2025-00584,2,Departmental Recommendation,Head of Finance & Treasury,Kemi Oladele,Recommended,2025-09-17,Reviewed and recommended for executive decision.
STP-000688,MEM-2025-00584,3,Executive Decision,Managing Director,Dr. Amina Bello,Approved,2025-09-30,Approved for implementation.
STP-000689,MEM-2026-00585,1,Submission,Originator,Tunde Balogun,Submitted,2026-03-24,Documentation attached and submitted for review.
STP-000690,MEM-2026-00585,2,Departmental Recommendation,Head of ICT,Emeka Nwosu,Recommended,2026-03-30,Reviewed and recommended for executive decision.
STP-000691,MEM-2026-00585,3,Executive Decision,Managing Director,Dr. Amina Bello,Approved,2026-04-06,Approved for implementation.
STP-000692,MEM-2025-00586,1,Submission,Originator,Funmi Adeyemi,Submitted,2025-11-24,Documentation attached and submitted for review.
STP-000693,MEM-2025-00586,2,Departmental Recommendation,Head of Growth & Strategy,Funmi Adeyemi,Recommended,2025-11-26,Reviewed and recommended for executive decision.
STP-000694,MEM-2025-00586,3,Executive Decision,Managing Director,Dr. Amina Bello,Approved,2025-12-01,Approved for implementation.
STP-000695,MEM-2026-00587,1,Submission,Originator,Ngozi Chukwu,Submitted,2026-05-25,Documentation attached and submitted for review.
STP-000696,MEM-2026-00587,2,Departmental Recommendation,Head of Lending Operations,Adaeze Okonkwo,Recommended,2026-06-01,Reviewed and recommended for executive decision.
STP-000697,MEM-2026-00587,3,Executive Decision,Managing Director,Dr. Amina Bello,Approved,2026-06-04,Approved for implementation.
STP-000698,MEM-2025-00588,1,Submission,Originator,Zainab Yakubu,Submitted,2025-09-15,Documentation attached and submitted for review.
STP-000699,MEM-2025-00588,2,Departmental Recommendation,Head of Human Resources,Grace Ibekwe,Recommended,2025-09-19,Reviewed and recommended for executive decision.
STP-000700,MEM-2025-00588,3,Executive Decision,Managing Director,Dr. Amina Bello,Approved,2025-09-23,Approved for implementation.
STP-000701,MEM-2026-00589,1,Submission,Originator,Peter Adeniyi,Submitted,2026-05-22,Documentation attached and submitted for review.
STP-000702,MEM-2026-00589,2,Departmental Recommendation,Head of Finance & Treasury,Kemi Oladele,Recommended,2026-05-29,Reviewed and recommended for executive decision.
STP-000703,MEM-2025-00590,1,Submission,Originator,Bashir Aliyu,Submitted,2025-11-04,Documentation attached and submitted for review.
STP-000704,MEM-2025-00590,2,Departmental Recommendation,Head of ICT,Emeka Nwosu,Returned,2025-11-10,Returned to originator — supporting documentation incomplete.
STP-000705,MEM-2026-00593,1,Submission,Originator,Musa Garba,Submitted,2026-01-21,Documentation attached and submitted for review.
STP-000706,MEM-2026-00593,2,Departmental Recommendation,Head of Risk & Compliance,Bashir Aliyu,Recommended,2026-01-26,Reviewed and recommended for executive decision.
STP-000707,MEM-2026-00593,3,Executive Decision,Managing Director,Dr. Amina Bello,Declined,2026-02-09,Declined — to be re-presented with revised costing.
STP-000708,MEM-2025-00594,1,Submission,Originator,Zainab Yakubu,Submitted,2025-11-20,Documentation attached and submitted for review.
STP-000709,MEM-2025-00594,2,Departmental Recommendation,Head of Lending Operations,Adaeze Okonkwo,Recommended,2025-11-27,Reviewed and recommended for executive decision.
STP-000710,MEM-2025-00594,3,Executive Decision,Managing Director,Dr. Amina Bello,Declined,2025-11-28,Declined — to be re-presented with revised costing.
STP-000711,MEM-2026-00597,1,Submission,Originator,Ibrahim Bello,Submitted,2026-03-30,Documentation attached and submitted for review.
STP-000712,MEM-2026-00597,2,Departmental Recommendation,Head of Procurement,Ibrahim Bello,Recommended,2026-04-03,Reviewed and recommended for executive decision.
STP-000713,MEM-2026-00598,1,Submission,Originator,Grace Ibekwe,Submitted,2026-01-19,Documentation attached and submitted for review.
STP-000714,MEM-2026-00598,2,Departmental Recommendation,Head of Human Resources,Grace Ibekwe,Recommended,2026-01-20,Reviewed and recommended for executive decision.
STP-000715,MEM-2026-00598,3,Executive Decision,Managing Director,Dr. Amina Bello,Approved,2026-01-28,Approved for implementation.
